Customer_ID,snapshot_date,Age,age_group,occupation_category,Annual_Income,Monthly_Inhand_Salary,Num_Bank_Accounts,Num_Credit_Card,Interest_Rate,Num_of_Loan,Delay_from_due_date,Num_of_Delayed_Payment,Changed_Credit_Limit,Num_Credit_Inquiries,Outstanding_Debt,Credit_Utilization_Ratio,Credit_History_Age,Total_EMI_per_month,Amount_invested_monthly,Monthly_Balance,debt_to_income_ratio,monthly_debt_service_ratio,investment_rate,credit_utilization_category,financial_risk_score,prediction_proba,prediction_label
CUS_0x1000,2023-05-01,18.0,Young,Professional,30625.939453125,2706.16162109375,6.0,5.0,27.0,2.0,57,26.0,1.63,11,1562.9100341796875,30.07719,10 Years and 9 Months,42.94108963012695,77.31427764892578,400.3608,0.05103223,0.015867895,0.028569719,Very_High,6,0.8019503799114814,1
CUS_0x108a,2023-05-01,38.0,Middle,Education_Media,36982.359375,2554.813720703125,7.0,9.0,21.0,9.0,15,15.0,24.61,15,,32.002995,7 Years and 9 Months,,275.8074645996094,84.70884,,,0.107956,Very_High,4,0.781288044045366,1
CUS_0x10f9,2023-05-01,54.0,Senior,Other,,11102.1357421875,5.0,1.0,4.0,0.0,8,0.0,7.49,0,1138.3599853515625,45.255806,31 Years and 11 Months,,180.75914001464844,1328.9382,,,0.016281474,Very_High,2,0.11204637934708934,0
CUS_0x1119,2023-05-01,36.0,Middle,Management,56301.8984375,4593.8251953125,9.0,5.0,26.0,2.0,15,18.0,14.73,14,2161.22998046875,37.381496,14 Years and 6 Months,50.119346618652344,310.8444519042969,378.4187,0.03838645,0.010910155,0.06766571,Very_High,4,0.893754069407575,1
CUS_0x1192,2023-05-01,,Unknown,Management,16319.375,1518.9478759765625,7.0,3.0,1.0,2.0,16,13.0,7.67,9,1275.3199462890625,31.404446,23 Years and 9 Months,16.291128158569336,112.3398666381836,303.2638,0.0781476,0.010725271,0.073959,Very_High,5,0.28319676216970563,0
CUS_0x11b1,2023-05-01,28.0,Adult,Other,34819.828125,2689.652587890625,,3.0,10.0,1.0,14,12.0,7.69,4,905.8900146484375,37.69817,18 Years and 10 Months,22.79539680480957,125.599609375,380.57025,0.026016498,0.00847522,0.046697337,Very_High,4,0.11588468206083465,0
CUS_0x12a7,2023-05-01,37.0,Middle,Management,26450.58984375,2079.2158203125,5.0,6.0,20.0,4.0,24,18.0,11.8,1,952.9000244140625,26.399803,28 Years and 8 Months,73.6701889038086,19.552471160888672,354.6989,0.036025662,0.035431717,0.009403772,Very_High,5,0.3173794018601269,0
CUS_0x12a9,2023-05-01,44.0,Middle,Management,44822.2109375,3555.18408203125,1.0,4.0,2.0,4.0,10,7.0,1.03,0,730.6400146484375,30.058125,24 Years and 1 Months,135.04428100585938,100.05342102050781,370.42072,0.016300848,0.037985172,0.028142964,Very_High,4,0.3952095498446214,0
CUS_0x1340,2023-05-01,42.0,Middle,Technical,40600.609375,3420.38427734375,4.0,7.0,6.0,2.0,9,0.0,5.5,2,1198.9599609375,33.44434,21 Years and 3 Months,63.61485290527344,75.54045104980469,462.88312,0.02953059,0.018598745,0.02208537,Very_High,2,0.255751672353769,0
CUS_0x13d1,2023-05-01,22.0,Young,Skilled_Trade,22020.369140625,1605.0308837890625,5.0,6.0,6.0,3.0,19,6.0,5.14,9,1343.6400146484375,30.789167,26 Years and 4 Months,36.598628997802734,208.74937438964844,205.15508,0.06101805,0.022802446,0.1300594,Very_High,4,0.5634670079593526,1
CUS_0x13eb,2023-05-01,30.0,Adult,Education_Media,9335.1904296875,844.9324951171875,7.0,,26.0,6.0,17,19.0,18.18,12,1860.199951171875,36.575302,13 Years and 10 Months,41.499267578125,82.41954803466797,250.57443,0.19926749,0.049115483,0.09754572,Very_High,5,0.37769469192428623,0
CUS_0x14ba,2023-05-01,20.0,Young,Education_Media,81425.2421875,6579.4365234375,9.0,5.0,26.0,7.0,12,16.0,3.69,9,1729.780029296875,39.143494,14 Years and 2 Months,375.6909484863281,214.33216857910156,337.92056,0.02124378,0.05710078,0.03257607,Very_High,6,0.7205935603659043,1
CUS_0x1577,2023-05-01,23.0,Young,Skilled_Trade,38060.69921875,3197.72509765625,6.0,6.0,31.0,6.0,31,25.0,25.12,12,,23.16132,4 Years and 5 Months,172.41152954101562,219.3005828857422,188.0604,,0.05391693,0.06858019,Very_High,6,0.7438313396468151,1
CUS_0x1616,2023-05-01,33.0,Adult,Technical,34357.9609375,2632.163330078125,7.0,4.0,30.0,5.0,20,9.0,17.88,5,1751.0899658203125,37.681255,6 Years and 3 Months,108.86649322509766,33.64521026611328,370.70462,0.05096606,0.041360084,0.012782342,Very_High,5,0.7440218233849583,1
CUS_0x168d,2023-05-01,34.0,Adult,Management,94559.7265625,7712.9775390625,3.0,6.0,11.0,4.0,12,10.0,5.83,4,52.5,31.190071,28 Years and 5 Months,183.73568725585938,82.65677642822266,754.9053,0.00055520464,0.02382163,0.0107165845,Very_High,4,0.20344323232952874,0
CUS_0x1735,2023-05-01,20.0,Young,Professional,84621.390625,7171.78271484375,0.0,4.0,2.0,0.0,3,6.0,7.7,9,66.51000213623047,26.91445,20 Years and 11 Months,0.0,101.45613861083984,855.7221,0.0007859715,0.0,0.014146572,Very_High,4,0.2904353373760985,0
CUS_0x1786,2023-05-01,23.0,Young,Management,73543.1796875,6038.59814453125,6.0,3.0,11.0,,25,12.0,1.69,5,1090.2099609375,38.986324,17 Years and 6 Months,0.0,191.06532287597656,662.7945,0.014824079,0.0,0.031640675,Very_High,5,0.3242631180652912,0
CUS_0x17a9,2023-05-01,39.0,Middle,Skilled_Trade,83386.5234375,7081.87646484375,10.0,6.0,23.0,7.0,36,24.0,22.3,8,,40.079205,6 Years and 3 Months,,126.23380279541016,339.77408,,,0.017824909,Very_High,6,0.711170310691113,1
CUS_0x17b0,2023-05-01,21.0,Young,Technical,42710.62109375,3766.21826171875,8.0,6.0,13.0,0.0,21,12.0,8.04,4,1172.8699951171875,24.784544,18 Years and 2 Months,0.0,159.97219848632812,486.64963,0.02746085,0.0,0.04247555,Very_High,5,0.5915748292262826,1
CUS_0x17c4,2023-05-01,27.0,Adult,Education_Media,16962.91015625,1359.5758056640625,10.0,10.0,17.0,9.0,54,17.0,17.51,7,3782.929931640625,31.742445,1 Years and 10 Months,,148.3628692626953,208.00847,0.22301185,,0.109124385,Very_High,6,0.7894296556430298,1
CUS_0x1854,2023-05-01,27.0,Adult,Professional,30632.939453125,2535.7451171875,3.0,5.0,1.0,2.0,17,2.0,,2,31.5,37.175808,22 Years and 6 Months,44.89049530029297,219.62303161621094,259.06097,0.0010283048,0.017703079,0.086610846,Very_High,3,0.5490111161071071,1
CUS_0x1962,2023-05-01,36.0,Middle,Skilled_Trade,33645.23828125,2693.77001953125,4.0,6.0,2.0,3.0,8,14.0,14.47,9,1162.6800537109375,34.68918,16 Years and 10 Months,337.5340881347656,107.81546783447266,353.02283,0.034557045,0.12530175,0.040024005,Very_High,4,0.2961292160731697,0
CUS_0x1a87,2023-05-01,35.0,Middle,Skilled_Trade,106030.046875,8628.837890625,7.0,3.0,14.0,,12,14.0,9.51,8,136.52999877929688,41.353127,10 Years and 8 Months,,80.59226989746094,885.7982,0.0012876538,,0.009339876,Very_High,4,0.3685431789268904,0
CUS_0x1b07,2023-05-01,35.0,Middle,Technical,17818.599609375,1659.88330078125,4.0,6.0,14.0,1.0,29,15.0,10.91,3,301.5199890136719,37.162605,18 Years and 10 Months,11.581101417541504,60.468589782714844,353.93863,0.016921643,0.0069770576,0.036429424,Very_High,5,0.2087833378885822,0
CUS_0x1b0c,2023-05-01,41.0,Middle,Management,51508.62109375,4259.384765625,7.0,7.0,30.0,7.0,40,24.0,2.58,8,3636.050048828125,33.258934,10 Years and 4 Months,255.68020629882812,305.0532531738281,135.20505,0.0705911,0.0600275,0.071619086,Very_High,4,0.6073610781285336,1
CUS_0x1bf1,2023-05-01,55.0,Senior,Professional,,3938.193359375,5.0,7.0,7.0,1.0,4,8.0,7.55,2,515.72998046875,38.09666,20 Years and 3 Months,35.374568939208984,265.4920959472656,382.95267,,0.008982436,0.06741469,Very_High,4,0.1540545655033364,0
CUS_0x1c57,2023-05-01,45.0,Middle,Professional,66940.6171875,5717.384765625,3.0,4.0,14.0,4.0,9,10.0,19.9,6,352.9700012207031,30.549704,31 Years and 6 Months,164.21136474609375,100.58137512207031,556.94574,0.0052728825,0.028721413,0.0175922,Very_High,5,0.19431399249286915,0
CUS_0x1cf3,2023-05-01,38.0,Middle,Management,66858.2734375,5770.5224609375,3.0,,20.0,4.0,6,10.0,4.16,9,601.5800170898438,26.853956,28 Years and 4 Months,175.0151824951172,129.2232666015625,532.8138,0.00899784,0.030329175,0.022393685,Very_High,5,0.18664518827328377,0
CUS_0x1d46,2023-05-01,43.0,Middle,Professional,88685.3203125,7417.443359375,0.0,2.0,3.0,4.0,8,4.0,6.75,8,1429.3499755859375,24.950897,22 Years and 0 Months,168.7707977294922,212.38999938964844,630.58356,0.016117098,0.022753231,0.028633855,Very_High,3,0.29817059151847,0
CUS_0x1db4,2023-05-01,38.0,Middle,Skilled_Trade,116798.359375,9912.1962890625,8.0,7.0,7.0,4.0,15,13.0,6.51,0,1399.72998046875,30.178072,26 Years and 8 Months,256.21661376953125,,543.408,0.011984158,0.025848622,,Very_High,5,0.2745344582522869,0
CUS_0x1e41,2023-05-01,34.0,Adult,Professional,133646.046875,11429.169921875,4.0,5.0,11.0,2.0,7,6.0,2.43,3,1290.9200439453125,36.492355,33 Years and 5 Months,114.24824523925781,148.88108825683594,1119.7877,0.009659246,0.009996198,0.0130264135,Very_High,4,0.15423450929586907,0
CUS_0x1e96,2023-05-01,29.0,Adult,Other,17187.26953125,1589.2724609375,10.0,7.0,24.0,8.0,50,15.0,7.79,8,,29.185747,5 Years and 0 Months,90.56454467773438,121.8084945678711,236.55421,,0.05698491,0.07664419,Very_High,6,0.8264253981061656,1
CUS_0x1ecf,2023-05-01,,Unknown,Professional,19922.109375,1508.17578125,7.0,6.0,27.0,9.0,41,20.0,23.54,7,,30.810093,2 Years and 2 Months,111.90992736816406,127.23229217529297,181.67535,,0.07420218,0.08436171,Very_High,4,0.42324338360459635,0
CUS_0x1ee3,2023-05-01,35.0,Middle,Professional,15950.66015625,1047.2216796875,9.0,8.0,26.0,9.0,57,23.0,9.01,9,2598.2099609375,36.150715,16 Years and 3 Months,63.85540008544922,134.39776611328125,196.469,0.16289043,0.06097601,0.12833746,Very_High,6,0.8249831743415021,1
CUS_0x1ef1,2023-05-01,30.0,Adult,Professional,30567.4609375,2323.288330078125,8.0,3.0,5.0,,7,15.0,5.54,8,909.739990234375,29.05775,23 Years and 6 Months,43.22960662841797,103.79107666015625,375.30817,0.029761713,0.018607078,0.044674214,Very_High,4,0.14589458310759987,0
CUS_0x1f87,2023-05-01,30.0,Adult,Education_Media,29111.0703125,2501.922607421875,8.0,6.0,11.0,2.0,19,18.0,13.43,10,279.95001220703125,25.34141,10 Years and 10 Months,29.941930770874023,73.12210083007812,397.1282,0.009616617,0.011967569,0.029226365,Very_High,5,0.310647332933279,0
CUS_0x1fe3,2023-05-01,28.0,Adult,Management,76386.0390625,6515.50341796875,8.0,7.0,24.0,7.0,58,15.0,8.02,10,,28.871418,8 Years and 11 Months,354.2334899902344,,432.87302,,0.054367784,,Very_High,6,0.7723752751664459,1
CUS_0x203c,2023-05-01,26.0,Adult,Technical,48008.0703125,4135.67236328125,7.0,5.0,17.0,9.0,31,13.0,25.74,15,3532.090087890625,35.87391,7 Years and 6 Months,,99.09814453125,279.37018,0.07357284,,0.023961797,Very_High,4,0.5605023336157267,1
CUS_0x2043,2023-05-01,29.0,Adult,Management,44614.55859375,3500.8798828125,8.0,7.0,,4.0,18,11.0,12.71,8,2613.4599609375,37.696907,19 Years and 0 Months,134.6629638671875,199.27774047851562,373.58795,0.058578636,0.038465463,0.056922186,Very_High,5,0.8607276155876497,1
CUS_0x20bf,2023-05-01,23.0,Young,Technical,22380.1796875,1385.2645263671875,5.0,6.0,14.0,3.0,18,16.0,0.58,6,939.02001953125,32.907322,22 Years and 11 Months,272.6659240722656,164.50856018066406,249.57748,0.04195766,0.1968331,0.11875606,Very_High,5,0.5806039130039838,1
CUS_0x20da,2023-05-01,33.0,Adult,Skilled_Trade,102447.390625,8347.2822265625,5.0,4.0,4.0,0.0,7,9.0,8.54,5,190.47999572753906,29.553644,33 Years and 3 Months,0.0,198.6379852294922,876.0903,0.0018592958,0.0,0.023796726,Very_High,4,0.1833999279314967,0
CUS_0x21fa,2023-05-01,37.0,Middle,Management,29357.849609375,2665.487548828125,5.0,4.0,17.0,3.0,19,11.0,12.09,4,848.0399780273438,29.468327,7 Years and 6 Months,45.65052032470703,76.34640502929688,394.55182,0.02888631,0.017126517,0.028642567,Very_High,4,0.2627491781539807,0
CUS_0x221f,2023-05-01,28.0,Adult,Technical,18733.0390625,1456.086669921875,10.0,8.0,22.0,9.0,35,21.0,28.12,13,,33.174957,3 Years and 4 Months,135.92324829101562,38.46759033203125,251.21783,,0.093348324,0.026418475,Very_High,6,0.7504660508210504,1
CUS_0x2240,2023-05-01,28.0,Adult,Management,14089.5947265625,1350.1329345703125,4.0,7.0,12.0,2.0,13,18.0,9.68,6,586.6900024414062,39.05413,11 Years and 3 Months,13.369254112243652,153.64797973632812,257.99606,0.04163995,0.009902176,0.11380211,Very_High,5,0.15863461426741973,0
CUS_0x2242,2023-05-01,39.0,Middle,Education_Media,39399.8984375,3487.324951171875,6.0,6.0,17.0,2.0,27,18.0,18.62,15,2206.860107421875,36.486656,12 Years and 0 Months,43.17129898071289,73.46371459960938,472.09747,0.056011822,0.012379489,0.021065922,Very_High,5,0.8610934840796538,1
CUS_0x226a,2023-05-01,23.0,Young,Technical,14128.6796875,884.3900146484375,4.0,,9.0,2.0,3,18.0,14.32,4,314.55999755859375,38.69434,20 Years and 0 Months,12.07667064666748,37.63882827758789,328.7235,0.022263935,0.013655367,0.042559084,Very_High,5,0.11317254060486151,0
CUS_0x2296,2023-05-01,33.0,Adult,Other,75175.4609375,6492.62158203125,4.0,1.0,7.0,2.0,11,6.0,10.13,4,170.6199951171875,30.830898,20 Years and 4 Months,100.37920379638672,209.57571411132812,589.30725,0.0022696236,0.015460504,0.03227906,Very_High,4,0.18919137480330186,0
CUS_0x22e0,2023-05-01,43.0,Middle,Technical,17393.16015625,1230.4300537109375,7.0,8.0,23.0,,20,23.0,0.83,8,1396.219970703125,29.722137,15 Years and 9 Months,101.08795928955078,81.99052429199219,209.96452,0.08027408,0.082156606,0.06663566,Very_High,6,0.646762552350631,1
CUS_0x2350,2023-05-01,37.0,Middle,Technical,109782.3203125,9439.5263671875,4.0,4.0,19.0,2.0,27,9.0,7.78,5,426.3999938964844,29.7546,28 Years and 9 Months,92.52665710449219,302.3426818847656,799.0833,0.0038840498,0.009802044,0.032029435,Very_High,5,0.36132610321596037,0
CUS_0x23ae,2023-05-01,24.0,Young,Education_Media,34838.94140625,2895.2451171875,3.0,9.0,20.0,5.0,28,15.0,14.56,7,1958.280029296875,25.126314,15 Years and 9 Months,74.41339111328125,102.34645080566406,362.76465,0.056209516,0.02570193,0.03534984,Very_High,5,0.8376552494353043,1
CUS_0x2408,2023-05-01,30.0,Adult,Skilled_Trade,8753.205078125,919.4337768554688,7.0,6.0,21.0,8.0,35,24.0,6.87,12,2355.659912109375,31.838297,14 Years and 4 Months,41.75898361206055,38.43528747558594,291.7491,0.2691197,0.04541815,0.041803215,Very_High,6,0.5895990440742225,1
CUS_0x2473,2023-05-01,32.0,Adult,Professional,66614.640625,5704.22021484375,6.0,4.0,27.0,7.0,24,10.0,15.27,10,1287.550048828125,38.346436,12 Years and 6 Months,241.37144470214844,129.51536560058594,449.5352,0.019328335,0.042314537,0.022705182,Very_High,5,0.5315080530694849,1
CUS_0x247b,2023-05-01,45.0,Middle,Professional,28766.279296875,2582.18994140625,4.0,3.0,3.0,2.0,7,1.0,4.51,3,263.4200134277344,29.13093,20 Years and 2 Months,45.6872673034668,79.02153778076172,383.5102,0.00915725,0.017693225,0.030602528,Very_High,3,0.14956961922545764,0
CUS_0x24cf,2023-05-01,21.0,Young,Professional,28187.349609375,2201.94580078125,6.0,5.0,12.0,4.0,8,14.0,20.09,9,321.760009765625,36.209557,16 Years and 3 Months,83.61723327636719,25.810911178588867,350.76645,0.01141505,0.037974246,0.011721865,Very_High,5,0.2133579516331201,0
CUS_0x24fc,2023-05-01,22.0,Young,Management,22320.32421875,1966.027099609375,0.0,7.0,9.0,3.0,22,1.0,4.63,4,983.1199951171875,33.72403,19 Years and 3 Months,40.926979064941406,123.77501678466797,321.90073,0.044045955,0.020817097,0.06295692,Very_High,3,0.8106378462056282,1
CUS_0x2567,2023-05-01,49.0,Middle,Professional,34239.0703125,2916.255859375,3.0,4.0,10.0,0.0,11,11.0,7.83,1,504.44000244140625,33.38085,21 Years and 3 Months,0.0,333.7757873535156,247.84981,0.014732877,0.0,0.11445353,Very_High,4,0.07218279803834662,0
CUS_0x258b,2023-05-01,24.0,Young,Professional,66502.7578125,5379.896484375,0.0,6.0,1.0,2.0,29,10.0,7.06,2,276.9100036621094,35.513554,19 Years and 3 Months,80.10017395019531,149.12928771972656,558.7602,0.0041638874,0.014888795,0.027719732,Very_High,4,0.6787005905981618,1
CUS_0x26d0,2023-05-01,45.0,Middle,Other,56705.69921875,4955.47509765625,3.0,6.0,5.0,2.0,2,6.0,11.4,4,207.42999267578125,26.029202,17 Years and 10 Months,61.27521896362305,67.73572540283203,616.53656,0.0036580097,0.012365155,0.013668866,Very_High,4,0.3294518902922111,0
CUS_0x270e,2023-05-01,19.0,Young,Education_Media,15165.1396484375,1505.76171875,10.0,7.0,25.0,9.0,59,15.0,23.91,7,3001.52001953125,26.610155,1 Years and 5 Months,67.7652816772461,189.7470245361328,183.06386,0.19792235,0.045003988,0.12601398,Very_High,6,0.6876184011438214,1
CUS_0x2777,2023-05-01,32.0,Adult,Professional,58873.05078125,4896.08740234375,4.0,4.0,16.0,7.0,24,9.0,18.07,10,1039.199951171875,30.64492,13 Years and 10 Months,203.85487365722656,52.488250732421875,473.26562,0.01765154,0.04163628,0.010720448,Very_High,5,0.2656523413256906,0
CUS_0x2803,2023-05-01,31.0,Adult,Management,37159.0,3299.583251953125,5.0,4.0,15.0,4.0,16,20.0,13.43,8,1051.3499755859375,36.509583,16 Years and 4 Months,74.60342407226562,26.735742568969727,468.61917,0.02829328,0.022609953,0.008102763,Very_High,5,0.5313219632319754,1
CUS_0x280b,2023-05-01,27.0,Adult,Technical,34841.87109375,3025.4892578125,1.0,7.0,1.0,2.0,1,,2.24,6,142.0500030517578,38.35118,31 Years and 2 Months,33.36609649658203,174.87408447265625,374.30875,0.004076991,0.011028331,0.057800267,Very_High,2,0.2882743013631738,0
CUS_0x282a,2023-05-01,15.0,Young,Technical,7360.56005859375,819.3800048828125,6.0,4.0,14.0,2.0,13,5.0,12.49,2083,2534.169921875,31.208422,9 Years and 4 Months,6.442169666290283,74.3599624633789,291.13586,0.34429038,0.007862249,0.0907515,Very_High,3,0.8684160073626532,1
CUS_0x2879,2023-05-01,42.0,Middle,Professional,8796.9052734375,545.075439453125,9.0,10.0,19.0,8.0,57,20.0,24.37,12,,39.262222,3 Years and 4 Months,49.490726470947266,34.228763580322266,260.78806,,0.090796106,0.06279638,Very_High,4,0.6130625354187162,1
CUS_0x2950,2023-05-01,46.0,Middle,Technical,33185.6015625,2629.466552734375,0.0,,5.0,1.0,14,6.0,5.5,1,1340.52001953125,38.155064,33 Years and 4 Months,17.07939338684082,169.469970703125,336.3973,0.040394627,0.0064953836,0.06445032,Very_High,4,0.31572861303336586,0
CUS_0x295f,2023-05-01,22.0,Young,Technical,19436.3046875,1849.692138671875,4.0,2.0,8.0,4.0,3,5.0,9.64,2,244.27000427246094,38.263443,25 Years and 9 Months,,23.369182586669922,369.15463,0.0125677185,,0.012634093,Very_High,3,0.15407630397845806,0
CUS_0x2976,2023-05-01,27.0,Adult,Management,30155.08984375,2217.924072265625,6.0,5.0,14.0,3.0,7,19.0,9.75,4,972.3499755859375,32.19638,29 Years and 2 Months,75.10935974121094,196.14205932617188,240.541,0.03224497,0.03386471,0.08843497,Very_High,5,0.4060091712735014,0
CUS_0x2a08,2023-05-01,43.0,Middle,Professional,20039.580078125,1862.9649658203125,6.0,6.0,17.0,6.0,21,18.0,2.28,6,2507.449951171875,32.90948,20 Years and 6 Months,64.03853607177734,24.952821731567383,337.30515,0.12512487,0.034374524,0.013394144,Very_High,6,0.744678943541624,1
CUS_0x2a83,2023-05-01,22.0,Young,Professional,140794.59375,11465.8837890625,6.0,7.0,13.0,3.0,27,10.0,7.81,2,288.9200134277344,24.88935,28 Years and 11 Months,330.1968078613281,,468.43146,0.0020520675,0.0287982,,Very_High,5,0.5174726262264736,1
CUS_0x2a9a,2023-05-01,31.0,Adult,Technical,100791.5703125,8436.2978515625,2.0,5.0,11.0,1.0,6,4.0,11.33,0,1336.43994140625,37.473305,33 Years and 4 Months,53.08360290527344,,482.27133,0.013259442,0.0062922863,,Very_High,3,0.3446125028758535,0
CUS_0x2ad6,2023-05-01,17.0,Young,Professional,7127.455078125,784.95458984375,10.0,5.0,34.0,6.0,15,25.0,26.31,9,2698.320068359375,33.33361,8 Years and 5 Months,35.09429931640625,67.388671875,266.01248,0.37858114,0.0447087,0.08585041,Very_High,6,0.6102490339474633,1
CUS_0x2b94,2023-05-01,48.0,Middle,Professional,24372.880859375,1981.0733642578125,5.0,6.0,13.0,3.0,26,12.0,0.4,3,719.47998046875,32.423378,28 Years and 9 Months,55.349578857421875,169.224609375,263.53314,0.029519694,0.027939187,0.08542067,Very_High,4,0.3529699999819373,0
CUS_0x2c18,2023-05-01,19.0,Young,Skilled_Trade,56183.7890625,4597.982421875,6.0,9.0,22.0,6.0,52,16.0,13.22,15,2236.800048828125,27.605532,7 Years and 5 Months,213.3114013671875,186.8934783935547,309.59338,0.039812196,0.046392392,0.040646844,Very_High,4,0.8135315475786193,1
CUS_0x2c54,2023-05-01,52.0,Senior,Other,49497.33984375,4201.7783203125,8.0,4.0,8.0,4.0,12,14.0,1.29,5,129.5,23.129925,24 Years and 10 Months,151.74342346191406,262.8623962402344,275.57202,0.002616302,0.036114097,0.0625598,Very_High,5,0.1906122028714597,0
CUS_0x2c6a,2023-05-01,39.0,Middle,Education_Media,99995.21875,8560.9345703125,0.0,3.0,8.0,1.0,6,4.0,11.32,6,526.7999877929688,34.680107,32 Years and 3 Months,66.42833709716797,163.4775848388672,876.18756,0.005268252,0.0077594724,0.019095764,Very_High,3,0.47664717668734347,0
CUS_0x2c87,2023-05-01,55.0,Senior,Education_Media,33103.8515625,2512.654052734375,3.0,3.0,14.0,3.0,29,19.0,10.39,3,521.9199829101562,27.77847,25 Years and 8 Months,73.93236541748047,135.34512329101562,331.98795,0.01576614,0.029424014,0.053865403,Very_High,4,0.2539280221623551,0
CUS_0x2c99,2023-05-01,19.0,Young,Education_Media,9648.2197265625,931.018310546875,9.0,5.0,26.0,7.0,47,20.0,1.07,12,2505.919921875,30.544353,11 Years and 2 Months,52.689369201660156,109.15658569335938,221.25587,0.25972873,0.05659327,0.117244296,Very_High,4,0.7241138961427893,1
CUS_0x2cb1,2023-05-01,26.0,Adult,Professional,42021.69921875,3386.808349609375,8.0,7.0,3.0,4.0,17,12.0,10.93,4,271.55999755859375,34.810177,23 Years and 8 Months,109.01734161376953,33.94688415527344,435.7166,0.0064623756,0.032188814,0.010023267,Very_High,5,0.4864642543893264,0
CUS_0x2db7,2023-05-01,27.0,Adult,Professional,49023.21875,4161.2685546875,5.0,5.0,13.0,2.0,6,9.0,11.48,3,270.20001220703125,33.9535,26 Years and 11 Months,62.74107360839844,44.560150146484375,548.8256,0.005511674,0.015077391,0.010708309,Very_High,5,0.24462392782361203,0
CUS_0x2dd5,2023-05-01,53.0,Senior,Management,76476.65625,6536.05517578125,1.0,2.0,10.0,,-2,4.0,-1.22,3,1020.6900024414062,36.34605,21 Years and 0 Months,108.96136474609375,,507.49213,0.013346425,0.016670814,,Very_High,3,0.3470541095703591,0
CUS_0x2deb,2023-05-01,21.0,Young,Education_Media,50352.08984375,4315.00732421875,3.0,7.0,15.0,2.0,7,9.0,18.13,7,1385.989990234375,26.136913,17 Years and 3 Months,60.32243347167969,,450.84335,0.027525967,0.013979683,,Very_High,5,0.4753924606640802,0
CUS_0x2e5e,2023-05-01,30.0,Adult,Professional,16045.125,1361.09375,1.0,6.0,10.0,4.0,15,2.0,5.79,1,1013.239990234375,35.256996,21 Years and 0 Months,30.29332160949707,174.90322875976562,220.91281,0.0631494,0.022256602,0.12850197,Very_High,3,0.5121575897543638,1
CUS_0x2ed7,2023-05-01,28.0,Adult,Management,53460.9296875,4528.07763671875,8.0,10.0,27.0,6.0,19,18.0,8.31,7,1364.030029296875,30.511408,16 Years and 0 Months,251.8964385986328,46.01205062866211,394.89926,0.02551452,0.055629887,0.010161498,Very_High,6,0.7274877575902071,1
CUS_0x2ff6,2023-05-01,35.0,Middle,Professional,12421.1201171875,1002.0933227539062,7.0,3.0,11.0,4.0,15,14.0,1.95,3,685.1799926757812,37.826756,21 Years and 5 Months,29.3793888092041,113.951416015625,277.49997,0.055162497,0.029318016,0.113713376,Very_High,5,0.21742559302093328,0
CUS_0x3023,2023-05-01,29.0,Adult,Skilled_Trade,32613.6796875,2696.806640625,9.0,5.0,28.0,7.0,20,16.0,29.65,12,,30.234688,2 Years and 11 Months,116.68853759765625,48.19196701049805,344.80017,,0.043269154,0.017870013,Very_High,6,0.6771182438972919,1
CUS_0x3077,2023-05-01,30.0,Adult,Professional,32300.640625,2566.719970703125,6.0,7.0,28.0,5.0,45,11.0,9.12,6,2092.64990234375,31.682539,14 Years and 2 Months,102.66789245605469,,302.83093,0.064786635,0.039999645,,Very_High,4,0.7133191934764342,1
CUS_0x3091,2023-05-01,34.0,Adult,Technical,76992.71875,6558.06005859375,6.0,7.0,33.0,5.0,14,18.0,12.48,9,1594.5,28.94007,11 Years and 3 Months,284.94281005859375,,189.9167,0.020709751,0.043449253,,Very_High,5,0.551121875453469,1
CUS_0x30f7,2023-05-01,35.0,Middle,Education_Media,36048.078125,2949.006591796875,3.0,7.0,14.0,2.0,24,13.0,19.7,6,571.0599975585938,37.36521,14 Years and 2 Months,45.77263641357422,64.65315246582031,434.47488,0.015841622,0.0155213745,0.021923706,Very_High,4,0.3376590190678797,0
CUS_0x3191,2023-05-01,21.0,Young,Management,89864.28125,7538.68994140625,5.0,5.0,1.0,3.0,15,7.0,2.12,2,620.760009765625,28.406414,18 Years and 9 Months,173.04441833496094,,88.579636,0.0069077504,0.022954177,,Very_High,4,0.40800925873417787,0
CUS_0x31d5,2023-05-01,,Unknown,Professional,15488.884765625,1273.7403564453125,0.0,4.0,4.0,0.0,10,0.0,1.38,9,1287.5899658203125,39.432106,25 Years and 9 Months,0.0,155.91867065429688,261.45538,0.083129935,0.0,0.12241009,Very_High,2,0.4175909382915181,0
CUS_0x3201,2023-05-01,26.0,Adult,Professional,35336.76953125,2893.730712890625,4.0,5.0,16.0,2.0,9,14.0,4.76,2,1172.8699951171875,33.649967,32 Years and 9 Months,31.402437210083008,41.734519958496094,473.6782,0.033191208,0.010851886,0.0144223925,Very_High,5,0.1709783595036815,0
CUS_0x32b8,2023-05-01,51.0,Senior,Technical,21960.095703125,1732.0079345703125,4.0,2.0,7.0,1.0,1,3.0,8.58,4,1246.989990234375,30.590889,29 Years and 5 Months,17.783519744873047,104.26463317871094,341.15265,0.05678436,0.010267574,0.060198706,Very_High,3,0.44979029957199895,0
CUS_0x3319,2023-05-01,27.0,Adult,Other,39870.01171875,3578.500732421875,3.0,3.0,5.0,3.0,1,0.0,6.72,2,812.8099975585938,33.812656,26 Years and 8 Months,61.936180114746094,51.43308639526367,494.4808,0.0203865,0.017307857,0.014372803,Very_High,2,0.16399343987281334,0
CUS_0x333e,2023-05-01,25.0,Adult,Technical,54843.69140625,4438.3076171875,6.0,7.0,32.0,9.0,56,22.0,17.83,8,,40.911114,9 Years and 9 Months,,,315.57983,,,,Very_High,6,0.5827765724568335,1
CUS_0x3340,2023-05-01,21.0,Young,Education_Media,96040.5625,7814.3798828125,2.0,5.0,3.0,4.0,16,12.0,9.75,1,105.88999938964844,37.206177,29 Years and 2 Months,182.19190979003906,95.3831787109375,753.8629,0.001102555,0.023314955,0.01220611,Very_High,4,0.5320299239039219,1
CUS_0x347b,2023-05-01,30.0,Adult,Professional,17816.7890625,1517.7325439453125,6.0,5.0,31.0,5.0,16,21.0,8.44,7,1793.0400390625,30.130201,11 Years and 11 Months,54.01042938232422,148.73345947265625,239.02936,0.10063767,0.035586264,0.097997144,Very_High,4,0.6381233955214597,1
CUS_0x3489,2023-05-01,47.0,Middle,Skilled_Trade,106520.640625,8919.7197265625,2.0,5.0,12.0,4.0,7,3.0,6.03,2,353.010009765625,37.280743,16 Years and 5 Months,192.88748168945312,402.2916259765625,586.7929,0.0033140057,0.021624837,0.045101374,Very_High,3,0.4372435002033818,0
CUS_0x34c9,2023-05-01,35.0,Middle,Management,7200.0048828125,482.00042724609375,6.0,9.0,17.0,8.0,61,21.0,-2.46,9,2870.919921875,36.492573,3 Years and 8 Months,42.78617858886719,31.3612003326416,264.05267,0.3987386,0.08876792,0.065064676,Very_High,6,0.8093416878301666,1
CUS_0x34ed,2023-05-01,40.0,Middle,Education_Media,20138.9453125,1940.245361328125,4.0,5.0,6.0,2.0,9,5.0,4.05,4,1201.1400146484375,37.3638,23 Years and 2 Months,23.32435417175293,77.51842498779297,368.51758,0.059642646,0.012021342,0.039952897,Very_High,3,0.23813847622032633,0
CUS_0x3507,2023-05-01,20.0,Young,Professional,59459.0703125,4502.9736328125,6.0,10.0,17.0,4.0,40,15.0,11.19,11,1736.2099609375,30.093267,6 Years and 10 Months,,318.25518798828125,130.61737,0.029200086,,0.07067667,Very_High,5,0.8592665884059058,1
CUS_0x35bd,2023-05-01,34.0,Adult,Management,,1476.663330078125,7.0,6.0,26.0,6.0,56,18.0,12.09,8,2168.5400390625,29.96472,11 Years and 3 Months,76.90780639648438,11.694421768188477,299.06412,,0.052082155,0.007919491,Very_High,4,0.7832132669796142,1
CUS_0x35cb,2023-05-01,42.0,Middle,Education_Media,78658.15625,6390.8466796875,5.0,3.0,3.0,1.0,14,8.0,6.86,1,195.2100067138672,24.167356,16 Years and 9 Months,38.911781311035156,209.11639404296875,641.05646,0.0024817516,0.006088674,0.032721236,Very_High,4,0.15967643867277712,0
CUS_0x35e6,2023-05-01,40.0,Middle,Other,34625.23828125,3006.436767578125,,6.0,10.0,5.0,18,13.0,12.87,7,2386.4599609375,32.239815,18 Years and 0 Months,117.7523193359375,50.36181640625,382.52954,0.06892256,0.039166737,0.01675133,Very_High,4,0.4338183415355416,0
CUS_0x36b4,2023-05-01,44.0,Middle,Skilled_Trade,17060.705078125,1685.7254638671875,8.0,3.0,11.0,4.0,24,8.0,9.64,6,268.80999755859375,37.723473,22 Years and 8 Months,51.934635162353516,61.047420501708984,315.59048,0.01575609,0.030808477,0.036214333,Very_High,5,0.26091602728564145,0
CUS_0x3768,2023-05-01,32.0,Adult,Education_Media,17517.55078125,1293.7957763671875,8.0,7.0,4.0,0.0,3,16.0,10.07,6,1321.22998046875,25.468582,15 Years and 8 Months,0.0,102.24182891845703,317.13776,0.07542321,0.0,0.0790247,Very_High,4,0.5684976063380413,1
CUS_0x3777,2023-05-01,56.0,Senior,Professional,35012.78125,2964.731689453125,8.0,4.0,9.0,2.0,26,15.0,10.06,0,279.5299987792969,36.311577,31 Years and 9 Months,,244.80531311035156,280.2598,0.007983656,,0.082572505,Very_High,5,0.17867612051754742,0
CUS_0x37e3,2023-05-01,20.0,Young,Management,13251.5703125,1220.2974853515625,7.0,7.0,6.0,2.0,26,19.0,11.3,6,298.5799865722656,26.851744,29 Years and 10 Months,12.5538911819458,34.893314361572266,324.58255,0.022531668,0.010287566,0.028594105,Very_High,4,0.38659012642055096,0
CUS_0x3866,2023-05-01,28.0,Adult,Education_Media,20677.0,1843.0833740234375,3.0,5.0,20.0,5.0,29,17.0,18.3,8,2374.0400390625,34.80851,19 Years and 4 Months,53.35272216796875,28.733394622802734,352.22223,0.114815496,0.028947536,0.015589851,Very_High,5,0.5878273145945355,1
CUS_0x38c1,2023-05-01,24.0,Young,Management,31217.33984375,2598.445068359375,9.0,10.0,16.0,6.0,15,22.0,6.63,14,2495.35009765625,25.076998,12 Years and 9 Months,81.69618225097656,235.06944274902344,233.07887,0.079934746,0.03144041,0.09046543,Very_High,4,0.7028273174176154,1
CUS_0x3910,2023-05-01,41.0,Middle,Skilled_Trade,63661.6015625,5598.13330078125,3.0,5.0,16.0,2.0,20,7.0,1.03,1,1167.199951171875,30.282635,28 Years and 3 Months,69.43553161621094,,297.4421,0.018334443,0.012403336,,Very_High,5,0.3089641897182865,0
CUS_0x3913,2023-05-01,28.0,Adult,Education_Media,101203.0,8675.5830078125,8.0,4.0,6.0,4.0,25,13.0,3.08,1,598.9400024414062,23.339542,24 Years and 6 Months,278.9073181152344,,274.74313,0.005918204,0.03214854,,Very_High,4,0.3416467994097397,0
CUS_0x39d4,2023-05-01,45.0,Middle,Technical,73507.3984375,6146.61669921875,8.0,7.0,18.0,7.0,37,16.0,-0.54,10,1660.97998046875,30.364965,16 Years and 2 Months,,,65.311165,0.022596093,,,Very_High,6,0.7093428604125471,1
CUS_0x3a0b,2023-05-01,49.0,Middle,Education_Media,,,0.0,,8.0,1.0,8,1.0,1.17,4,576.47998046875,24.753971,19 Years and 6 Months,86.9058609008789,,505.82797,,,,Very_High,3,0.3684235151808346,0
CUS_0x3b2b,2023-05-01,33.0,Adult,Skilled_Trade,22219.5703125,1687.630859375,7.0,5.0,8.0,3.0,8,18.0,13.23,13,502.7799987792969,27.972757,5 Years and 10 Months,35.33647918701172,37.552757263183594,335.87384,0.0226278,0.020938512,0.02225176,Very_High,4,0.2469403110976708,0
CUS_0x3b36,2023-05-01,44.0,Middle,Professional,79205.359375,6520.44677734375,1.0,7.0,4.0,0.0,0,0.0,10.59,9,1379.1400146484375,27.766867,25 Years and 5 Months,0.0,,477.9698,0.017412206,0.0,,Very_High,2,0.5059204434489122,1
CUS_0x3b89,2023-05-01,19.0,Young,Management,17923.05078125,1663.5875244140625,10.0,8.0,19.0,7.0,27,19.0,6.54,13,3549.7099609375,27.00074,14 Years and 5 Months,63.1554069519043,34.62791442871094,328.57544,0.19805278,0.03796338,0.020815205,Very_High,4,0.8254679194728882,1
CUS_0x3bb8,2023-05-01,36.0,Middle,Other,41077.12109375,3390.09326171875,9.0,7.0,29.0,,62,23.0,1.19,12,1507.8900146484375,39.834293,10 Years and 0 Months,199.58399963378906,,150.28023,0.036708757,0.05887272,,Very_High,6,0.6210716026902395,1
CUS_0x3be2,2023-05-01,33.0,Adult,Professional,72287.5234375,5910.9599609375,4.0,10.0,30.0,4.0,8,12.0,17.85,16,1802.43994140625,35.774956,17 Years and 4 Months,175.96517944335938,121.62972259521484,533.5011,0.024934316,0.029769307,0.020576984,Very_High,5,0.7870363730382139,1
CUS_0x3c09,2023-05-01,18.0,Young,Skilled_Trade,33687.4609375,2395.611572265625,4.0,3.0,20.0,5.0,13,15.0,9.24,8,702.5700073242188,27.16433,19 Years and 11 Months,,27.244243621826172,375.25998,0.020855535,,0.011372563,Very_High,5,0.2502027569679555,0
CUS_0x3c46,2023-05-01,15.0,Young,Other,71933.703125,6091.47509765625,3.0,,12.0,2.0,27,11.0,18.78,7,661.9000244140625,38.11526,20 Years and 6 Months,62.45661926269531,423.9723815917969,498.8679,0.0092015285,0.010253119,0.06960094,Very_High,5,0.25003326712347623,0
CUS_0x3d26,2023-05-01,22.0,Young,Professional,26939.94921875,2466.995849609375,7.0,3.0,10.0,2.0,9,16.0,19.65,7,826.5700073242188,28.813515,19 Years and 8 Months,35.48240661621094,81.5787124633789,379.63846,0.030681944,0.01438284,0.03306804,Very_High,5,0.1676017843954869,0
CUS_0x3d51,2023-05-01,21.0,Young,Management,34927.0,2920.583251953125,6.0,4.0,4.0,0.0,13,21.0,11.36,6,1158.550048828125,38.87803,26 Years and 8 Months,0.0,82.21284484863281,459.8455,0.033170614,0.0,0.028149461,Very_High,4,0.2984448281411153,0
CUS_0x3d9c,2023-05-01,50.0,Senior,Skilled_Trade,19809.26953125,1711.7724609375,5.0,5.0,8.0,1.0,2,0.0,7.23,2,562.3400268554688,34.673977,30 Years and 4 Months,14.058627128601074,22.95431137084961,374.1643,0.028387722,0.008212906,0.013409674,Very_High,2,0.1591010680762334,0
CUS_0x3de0,2023-05-01,28.0,Adult,Management,33604.578125,2987.381591796875,3.0,6.0,12.0,3.0,6,8.0,3.6,0,509.3699951171875,31.977089,22 Years and 10 Months,79.04757690429688,136.4622802734375,343.2283,0.015157756,0.02646049,0.04567956,Very_High,4,0.16501542560359866,0
CUS_0x3f18,2023-05-01,41.0,Middle,Professional,30988.5390625,2827.37841796875,6.0,6.0,6.0,7.0,27,18.0,8.4,8,189.27999877929688,25.313837,13 Years and 10 Months,158.5492401123047,36.3816032409668,327.80698,0.0061080647,0.056076415,0.01286761,Very_High,5,0.2510063024489556,0
CUS_0x3f6,2023-05-01,56.0,Senior,Management,60244.71875,5197.3935546875,6.0,6.0,2.0,3.0,29,18.0,6.53,3,989.4199829101562,33.21167,22 Years and 8 Months,105.6624755859375,,233.00217,0.016423348,0.020329896,,Very_High,4,0.46333707190031437,0
CUS_0x3f9,2023-05-01,27.0,Adult,Professional,18060.640625,1280.0533447265625,8.0,7.0,23.0,3.0,29,25.0,3.13,7,1384.9599609375,25.583563,17 Years and 8 Months,30.223228454589844,102.70625305175781,285.07584,0.07668388,0.023610914,0.08023591,Very_High,6,0.6549301586435675,1
CUS_0x404d,2023-05-01,28.0,Adult,Professional,58132.12109375,4944.34326171875,10.0,10.0,30.0,8.0,65,23.0,23.23,15,,32.211765,14 Years and 2 Months,254.75767517089844,364.0947265625,145.58192,,0.05152508,0.07363864,Very_High,4,0.8071177616874444,1
CUS_0x40a3,2023-05-01,43.0,Middle,Professional,60224.33984375,5028.69482421875,1.0,8.0,5.0,0.0,28,1.0,3.83,4,1261.4599609375,30.114285,23 Years and 3 Months,0.0,107.91922760009766,634.95026,0.020946015,0.0,0.021460684,Very_High,3,0.4591971361361056,0
CUS_0x4122,2023-05-01,35.0,Middle,Other,33836.12890625,2589.677490234375,3.0,4.0,6.0,1.0,21,10.0,9.97,3,736.7100219726562,24.829174,22 Years and 10 Months,21.129138946533203,118.70835876464844,379.13025,0.021772882,0.008158985,0.045839053,Very_High,4,0.5207146847159824,1
CUS_0x412f,2023-05-01,23.0,Young,Management,29437.240234375,2645.103271484375,6.0,7.0,34.0,5.0,15,21.0,24.16,14,3377.590087890625,36.958176,4 Years and 8 Months,116.00434875488281,272.69000244140625,165.816,0.11473868,0.043856263,0.10309239,Very_High,6,0.4460838753341044,0
CUS_0x417b,2023-05-01,38.0,Middle,Technical,29777.30078125,2530.441650390625,10.0,10.0,31.0,5.0,18,16.0,2.77,16,1874.199951171875,34.368244,6 Years and 10 Months,,30.082944869995117,357.1371,0.06294056,,0.0118884165,Very_High,6,0.7704618281806004,1
CUS_0x4182,2023-05-01,41.0,Middle,Education_Media,28131.619140625,2510.3017578125,8.0,4.0,6.0,2.0,21,8.0,2.27,0,888.8200073242188,28.489069,31 Years and 8 Months,35.00668716430664,68.59522247314453,397.42825,0.031595055,0.013945211,0.027325489,Very_High,5,0.43661492707611493,0
CUS_0x41c9,2023-05-01,52.0,Senior,Skilled_Trade,78261.6171875,6373.8017578125,1.0,1.0,6.0,3.0,7,5.0,7.66,8,431.7699890136719,36.406704,26 Years and 8 Months,111.1558837890625,,248.4365,0.0055170082,0.017439496,,Very_High,3,0.4294308572948061,0
CUS_0x41de,2023-05-01,41.0,Middle,Education_Media,17680.779296875,1663.3983154296875,10.0,5.0,17.0,6.0,23,9.0,,12,2253.320068359375,40.50493,9 Years and 2 Months,75.38738250732422,99.21841430664062,281.73404,0.12744461,0.045321304,0.05964802,Very_High,5,0.8243114650514002,1
CUS_0x41fa,2023-05-01,54.0,Senior,Technical,29020.2109375,2277.350830078125,5.0,4.0,5.0,4.0,0,0.0,2.92,6,1252.8699951171875,24.883768,17 Years and 8 Months,74.67201232910156,61.99486541748047,341.0682,0.043172326,0.03278898,0.027222361,Very_High,2,0.30280253386792483,0
CUS_0x42d2,2023-05-01,14.0,Young,Professional,39011.12109375,3014.9267578125,8.0,7.0,28.0,6.0,31,22.0,6.93,6,1714.75,37.36494,19 Years and 9 Months,135.10818481445312,44.60710906982422,361.77737,0.043955415,0.04481309,0.014795421,Very_High,4,0.8011074622274131,1
CUS_0x4318,2023-05-01,31.0,Adult,Technical,33445.01171875,2663.084228515625,6.0,4.0,9.0,0.0,8,12.0,4.82,1,1150.3900146484375,26.113174,32 Years and 8 Months,0.0,106.55470275878906,429.75372,0.03439646,0.0,0.040011767,Very_High,4,0.21628381906723193,0
CUS_0x434c,2023-05-01,40.0,Middle,Professional,87792.390625,7448.03271484375,3.0,7.0,6.0,2.0,10,2.0,-2.66,8,693.3699951171875,36.91373,20 Years and 9 Months,101.20594787597656,59.194732666015625,824.4026,0.007897837,0.0135882795,0.0079477,Very_High,3,0.14170665823928288,0
CUS_0x4389,2023-05-01,34.0,Adult,Professional,20587.9609375,1953.663330078125,8.0,5.0,12.0,2.0,30,9.0,13.87,3,854.6300048828125,32.691505,18 Years and 5 Months,26.533164978027344,79.84574890136719,378.98743,0.041511152,0.013581237,0.040869758,Very_High,5,0.5505143648399222,1
CUS_0x43a7,2023-05-01,32.0,Adult,Professional,32151.759765625,2591.313232421875,7.0,10.0,29.0,9.0,38,18.0,20.53,15,2598.409912109375,21.923973,7 Years and 3 Months,181.96507263183594,268.0455627441406,99.1207,0.08081704,0.07022118,0.10344005,Very_High,6,0.4469685796864281,0
CUS_0x440f,2023-05-01,23.0,Young,Education_Media,18207.375,1602.28125,0.0,3.0,3.0,3.0,8,5.0,5.8,4,589.6500244140625,34.644688,23 Years and 5 Months,35.115455627441406,111.3689193725586,273.74374,0.03238523,0.021915913,0.069506474,Very_High,3,0.3629088119998064,0
CUS_0x443a,2023-05-01,27.0,Adult,Education_Media,7598.18505859375,759.1820678710938,5.0,4.0,10.0,3.0,19,8.0,15.18,9,1237.8800048828125,28.399117,18 Years and 9 Months,,31.75106430053711,320.26175,0.16291785,,0.041822728,Very_High,5,0.5112915049007806,1
CUS_0x446b,2023-05-01,30.0,Adult,Management,11944.6748046875,1010.3895874023438,5.0,7.0,6.0,3.0,28,17.0,6.82,6,886.9400024414062,25.383547,32 Years and 4 Months,19.874067306518555,132.31985473632812,238.84503,0.07425401,0.019669708,0.13095924,Very_High,5,0.5177882287019309,1
CUS_0x4480,2023-05-01,28.0,Adult,Skilled_Trade,15322.4501953125,1536.870849609375,9.0,8.0,26.0,7.0,26,20.0,26.36,11,2669.4599609375,36.002598,14 Years and 2 Months,65.97295379638672,129.43447875976562,248.27965,0.17421886,0.042926803,0.08421949,Very_High,6,0.6923940917991175,1
CUS_0x44a4,2023-05-01,38.0,Middle,Other,56545.44140625,4619.1201171875,8.0,8.0,,7.0,41,24.0,3.04,10,2493.179931640625,31.845781,13 Years and 8 Months,184.67564392089844,38.043392181396484,479.19296,0.044091616,0.0399807,0.008236069,Very_High,4,0.6579243481778201,1
CUS_0x44bb,2023-05-01,35.0,Middle,Skilled_Trade,80132.1328125,6829.677734375,4.0,,8.0,0.0,26,10.0,6.81,3,1128.72998046875,44.04255,27 Years and 6 Months,0.0,89.98007202148438,832.9877,0.01408586,0.0,0.0131748635,Very_High,4,0.21643327246468588,0
CUS_0x453a,2023-05-01,45.0,Middle,Professional,22182.94921875,1937.5792236328125,7.0,5.0,13.0,4.0,11,15.0,5.18,5,1170.5799560546875,29.483875,6 Years and 3 Months,62.257041931152344,129.44775390625,262.05313,0.052769355,0.03213135,0.06680901,Very_High,5,0.2388051609050138,0
CUS_0x45db,2023-05-01,50.0,Senior,Skilled_Trade,86742.3203125,7030.52685546875,8.0,4.0,19.0,2.0,8,15.0,14.12,2,19.110000610351562,32.822144,26 Years and 5 Months,136.34231567382812,329.03778076171875,497.67258,0.00022030769,0.019392902,0.0468013,Very_High,4,0.4479598972485689,0
CUS_0x4636,2023-05-01,,Unknown,Technical,57196.55859375,4838.3798828125,6.0,3.0,17.0,3.0,12,12.0,7.53,4,1269.699951171875,37.092236,19 Years and 4 Months,74.30448150634766,,210.30142,0.022198888,0.015357306,,Very_High,5,0.24612599050046996,0
CUS_0x4638,2023-05-01,25.0,Adult,Skilled_Trade,48706.58984375,4170.88232421875,10.0,7.0,34.0,4.0,28,17.0,18.63,13,2630.080078125,27.516539,16 Years and 9 Months,120.8252944946289,60.16161346435547,476.10135,0.053998444,0.02896876,0.014424194,Very_High,5,0.7732178395674267,1
CUS_0x464f,2023-05-01,43.0,Middle,Management,22298.5390625,2033.211669921875,5.0,3.0,6.0,4.0,14,10.0,11.61,10,727.0700073242188,28.307495,19 Years and 8 Months,52.425071716308594,78.025390625,332.8707,0.032606173,0.025784366,0.038375437,Very_High,4,0.24092433517715572,0
CUS_0x46d2,2023-05-01,36.0,Middle,Professional,7718.759765625,900.22998046875,8.0,6.0,25.0,8.0,34,24.0,29.53,13,,32.181744,6 Years and 9 Months,36.76416015625,109.00494384765625,234.25389,,0.040838633,0.121085666,Very_High,6,0.6472838507781415,1
CUS_0x4750,2023-05-01,28.0,Adult,Technical,9434.8349609375,903.2362670898438,7.0,10.0,34.0,5.0,53,25.0,7.28,15,1602.760009765625,26.528267,13 Years and 6 Months,33.32959747314453,80.83946990966797,256.15457,0.16987684,0.0369002,0.0894998,Very_High,6,0.5398450445301627,1
CUS_0x482d,2023-05-01,24.0,Young,Technical,21488.169921875,1681.6807861328125,4.0,4.0,7.0,3.0,3,9.0,2.86,1,553.0599975585938,23.419977,18 Years and 3 Months,42.43151092529297,29.38823127746582,346.34833,0.025737884,0.02523161,0.017475512,Very_High,4,0.09808952450660202,0
CUS_0x48cc,2023-05-01,40.0,Middle,Management,28649.990234375,2273.499267578125,7.0,7.0,9.0,3.0,10,20.0,19.61,8,1412.9300537109375,35.73812,11 Years and 2 Months,70.06501770019531,142.3529510498047,274.93195,0.049316946,0.03081814,0.06261403,Very_High,5,0.36479823600493566,0
CUS_0x4969,2023-05-01,40.0,Middle,Other,97714.46875,8103.87255859375,1.0,6.0,9.0,0.0,7,1.0,4.74,9,613.0700073242188,42.497215,32 Years and 10 Months,0.0,126.60477447509766,933.7825,0.0062740967,0.0,0.01562275,Very_High,3,0.2673357896412473,0
CUS_0x49fe,2023-05-01,40.0,Middle,Technical,19617.01953125,1624.751708984375,6.0,6.0,28.0,2.0,27,17.0,10.28,8,1634.5899658203125,28.242216,13 Years and 8 Months,30.50651741027832,109.7663803100586,312.20227,0.083325095,0.01877611,0.06755886,Very_High,5,0.8712300846362944,1
CUS_0x4a9c,2023-05-01,39.0,Middle,Management,33498.7890625,2995.56591796875,2.0,4.0,9.0,2.0,7,10.0,3.05,3,646.0399780273438,28.918196,31 Years and 5 Months,32.3010139465332,88.65861511230469,438.59695,0.019285472,0.010782942,0.029596616,Very_High,4,0.1154253611254071,0
CUS_0x4bbb,2023-05-01,24.0,Young,Professional,43608.1796875,3531.014892578125,7.0,7.0,23.0,6.0,27,20.0,14.05,10,1492.8800048828125,37.904,20 Years and 3 Months,169.54209899902344,118.7236328125,314.83575,0.034233946,0.048015118,0.033623092,Very_High,6,0.7060118032259258,1
CUS_0x4be1,2023-05-01,35.0,Middle,Professional,17247.7109375,1508.3092041015625,6.0,7.0,20.0,5.0,23,21.0,27.67,11,,34.52581,7 Years and 4 Months,64.55412292480469,68.52945709228516,277.74734,,0.042799,0.04543462,Very_High,4,0.6793587600627888,1
CUS_0x4ceb,2023-05-01,37.0,Middle,Technical,64927.33984375,5059.77783203125,6.0,3.0,8.0,6.0,16,7.0,13.38,7,503.5799865722656,21.48489,18 Years and 10 Months,,,186.4615,0.0077560544,,,Very_High,4,0.2956893319143092,0
CUS_0x4d33,2023-05-01,42.0,Middle,Professional,80264.8828125,6635.740234375,6.0,5.0,31.0,4.0,37,24.0,8.31,13,1522.8499755859375,34.099125,6 Years and 11 Months,261.531494140625,111.24188995361328,540.8006,0.018972805,0.039412558,0.016764052,Very_High,6,0.7911539349074186,1
CUS_0x4d3d,2023-05-01,,Unknown,Other,78244.6796875,6483.39013671875,4.0,6.0,23.0,5.0,25,20.0,14.78,1196,1737.510009765625,25.268423,12 Years and 3 Months,319.0577392578125,214.20555114746094,365.0757,0.02220611,0.049211558,0.033039127,Very_High,5,0.5495336686895983,1
CUS_0x4d6d,2023-05-01,44.0,Middle,Other,86865.84375,7479.81982421875,4.0,7.0,11.0,4.0,19,7.0,4.0,4,469.3900146484375,35.96963,24 Years and 4 Months,282.0481872558594,,539.00684,0.00540362,0.037707884,,Very_High,4,0.490158356073145,0
CUS_0x4da0,2023-05-01,41.0,Middle,Professional,73451.9375,6309.9951171875,5.0,7.0,9.0,3.0,28,21.0,9.13,2,965.510009765625,41.608315,23 Years and 8 Months,114.24056243896484,231.2655029296875,555.4934,0.0131447865,0.018104699,0.03665066,Very_High,4,0.2563299914049337,0
CUS_0x4dcd,2023-05-01,56.0,Senior,Education_Media,72760.0390625,6085.33642578125,8.0,4.0,15.0,1.0,21,13.0,6.58,2,792.4600219726562,28.371689,22 Years and 6 Months,31.284996032714844,221.61981201171875,615.62885,0.010891418,0.0051410464,0.03641866,Very_High,4,0.17955599999367033,0
CUS_0x4e14,2023-05-01,50.0,Senior,Technical,81385.1796875,5712.0908203125,1.0,7.0,5.0,1.0,-2,0.0,4.59,7,394.4200134277344,27.346851,29 Years and 11 Months,,,243.0644,0.0048463373,,,Very_High,2,0.2841001967161991,0
CUS_0x4e47,2023-05-01,23.0,Young,Skilled_Trade,40305.01953125,3545.751708984375,5.0,6.0,16.0,6.0,25,14.0,2.44,12,1955.1099853515625,36.47309,11 Years and 2 Months,196.30165100097656,96.42066955566406,240.90553,0.048507854,0.055362493,0.027193295,Very_High,5,0.6304244467449481,1
CUS_0x4e8f,2023-05-01,28.0,Adult,Management,40735.30078125,3202.6083984375,9.0,7.0,26.0,3.0,25,15.0,4.35,10,1774.1199951171875,40.841278,11 Years and 8 Months,98.86519622802734,103.865478515625,377.53015,0.0435524,0.03087021,0.032431528,Very_High,4,0.8690919511908852,1
CUS_0x4f4f,2023-05-01,36.0,Middle,Technical,40327.80859375,3450.65087890625,1.0,3.0,7.0,3.0,14,10.0,1.76,1139,424.5,36.685524,24 Years and 0 Months,87.96659088134766,130.03517150878906,377.06332,0.010526235,0.025492754,0.037684243,Very_High,4,0.3336936913320368,0
CUS_0x502c,2023-05-01,32.0,Adult,Professional,45917.0,3714.416748046875,4.0,7.0,7.0,1.0,13,8.0,,4,170.3300018310547,30.14293,31 Years and 5 Months,25.734790802001953,107.3536148071289,488.35327,0.0037095193,0.006928353,0.028901877,Very_High,4,0.20287013303968418,0
CUS_0x5049,2023-05-01,40.0,Middle,Management,,,3.0,5.0,11.0,0.0,6,5.0,4.03,2,932.22998046875,26.516014,29 Years and 0 Months,0.0,,290.68286,,,,Very_High,3,0.17558398534266637,0
CUS_0x5050,2023-05-01,36.0,Middle,Skilled_Trade,28485.94921875,2639.8291015625,8.0,5.0,5.0,1.0,16,15.0,19.51,5,339.45001220703125,25.051538,33 Years and 6 Months,17.434951782226562,239.52188110351562,277.0261,0.011916402,0.006604576,0.090733856,Very_High,5,0.23543416945253975,0
CUS_0x50d4,2023-05-01,18.0,Young,Professional,41159.5390625,3638.961669921875,9.0,6.0,16.0,7.0,31,24.0,4.46,10,2370.639892578125,22.415697,19 Years and 11 Months,157.12693786621094,321.8529052734375,174.91634,0.057596367,0.043179058,0.08844636,Very_High,6,0.8614775691777881,1
CUS_0x50dd,2023-05-01,32.0,Adult,Professional,41293.1015625,3716.091552734375,5.0,4.0,13.0,2.0,10,21.0,8.78,9,1416.4300537109375,30.953709,19 Years and 0 Months,47.7143669128418,95.78875732421875,478.10605,0.03430186,0.012839933,0.025776748,Very_High,4,0.3555958637535008,0
CUS_0x510f,2023-05-01,50.0,Senior,Education_Media,39398.73828125,3002.228271484375,2.0,3.0,9.0,3.0,11,2.0,-0.62,6,62.369998931884766,32.750134,25 Years and 0 Months,82.9842300415039,233.9429168701172,273.2957,0.0015830456,0.02764088,0.0779231,Very_High,3,0.23671218628426746,0
CUS_0x511f,2023-05-01,38.0,Middle,Management,89446.3828125,7278.865234375,4.0,5.0,4.0,3.0,11,5.0,11.76,7,123.69999694824219,32.947266,33 Years and 4 Months,198.4713592529297,88.31187438964844,681.1033,0.0013829514,0.0272668,0.012132643,Very_High,3,0.34670005150524486,0
CUS_0x5157,2023-05-01,36.0,Middle,Education_Media,19012.939453125,1805.41162109375,8.0,6.0,31.0,2.0,17,17.0,15.81,8,2670.429931640625,35.083344,8 Years and 5 Months,25.16027069091797,126.31494903564453,299.06595,0.1404533,0.01393603,0.069964625,Very_High,5,0.7697741435704997,1
CUS_0x5172,2023-05-01,36.0,Middle,Professional,18496.490234375,1802.3741455078125,7.0,8.0,27.0,4.0,38,26.0,4.48,12,1571.260009765625,31.127813,19 Years and 9 Months,,240.63442993164062,174.69742,0.08494909,,0.1335097,Very_High,6,0.8922926759877157,1
CUS_0x517c,2023-05-01,54.0,Senior,Professional,57524.55859375,5035.71337890625,4.0,7.0,9.0,2.0,11,10.0,1.59,8,1068.6500244140625,36.857716,19 Years and 0 Months,67.02733612060547,376.22381591796875,350.3202,0.018577283,0.013310395,0.07471113,Very_High,4,0.17364671168223877,0
CUS_0x519e,2023-05-01,23.0,Young,Skilled_Trade,7518.14990234375,506.0465393066406,10.0,9.0,32.0,6.0,44,22.0,27.61,13,3651.340087890625,40.15181,9 Years and 3 Months,88.25048065185547,57.55620193481445,262.41052,0.48567003,0.17439203,0.11373697,Very_High,6,0.5417741959910557,1
CUS_0x51a1,2023-05-01,46.0,Middle,Management,63306.5390625,5260.544921875,4.0,5.0,19.0,3.0,11,9.0,1.09,7,1203.18994140625,38.897026,28 Years and 4 Months,85.61112213134766,173.08541870117188,517.358,0.019005777,0.016274193,0.032902565,Very_High,5,0.2136725624678124,0
CUS_0x51cb,2023-05-01,48.0,Middle,Technical,,,4.0,7.0,5.0,3.0,13,10.0,5.99,3,1343.5,27.061615,21 Years and 9 Months,,,587.5774,,,,Very_High,4,0.18529413392585267,0
CUS_0x51e6,2023-05-01,38.0,Middle,Management,70973.3203125,5741.443359375,3.0,6.0,18.0,3.0,9,12.0,10.18,8,2457.360107421875,36.994892,15 Years and 2 Months,115.94173431396484,,525.8809,0.034623716,0.02019383,,Very_High,5,0.8048785591793871,1
CUS_0x51f,2023-05-01,56.0,Senior,Professional,32937.828125,2519.819091796875,8.0,6.0,11.0,4.0,18,14.0,4.95,0,134.08999633789062,31.580074,18 Years and 4 Months,79.58570861816406,157.13916015625,275.25705,0.004071003,0.031583898,0.062361285,Very_High,4,0.20657292474156208,0
CUS_0x5205,2023-05-01,46.0,Middle,Technical,103316.7578125,8473.73046875,4.0,4.0,4.0,3.0,21,5.0,11.58,1,609.1300048828125,25.231943,20 Years and 3 Months,198.93955993652344,,412.37894,0.005895752,0.023477212,,Very_High,3,0.5143678944401578,1
CUS_0x5257,2023-05-01,26.0,Adult,Professional,16934.759765625,1181.22998046875,4.0,3.0,7.0,5.0,30,13.0,11.32,7,304.6099853515625,26.83901,7 Years and 4 Months,52.81353759765625,72.78343963623047,282.52603,0.017987264,0.044710632,0.061616655,Very_High,4,0.24170453141098103,0
CUS_0x5293,2023-05-01,31.0,Adult,Professional,39829.0,3146.083251953125,4.0,6.0,14.0,3.0,8,12.0,19.04,8,1426.8299560546875,40.37339,15 Years and 2 Months,71.45002746582031,168.13027954101562,335.02805,0.035823897,0.022710787,0.05344114,Very_High,5,0.6912955296073796,1
CUS_0x5321,2023-05-01,27.0,Adult,Technical,38897.51953125,3402.4599609375,5.0,5.0,3.0,1.0,8,7.0,7.01,2,286.42999267578125,29.176897,22 Years and 9 Months,,146.05760192871094,457.7254,0.007363708,,0.04292706,Very_High,4,0.1303295568114147,0
CUS_0x53ad,2023-05-01,32.0,Adult,Management,100268.7265625,7836.7890625,7.0,6.0,6.0,4.0,8,12.0,19.83,9,148.14999389648438,23.5721,21 Years and 5 Months,,,146.13348,0.0014775294,,,Very_High,5,0.30890034164270014,0
CUS_0x53c0,2023-05-01,33.0,Adult,Skilled_Trade,,,5.0,,1.0,0.0,8,3.0,3.9,6,571.3900146484375,30.000496,29 Years and 0 Months,0.0,,774.6735,,,,Very_High,3,0.18144680376660877,0
CUS_0x53f0,2023-05-01,26.0,Adult,Management,44632.44140625,3419.3701171875,10.0,6.0,33.0,5.0,18,18.0,23.48,10,3409.1298828125,37.866116,6 Years and 10 Months,154.14230346679688,46.8614387512207,390.93326,0.07638233,0.045079153,0.013704699,Very_High,6,0.5947481699235734,1
CUS_0x5413,2023-05-01,36.0,Middle,Management,22250.525390625,1945.21044921875,4.0,4.0,7.0,0.0,20,4.0,3.1,2,1443.780029296875,32.913445,30 Years and 6 Months,0.0,148.77633666992188,335.7447,0.06488746,0.0,0.07648341,Very_High,3,0.6245493682402384,1
CUS_0x5585,2023-05-01,54.0,Senior,Professional,60340.01953125,4432.3154296875,6.0,5.0,17.0,1.0,29,18.0,12.78,6,890.6099853515625,39.23098,15 Years and 11 Months,,332.8822326660156,414.6217,0.014759855,,0.07510346,Very_High,5,0.38589212442415277,0
CUS_0x5634,2023-05-01,16.0,Young,Management,73425.15625,6103.76318359375,3.0,3.0,13.0,7.0,27,20.0,15.21,2444,1205.1300048828125,26.13485,19 Years and 6 Months,,359.8424072265625,103.56209,0.01641304,,0.05895419,Very_High,4,0.29031942257566806,0
CUS_0x5648,2023-05-01,26.0,Adult,Technical,43269.3515625,3558.779052734375,2.0,3.0,3.0,3.0,4,2.0,1.39,7,976.1699829101562,25.365416,27 Years and 5 Months,94.52943420410156,124.7149658203125,386.6335,0.02256031,0.026562322,0.035044312,Very_High,3,0.14866053770548585,0
CUS_0x569b,2023-05-01,36.0,Middle,Other,16435.26953125,1526.6058349609375,9.0,8.0,29.0,8.0,32,19.0,8.01,9,3414.1201171875,29.659092,10 Years and 9 Months,75.4888916015625,168.32212829589844,198.84956,0.2077313,0.049448844,0.11025906,Very_High,6,0.8039888132921691,1
CUS_0x5711,2023-05-01,35.0,Middle,Education_Media,7708.68994140625,379.3908386230469,8.0,,,5.0,52,15.0,28.96,13,,34.11794,2 Years and 3 Months,26.588314056396484,36.10871505737305,255.24205,,0.07008159,0.095175505,Very_High,6,0.6294974497201176,1
CUS_0x5753,2023-05-01,24.0,Young,Technical,133538.6875,10955.2236328125,3.0,7.0,12.0,0.0,9,11.0,2.07,2406,1389.9100341796875,40.031876,24 Years and 5 Months,0.0,233.05084228515625,1112.4714,0.010408295,0.0,0.021273034,Very_High,5,0.17174688745237612,0
CUS_0x575e,2023-05-01,40.0,Middle,Technical,112985.5625,9176.462890625,4.0,,15.0,2.0,14,15.0,18.56,7,1050.969970703125,36.756866,8 Years and 10 Months,98.83261108398438,114.74312591552734,944.0706,0.009301808,0.01077023,0.012504069,Very_High,5,0.25277918033472374,0
CUS_0x57c9,2023-05-01,22.0,Young,Professional,97034.9609375,7828.24658203125,3.0,3.0,11.0,5.0,21,18.0,24.3,8,86.68000030517578,24.505716,12 Years and 8 Months,246.52969360351562,,56.574963,0.0008932863,0.031492326,,Very_High,5,0.3649435576934064,0
CUS_0x57e8,2023-05-01,16.0,Young,Other,18507.720703125,1761.31005859375,8.0,5.0,30.0,2.0,29,25.0,7.88,12,1716.8199462890625,28.77093,8 Years and 1 Months,27.39466667175293,134.9859161376953,303.7504,0.092762366,0.015553574,0.076639496,Very_High,6,0.8645701805032541,1
CUS_0x57f0,2023-05-01,31.0,Adult,Education_Media,,,0.0,3.0,1.0,2.0,10,12.0,5.62,5,275.9200134277344,27.14636,19 Years and 5 Months,258.7493591308594,,618.4641,,,,Very_High,4,0.2859384892657495,0
CUS_0x5803,2023-05-01,47.0,Middle,Management,123526.796875,10241.900390625,1.0,6.0,9.0,4.0,8,4.0,2.25,3,926.6199951171875,29.80373,20 Years and 8 Months,291.0185852050781,,432.47183,0.0075013684,0.02841451,,Very_High,3,0.5275554540554649,1
CUS_0x5813,2023-05-01,29.0,Adult,Management,106839.09375,9018.2578125,0.0,1.0,,2.0,14,8.0,9.96,9,1138.93994140625,29.098593,31 Years and 5 Months,105.41856384277344,100.50872802734375,935.89844,0.01066033,0.01168946,0.011145027,Very_High,4,0.3809666931812503,0
CUS_0x58ba,2023-05-01,26.0,Adult,Technical,57055.94921875,4817.66259765625,4.0,4.0,9.0,4.0,19,15.0,15.03,7,470.010009765625,32.43936,8 Years and 4 Months,174.2863311767578,100.17771911621094,361.35825,0.008237704,0.036176533,0.020793842,Very_High,5,0.27523190159018884,0
CUS_0x58f7,2023-05-01,45.0,Middle,Professional,81066.71875,6639.56005859375,8.0,3.0,18.0,3.0,13,17.0,6.14,6,721.4500122070312,29.074364,29 Years and 9 Months,170.82933044433594,183.0347900390625,580.09186,0.00889946,0.025729014,0.027567307,Very_High,4,0.1870445150512995,0
CUS_0x593c,2023-05-01,46.0,Middle,Technical,18464.080078125,1688.67333984375,8.0,7.0,8.0,7.0,27,20.0,19.68,5,2584.219970703125,28.160332,7 Years and 2 Months,95.7183837890625,34.17168045043945,278.97726,0.13995932,0.056682594,0.020235814,Very_High,5,0.43410546824213025,0
CUS_0x594e,2023-05-01,24.0,Young,Technical,38684.19921875,3423.683349609375,7.0,5.0,16.0,3.0,23,20.0,16.24,13,1464.1600341796875,34.643105,6 Years and 2 Months,70.0384521484375,191.01419067382812,371.31567,0.037849046,0.020457048,0.055792015,Very_High,4,0.7949020003903046,1
CUS_0x5998,2023-05-01,48.0,Middle,Education_Media,33683.37890625,2652.9482421875,8.0,6.0,9.0,4.0,19,20.0,3.32,3,622.0800170898438,27.74071,33 Years and 4 Months,78.36688995361328,113.35273742675781,363.5752,0.018468456,0.029539548,0.042727083,Very_High,4,0.16280805519355418,0
CUS_0x5a2f,2023-05-01,18.0,Young,Education_Media,14020.8603515625,1241.405029296875,2.0,43.0,9.0,0.0,10,11.0,16.26,7,1360.5,24.813972,17 Years and 11 Months,0.0,,290.43845,0.097033985,0.0,,Very_High,4,0.3797440322541127,0
CUS_0x5a4f,2023-05-01,29.0,Adult,Education_Media,57303.359375,4949.27978515625,9.0,9.0,31.0,,37,18.0,,11,1341.1400146484375,29.061148,17 Years and 10 Months,250.10899353027344,196.19776916503906,298.62125,0.023404213,0.050534423,0.039641682,Very_High,6,0.6361975943606235,1
CUS_0x5abc,2023-05-01,31.0,Adult,Other,59519.7890625,4966.982421875,10.0,10.0,31.0,6.0,30,19.0,19.84,7,2979.780029296875,37.627445,2 Years and 6 Months,174.81884765625,139.6643524169922,432.21506,0.050063685,0.03519619,0.028118553,Very_High,4,0.7692892616498007,1
CUS_0x5adc,2023-05-01,,Unknown,Other,43691.640625,3747.969970703125,5.0,,16.0,2.0,21,15.0,-3.35,4,1311.989990234375,26.55533,20 Years and 11 Months,64.74887084960938,355.43218994140625,234.61594,0.0300284,0.017275717,0.094833255,Very_High,5,0.5488270585569118,1
CUS_0x5aeb,2023-05-01,28.0,Adult,Professional,43139.76171875,3594.97998046875,8.0,7.0,27.0,7.0,33,17.0,2.41,12,2449.2099609375,30.142897,17 Years and 10 Months,169.87615966796875,331.8297424316406,147.7921,0.05677384,0.047253717,0.09230364,Very_High,6,0.8001833268114201,1
CUS_0x5b05,2023-05-01,17.0,Young,Professional,7622.80517578125,776.2337646484375,4.0,4.0,9.0,6.0,6,9.0,19.67,7,2520.969970703125,36.802383,19 Years and 4 Months,19.889564514160156,55.361331939697266,292.37247,0.3307142,0.025623163,0.07132044,Very_High,5,0.5377208803702469,1
CUS_0x5b2a,2023-05-01,37.0,Middle,Skilled_Trade,142974.953125,11698.580078125,2.0,4.0,5.0,3.0,14,,0.27,1,443.6199951171875,22.27005,24 Years and 5 Months,228.16258239746094,,198.65866,0.0031027813,0.019503443,,Very_High,2,0.2699473938085151,0
CUS_0x5b30,2023-05-01,27.0,Adult,Skilled_Trade,15475.91015625,908.4253540039062,6.0,7.0,13.0,7.0,8,13.0,7.04,4,1948.989990234375,36.56823,14 Years and 5 Months,164.98941040039062,20.054471969604492,259.55585,0.12593701,0.18162131,0.022076081,Very_High,5,0.457834049933982,0
CUS_0x5b42,2023-05-01,20.0,Young,Management,59110.828125,4408.84326171875,6.0,8.0,28.0,8.0,60,21.0,22.23,1113,,34.2723,3 Years and 9 Months,,141.74794006347656,373.7697,,,0.032150824,Very_High,6,0.8591129445784996,1
CUS_0x5c53,2023-05-01,42.0,Middle,Management,9275.9501953125,553.995849609375,8.0,8.0,24.0,4.0,40,21.0,14.23,12,1746.010009765625,30.305489,12 Years and 10 Months,19.788902282714844,20.094688415527344,305.516,0.18822977,0.035720307,0.036272272,Very_High,6,0.8118548597058358,1
CUS_0x5c8d,2023-05-01,36.0,Middle,Technical,41982.87890625,3263.5732421875,4.0,7.0,14.0,0.0,23,20.0,15.83,6,1449.699951171875,27.261759,17 Years and 9 Months,0.0,122.74089050292969,453.61646,0.03453074,0.0,0.037609357,Very_High,4,0.5184286466041984,1
CUS_0x5cd7,2023-05-01,18.0,Young,Skilled_Trade,68917.9375,5498.16162109375,5.0,2.0,11.0,0.0,0,10.0,0.19,4,1263.1800537109375,36.619698,17 Years and 11 Months,0.0,162.17298889160156,637.6432,0.018328756,0.0,0.029495858,Very_High,4,0.11165352813060436,0
CUS_0x5d3f,2023-05-01,41.0,Middle,Technical,100127.8203125,8277.9853515625,4.0,7.0,20.0,2.0,18,9.0,0.51,4,520.8400268554688,31.366446,15 Years and 9 Months,85.09912109375,,434.29465,0.0052017514,0.010280173,,Very_High,5,0.42878773638991063,0
CUS_0x5d65,2023-05-01,28.0,Adult,Technical,65500.83984375,5457.4033203125,4.0,3.0,18.0,4.0,5,13.0,4.26,4,1088.5699462890625,27.197378,32 Years and 5 Months,197.5670928955078,102.62791442871094,505.54535,0.016619176,0.036201667,0.018805265,Very_High,5,0.14419460074437504,0
CUS_0x5d77,2023-05-01,16.0,Young,Skilled_Trade,66886.28125,5496.24609375,6.0,9.0,17.0,4.0,56,22.0,14.43,11,2661.639892578125,37.33841,16 Years and 8 Months,,234.2489471435547,409.10345,0.03979351,,0.042619806,Very_High,6,0.8125686659383848,1
CUS_0x5e19,2023-05-01,28.0,Adult,Professional,32424.33984375,2561.0283203125,3.0,5.0,5.0,0.0,14,17.0,10.46,4,159.89999389648438,31.646757,18 Years and 9 Months,0.0,185.44850158691406,340.65433,0.00493148,0.0,0.07241173,Very_High,5,0.1481655953258143,0
CUS_0x5e22,2023-05-01,21.0,Young,Management,41435.26171875,3639.938232421875,7.0,7.0,26.0,6.0,35,18.0,12.99,9,1625.550048828125,30.269493,18 Years and 8 Months,175.80514526367188,,363.0349,0.03923108,0.048298936,,Very_High,6,0.6455132274641181,1
CUS_0x5e99,2023-05-01,44.0,Middle,Skilled_Trade,56001.1484375,4662.7626953125,3.0,6.0,8.0,3.0,13,8.0,8.33,8,1347.8299560546875,38.5683,15 Years and 9 Months,88.30262756347656,303.54547119140625,334.42816,0.0240679,0.018937834,0.06509992,Very_High,5,0.35922264203986254,0
CUS_0x5ee1,2023-05-01,25.0,Adult,Technical,11892.7197265625,976.0599975585938,,4.0,5.0,1.0,30,17.0,15.73,11,736.010009765625,28.588575,32 Years and 0 Months,,81.77368927001953,278.32114,0.061887443,,0.083779365,Very_High,5,0.2051521984633074,0
CUS_0x5f25,2023-05-01,49.0,Middle,Management,121233.5078125,10393.79296875,2.0,6.0,8.0,,6,9.0,11.54,6,1116.6700439453125,33.933517,23 Years and 10 Months,191.01734924316406,,18.174488,0.009210902,0.018378021,,Very_High,4,0.36467134147768093,0
CUS_0x5fc6,2023-05-01,33.0,Adult,Management,114004.84375,9295.4033203125,5.0,7.0,8.0,3.0,26,9.0,11.38,7,1051.300048828125,36.485386,18 Years and 5 Months,228.87152099609375,307.353515625,643.3153,0.009221539,0.02462201,0.033065107,Very_High,5,0.5072168002519485,1
CUS_0x5fcb,2023-05-01,43.0,Middle,Education_Media,32690.859375,2910.23828125,4.0,5.0,6.0,3.0,17,18.0,9.48,2,1380.2900390625,32.788292,31 Years and 4 Months,50.28184509277344,32.477813720703125,448.26416,0.042222507,0.01727757,0.011159847,Very_High,4,0.4161308071315233,0
CUS_0x6072,2023-05-01,46.0,Middle,Professional,14900.75,1291.7291259765625,9.0,5.0,16.0,6.0,27,19.0,18.62,15,3088.800048828125,24.752138,4 Years and 8 Months,43.578094482421875,75.91497802734375,270.85028,0.20729159,0.033736248,0.058770046,Very_High,6,0.6322165265116437,1
CUS_0x614e,2023-05-01,46.0,Middle,Management,8087.759765625,844.97998046875,8.0,9.0,23.0,3.0,38,20.0,9.46,11,1810.489990234375,28.224024,17 Years and 11 Months,14.364212036132812,12.712203025817871,307.4216,0.22385556,0.01699947,0.015044384,Very_High,4,0.7765641118908636,1
CUS_0x6171,2023-05-01,53.0,Senior,Skilled_Trade,149168.875,,3.0,5.0,1.0,0.0,8,6.0,16.65,0,903.47998046875,29.573565,20 Years and 2 Months,0.0,389.21331787109375,1090.5607,0.0060567595,,,Very_High,4,0.12838060462631287,0
CUS_0x61a1,2023-05-01,44.0,Middle,Other,112484.6796875,9389.7236328125,4.0,3.0,6.0,3.0,9,12.0,,1,1459.5799560546875,21.559969,28 Years and 2 Months,210.29544067382812,,266.73267,0.012975811,0.02239634,,Very_High,4,0.22434941477337184,0
CUS_0x61f7,2023-05-01,54.0,Senior,Technical,36920.359375,3119.69677734375,0.0,6.0,3.0,0.0,9,1.0,11.94,5,881.0,26.247677,27 Years and 4 Months,0.0,73.44758605957031,478.52206,0.023862174,0.0,0.02354318,Very_High,3,0.5466501444607637,1
CUS_0x61f8,2023-05-01,19.0,Young,Technical,19397.599609375,1539.4666748046875,10.0,6.0,19.0,9.0,52,23.0,1.08,9,1285.510009765625,22.59287,19 Years and 5 Months,136.35745239257812,88.28955841064453,219.29965,0.0662716,0.08857448,0.057350744,Very_High,6,0.7061437867210281,1
CUS_0x620b,2023-05-01,30.0,Adult,Professional,9732.5703125,810.0474853515625,9.0,5.0,19.0,5.0,16,14.0,16.4,11,,29.46305,2 Years and 3 Months,33.536460876464844,35.418460845947266,302.04984,,0.04140061,0.043723933,Very_High,6,0.8074141902037806,1
CUS_0x635d,2023-05-01,39.0,Middle,Other,80265.203125,6596.7666015625,5.0,7.0,12.0,4.0,17,8.0,13.86,5,636.9199829101562,30.253706,10 Years and 2 Months,220.0650634765625,366.6025695800781,353.00903,0.007935194,0.033359535,0.05557307,Very_High,5,0.3406314482556668,0
CUS_0x63a6,2023-05-01,39.0,Middle,Management,71756.203125,5585.20166015625,0.0,5.0,8.0,,9,11.0,0.53,5,1182.6800537109375,36.975,24 Years and 10 Months,,129.491455078125,736.3769,0.016481921,,0.02318474,Very_High,4,0.22092354017276053,0
CUS_0x63c1,2023-05-01,46.0,Middle,Professional,93233.7265625,7762.4775390625,6.0,7.0,17.0,7.0,11,14.0,16.51,7,783.9199829101562,33.219055,13 Years and 5 Months,302.95281982421875,91.67445373535156,621.6205,0.008408116,0.03902785,0.011809948,Very_High,5,0.4835788361262988,0
CUS_0x63ec,2023-05-01,19.0,Young,Management,38992.5703125,3144.380859375,3.0,3.0,3.0,0.0,7,6.0,4.23,6,1059.4599609375,24.436918,25 Years and 5 Months,0.0,46.637691497802734,507.80038,0.027170816,0.0,0.014832075,Very_High,4,0.06899771132169599,0
CUS_0x646d,2023-05-01,26.0,Adult,Education_Media,45230.8515625,3471.237548828125,7.0,7.0,26.0,6.0,16,18.0,10.23,10,1712.989990234375,33.655098,8 Years and 6 Months,212.67300415039062,363.4851379394531,60.9656,0.037872158,0.0612672,0.10471342,Very_High,5,0.5737203167146392,1
CUS_0x64c9,2023-05-01,28.0,Adult,Technical,68487.03125,5867.25244140625,8.0,4.0,11.0,7.0,20,17.0,18.95,8,428.3999938964844,24.163694,19 Years and 4 Months,208.09228515625,138.6575469970703,479.9754,0.0062551987,0.035466734,0.02363245,Very_High,4,0.27430510537154185,0
CUS_0x659b,2023-05-01,17.0,Young,Education_Media,19980.359375,1506.030029296875,4.0,3.0,6.0,3.0,30,7.0,14.44,8,1477.8299560546875,40.321243,22 Years and 5 Months,25.805438995361328,66.15465545654297,348.6429,0.073964134,0.017134745,0.04392652,Very_High,5,0.43239250656808037,0
CUS_0x66c7,2023-05-01,24.0,Young,Skilled_Trade,42884.83984375,3578.736572265625,4.0,6.0,7.0,0.0,23,2.0,1.73,2,1302.489990234375,38.300453,30 Years and 6 Months,0.0,87.1730728149414,510.7006,0.030371806,0.0,0.024358617,Very_High,3,0.5427900411734488,1
CUS_0x675c,2023-05-01,30.0,Adult,Management,17905.560546875,1450.1300048828125,6.0,5.0,28.0,6.0,49,8.0,9.52,11,1941.97998046875,28.125616,8 Years and 2 Months,53.294063568115234,46.1058235168457,305.6131,0.10845681,0.036751233,0.03179427,Very_High,5,0.8998178680181793,1
CUS_0x67d0,2023-05-01,36.0,Middle,Management,9695.4697265625,1066.955810546875,5.0,3.0,20.0,2.0,15,14.0,11.86,4,463.0299987792969,38.707726,29 Years and 3 Months,8.394122123718262,102.4886703491211,275.8128,0.047757357,0.007867357,0.09605709,Very_High,5,0.20369987130866438,0
CUS_0x67e2,2023-05-01,17.0,Young,Management,30195.470703125,2619.189208984375,5.0,3.0,14.0,0.0,13,20.0,5.04,7,893.6300048828125,40.387707,27 Years and 0 Months,145.0999298095703,176.70947265625,359.71945,0.029594837,0.055398796,0.06746724,Very_High,4,0.21734064832761424,0
CUS_0x6808,2023-05-01,43.0,Middle,Skilled_Trade,16523.080078125,1497.92333984375,9.0,5.0,27.0,8.0,48,25.0,30.39,11,,28.54741,13 Years and 6 Months,109.35108947753906,102.04896545410156,228.39227,,0.073001795,0.06812696,Very_High,6,0.7416847060754299,1
CUS_0x683d,2023-05-01,32.0,Adult,Education_Media,90370.9609375,7517.91357421875,3.0,4.0,11.0,4.0,13,16.0,12.24,6,1023.489990234375,34.041122,16 Years and 5 Months,209.1439666748047,116.5894775390625,676.05786,0.01132543,0.027819416,0.015508222,Very_High,5,0.38621212126202986,0
CUS_0x689,2023-05-01,35.0,Middle,Professional,47984.19140625,3718.6826171875,8.0,6.0,26.0,5.0,39,15.0,1.27,12,1476.27001953125,27.005104,13 Years and 8 Months,195.25538635253906,171.50244140625,265.1104,0.030765759,0.052506603,0.04611914,Very_High,6,0.7910487304474745,1
CUS_0x68a8,2023-05-01,28.0,Adult,Management,8227.85546875,656.6546020507812,6.0,8.0,31.0,7.0,65,20.0,14.6,9,2695.3798828125,25.870836,11 Years and 8 Months,28.01286506652832,61.35377502441406,266.29883,0.32759205,0.04265997,0.093433864,Very_High,6,0.7649288793319865,1
CUS_0x68dc,2023-05-01,33.0,Adult,Skilled_Trade,90701.28125,7654.43994140625,1.0,5.0,11.0,0.0,6,3.0,8.26,5,270.760009765625,26.460438,22 Years and 3 Months,0.0,201.99217224121094,813.45184,0.0029851838,0.0,0.02638889,Very_High,3,0.2963637653543529,0
CUS_0x693a,2023-05-01,32.0,Adult,Professional,32194.560546875,2663.8798828125,7.0,5.0,30.0,6.0,47,17.0,5.68,14,2395.85009765625,32.469383,12 Years and 2 Months,156.0748291015625,213.47154235839844,186.84163,0.07441785,0.05858929,0.08013558,Very_High,6,0.6871789174486672,1
CUS_0x69c6,2023-05-01,33.0,Adult,Education_Media,100310.078125,8320.1728515625,3.0,3.0,5.0,1.0,12,14.0,9.63,8,904.8300170898438,39.964123,23 Years and 4 Months,47.04307556152344,207.58035278320312,817.3939,0.00902033,0.0056540985,0.024949044,Very_High,5,0.4243322587564404,0
CUS_0x6abf,2023-05-01,33.0,Adult,Technical,14021.4951171875,1077.4578857421875,7.0,5.0,16.0,2.0,30,16.0,11.19,11,263.510009765625,40.389286,13 Years and 5 Months,13.546538352966309,136.68838500976562,247.51086,0.018793289,0.012572684,0.12686193,Very_High,5,0.19939186459949812,0
CUS_0x6ba9,2023-05-01,44.0,Middle,Professional,20272.23046875,1776.3525390625,4.0,3.0,12.0,1.0,-1,5.0,4.83,6,828.969970703125,33.874,27 Years and 8 Months,11.48015022277832,74.53506469726562,341.62003,0.040891897,0.006462766,0.041959614,Very_High,3,0.307756861240051,0
CUS_0x6bbe,2023-05-01,24.0,Young,Professional,87939.0390625,7343.25341796875,2.0,4.0,11.0,2.0,4,7.0,,4,320.8900146484375,38.626938,25 Years and 11 Months,74.00775146484375,262.2252502441406,648.09235,0.0036490052,0.010078332,0.035709683,Very_High,4,0.33704399512668287,0
CUS_0x6cf5,2023-05-01,46.0,Middle,Management,72604.4765625,5951.37353515625,5.0,4.0,11.0,3.0,17,17.0,19.9,7,1469.469970703125,36.23508,15 Years and 4 Months,172.0959014892578,161.87791442871094,511.1635,0.020239385,0.028917005,0.027200093,Very_High,5,0.24279100126398098,0
CUS_0x6df1,2023-05-01,46.0,Middle,Professional,55120.87890625,4465.40673828125,5.0,7.0,5.0,4.0,20,19.0,8.82,11,1045.8900146484375,24.747765,16 Years and 11 Months,103.2811279296875,219.74159240722656,413.51794,0.01897448,0.023129165,0.04920976,Very_High,5,0.3735714079093349,0
CUS_0x6ed3,2023-05-01,45.0,Middle,Technical,82402.34375,7056.86181640625,2.0,7.0,2.0,4.0,7,8.0,6.26,6,733.5599975585938,40.287624,19 Years and 4 Months,146.79678344726562,,292.90323,0.0089021735,0.020801991,,Very_High,4,0.4645071915143562,0
CUS_0x6ed8,2023-05-01,31.0,Adult,Other,16501.390625,1101.1158447265625,0.0,5.0,3.0,2.0,13,11.0,6.63,3,589.8699951171875,36.119587,23 Years and 10 Months,24.185731887817383,114.4487533569336,261.4771,0.035746682,0.021964747,0.103938885,Very_High,4,0.21832701351529854,0
CUS_0x6f0a,2023-05-01,38.0,Middle,Skilled_Trade,8461.28515625,699.1070556640625,9.0,9.0,20.0,5.0,27,28.0,9.37,8,,39.239666,5 Years and 7 Months,34.02785873413086,84.72281646728516,241.16003,,0.048673317,0.12118719,Very_High,6,0.6735783647914905,1
CUS_0x6f4c,2023-05-01,33.0,Adult,Technical,48494.55078125,4155.21240234375,9.0,9.0,25.0,8.0,26,22.0,2.93,7,1891.02001953125,39.200073,8 Years and 8 Months,311.4000244140625,117.03364562988281,247.08759,0.038994484,0.07494202,0.028165502,Very_High,6,0.7347106851519167,1
CUS_0x6f92,2023-05-01,35.0,Middle,Professional,15663.650390625,1246.30419921875,4.0,4.0,19.0,4.0,14,16.0,7.8,12,2000.6199951171875,32.23608,6 Years and 0 Months,27.026782989501953,66.76544189453125,320.8382,0.12772374,0.021685543,0.053570744,Very_High,4,0.758669814141587,1
CUS_0x6f9d,2023-05-01,37.0,Middle,Technical,65430.0,5539.5,4.0,,18.0,6.0,16,15.0,17.52,12,1380.1800537109375,26.735289,13 Years and 4 Months,196.7992706298828,84.3886489868164,522.7621,0.021093994,0.03552654,0.015233983,Very_High,4,0.6278714962916271,1
CUS_0x6fa7,2023-05-01,,Unknown,Technical,99403.3203125,8347.6103515625,0.0,3.0,11.0,3.0,9,9.0,0.72,1,904.9299926757812,39.07447,23 Years and 11 Months,130.6197052001953,118.7304916381836,835.4108,0.0091036195,0.015647557,0.014223291,Very_High,4,0.3533617205715173,0
CUS_0x7032,2023-05-01,31.0,Adult,Professional,36463.2109375,2947.600830078125,6.0,5.0,11.0,0.0,8,20.0,,6,914.8599853515625,37.8299,22 Years and 10 Months,0.0,75.63626098632812,459.1238,0.025089946,0.0,0.02566028,Very_High,4,0.26482732682842763,0
CUS_0x70af,2023-05-01,42.0,Middle,Education_Media,14220.2802734375,1404.0233154296875,8.0,5.0,26.0,3.0,44,10.0,16.96,15,1504.949951171875,26.202208,13 Years and 4 Months,31.682466506958008,84.78189849853516,313.93796,0.10583124,0.022565484,0.060384966,Very_High,5,0.8825804455315507,1
CUS_0x716c,2023-05-01,27.0,Adult,Education_Media,39453.73828125,3254.811767578125,5.0,1.0,6.0,1.0,4,2.0,1.8,6,1432.030029296875,28.359726,29 Years and 5 Months,26.00876235961914,392.4977722167969,196.97462,0.036296435,0.007990865,0.12059001,Very_High,3,0.26004749166120594,0
CUS_0x71aa,2023-05-01,22.0,Young,Professional,20574.7109375,1813.5592041015625,7.0,9.0,25.0,6.0,21,22.0,7.36,8,2592.780029296875,38.01503,12 Years and 7 Months,88.75997161865234,96.05333709716797,256.5426,0.12601781,0.048942417,0.052963994,Very_High,4,0.5115448783675463,1
CUS_0x71d,2023-05-01,48.0,Middle,Technical,69869.921875,5940.4931640625,4.0,5.0,13.0,2.0,13,19.0,11.42,0,220.97000122070312,37.732086,33 Years and 6 Months,99.35749816894531,82.51473236083984,539.7375,0.0031625913,0.016725464,0.013890216,Very_High,5,0.3529439827637834,0
CUS_0x7200,2023-05-01,34.0,Adult,Technical,20607.779296875,1453.31494140625,3.0,6.0,15.0,7.0,28,19.0,7.18,14,1441.6700439453125,34.90325,5 Years and 11 Months,98.82096099853516,58.81660842895508,257.69394,0.06995756,0.067996934,0.040470656,Very_High,5,0.43899353001452696,0
CUS_0x72fe,2023-05-01,44.0,Middle,Professional,70347.0,5913.25,8.0,9.0,31.0,4.0,60,22.0,13.79,8,2589.02001953125,35.14605,20 Years and 8 Months,207.9665069580078,,552.0344,0.03680356,0.03516958,,Very_High,6,0.7420024235583578,1
CUS_0x730d,2023-05-01,53.0,Senior,Technical,16243.10546875,1111.592041015625,3.0,3.0,12.0,2.0,6,11.0,7.43,2,877.0399780273438,35.463436,15 Years and 8 Months,20.865337371826172,,300.00943,0.0539946,0.01877068,,Very_High,4,0.1346246303388617,0
CUS_0x7354,2023-05-01,51.0,Senior,Management,24749.19921875,2142.433349609375,4.0,4.0,19.0,1.0,29,10.0,2.41,9,1188.43994140625,36.82839,33 Years and 6 Months,12.428471565246582,143.1544647216797,348.6604,0.048019327,0.0058011007,0.06681863,Very_High,5,0.4660312385335301,0
CUS_0x7369,2023-05-01,48.0,Middle,Education_Media,11713.625,833.1354370117188,3.0,4.0,10.0,1.0,28,11.0,2.3,3,241.97999572753906,32.780773,18 Years and 8 Months,9.005229949951172,70.20052337646484,294.1078,0.020657994,0.010808843,0.084260635,Very_High,4,0.13518274541634967,0
CUS_0x73d,2023-05-01,27.0,Adult,Skilled_Trade,106108.53125,8686.3779296875,4.0,3.0,14.0,3.0,28,20.0,6.98,9,514.3400268554688,30.114866,18 Years and 9 Months,157.7410430908203,,118.95932,0.004847301,0.018159587,,Very_High,5,0.4440467568838511,0
CUS_0x73db,2023-05-01,22.0,Young,Management,81538.7578125,6401.27099609375,9.0,7.0,18.0,5.0,41,21.0,23.77,10,,36.17743,9 Years and 5 Months,,288.73883056640625,333.21344,,,0.045106485,Very_High,4,0.756163459266006,1
CUS_0x7462,2023-05-01,52.0,Senior,Education_Media,128938.953125,10722.912109375,5.0,5.0,5.0,4.0,23,2.0,0.75,1,636.9500122070312,37.70909,16 Years and 10 Months,,,355.40512,0.0049399347,,,Very_High,3,0.1203507748411282,0
CUS_0x7473,2023-05-01,39.0,Middle,Professional,95329.2265625,7863.1025390625,4.0,1.0,8.0,1.0,14,2.0,5.74,0,832.5499877929688,37.527294,30 Years and 3 Months,78.19902038574219,123.07363891601562,825.0376,0.008733418,0.009945059,0.015652046,Very_High,3,0.24067844648270167,0
CUS_0x74a3,2023-05-01,,Unknown,Technical,30936.689453125,2416.0576171875,4.0,5.0,17.0,1.0,10,12.0,19.18,11,785.8800048828125,28.352863,33 Years and 0 Months,21.48555564880371,,207.25604,0.025402848,0.008892816,,Very_High,5,0.2574876373573429,0
CUS_0x74c7,2023-05-01,51.0,Senior,Other,87853.5625,7527.1298828125,4.0,1.0,4.0,2.0,2,2.0,9.99,4,498.80999755859375,27.837519,17 Years and 4 Months,142.3909149169922,65.27404022216797,785.04803,0.0056777433,0.018917026,0.008671837,Very_High,3,0.23387185561001575,0
CUS_0x74fa,2023-05-01,47.0,Middle,Management,33647.33984375,2804.945068359375,8.0,5.0,9.0,4.0,19,9.0,11.07,4,1152.9300537109375,31.348974,24 Years and 5 Months,102.55755615234375,118.99026489257812,308.9467,0.034265116,0.036563125,0.0424216,Very_High,5,0.345761194133643,0
CUS_0x7526,2023-05-01,55.0,Senior,Management,67850.15625,5520.18017578125,5.0,6.0,10.0,3.0,23,21.0,1.17,5,654.0599975585938,28.498121,33 Years and 5 Months,101.05046844482422,83.71923065185547,607.2483,0.009639772,0.018305646,0.015166032,Very_High,5,0.173764472684873,0
CUS_0x76d1,2023-05-01,37.0,Middle,Management,37578.609375,3179.55078125,0.0,5.0,5.0,4.0,3,12.0,6.72,0,855.6099853515625,32.15941,31 Years and 6 Months,83.27366638183594,104.92161560058594,379.7598,0.022768538,0.026190387,0.03299888,Very_High,4,0.42260399850619546,0
CUS_0x771e,2023-05-01,32.0,Adult,Education_Media,20914.470703125,1799.87255859375,8.0,5.0,16.0,2.0,12,13.0,0.98,7,1360.6600341796875,35.785606,12 Years and 8 Months,25.95824432373047,136.84951782226562,297.17947,0.065058306,0.014422268,0.07603289,Very_High,4,0.40629975701679666,0
CUS_0x7820,2023-05-01,37.0,Middle,Professional,34974.30078125,2986.52490234375,6.0,9.0,33.0,6.0,15,21.0,16.49,10,,28.13726,2 Years and 4 Months,134.25906372070312,110.37181091308594,304.02164,,0.044954944,0.0369566,Very_High,4,0.7900523480000899,1
CUS_0x7846,2023-05-01,46.0,Middle,Technical,88380.15625,7471.01318359375,7.0,7.0,19.0,3.0,11,19.0,8.7,7,124.29000091552734,37.818066,25 Years and 11 Months,129.72369384765625,93.02149200439453,774.35614,0.0014063112,0.0173636,0.0124509875,Very_High,5,0.4272377948757595,0
CUS_0x7848,2023-05-01,27.0,Adult,Education_Media,113105.1015625,9278.4248046875,4.0,3.0,12.0,1.0,-3,0.0,7.47,5,1037.469970703125,32.63487,18 Years and 9 Months,50.32667922973633,,520.4486,0.009172618,0.0054240543,,Very_High,2,0.13407247826796642,0
CUS_0x7863,2023-05-01,34.0,Adult,Other,60573.9609375,4868.830078125,6.0,10.0,34.0,7.0,42,11.0,17.28,9,2172.610107421875,35.462776,15 Years and 10 Months,211.22293090820312,288.3778076171875,257.28226,0.035867065,0.043382686,0.059229385,Very_High,5,0.5256298845995638,1
CUS_0x78a6,2023-05-01,27.0,Adult,Professional,71461.6015625,5531.89111328125,8.0,5.0,15.0,5.0,39,20.0,24.94,10,,33.01726,12 Years and 4 Months,,69.35859680175781,488.47467,,,0.012537954,Very_High,6,0.8429288639750152,1
CUS_0x78e0,2023-05-01,48.0,Middle,Technical,17787.33984375,1242.2783203125,8.0,4.0,16.0,2.0,5,15.0,5.65,0,730.9000244140625,29.998152,30 Years and 4 Months,20.06363296508789,31.713815689086914,342.45038,0.041091025,0.016150674,0.025528753,Very_High,5,0.22183399119329603,0
CUS_0x795c,2023-05-01,26.0,Adult,Professional,18670.220703125,1301.8516845703125,9.0,10.0,25.0,7.0,56,17.0,23.68,12,,23.973806,0 Years and 9 Months,101.62061309814453,39.96992111206055,238.59464,,0.07805852,0.030702362,Very_High,6,0.6546501143576627,1
CUS_0x7967,2023-05-01,28.0,Adult,Management,17379.78515625,1536.3154296875,0.0,1.0,1.0,4.0,4,4.0,5.61,7,993.6599731445312,24.901003,21 Years and 10 Months,29.4222469329834,42.88169479370117,341.3276,0.05717332,0.019151175,0.027912037,Very_High,3,0.36415873178895913,0
CUS_0x79d3,2023-05-01,35.0,Middle,Professional,14332.0302734375,1117.3358154296875,5.0,3.0,16.0,,10,16.0,5.63,5,244.52000427246094,35.54781,30 Years and 9 Months,21.9747371673584,,329.9104,0.017061086,0.019667083,,Very_High,5,0.09054136750475582,0
CUS_0x79ee,2023-05-01,50.0,Senior,Management,57462.921875,4531.57666015625,3.0,1.0,9.0,1.0,1,12.0,2.08,0,978.5599975585938,40.417084,18 Years and 10 Months,40.83772277832031,103.50874328613281,558.8112,0.017029416,0.009011813,0.022841662,Very_High,4,0.12085764560438512,0
CUS_0x7a11,2023-05-01,41.0,Middle,Professional,45238.0390625,3937.836669921875,7.0,6.0,7.0,7.0,25,9.0,9.25,13,1017.4500122070312,34.863205,9 Years and 10 Months,147.69532775878906,,97.08822,0.022491029,0.03750672,,Very_High,5,0.5278147122656676,1
CUS_0x7a4d,2023-05-01,53.0,Senior,Education_Media,105295.078125,8854.58984375,2.0,3.0,7.0,4.0,6,0.0,10.02,6,321.3599853515625,27.873016,27 Years and 11 Months,178.36744689941406,296.523193359375,680.56836,0.0030519944,0.020144066,0.033488076,Very_High,2,0.2947637066026155,0
CUS_0x7aba,2023-05-01,16.0,Young,Education_Media,31136.80078125,2612.7333984375,4.0,7.0,18.0,4.0,7,17.0,13.73,10,930.0800170898438,28.962324,32 Years and 6 Months,88.99986267089844,126.7239990234375,305.54947,0.029870763,0.03406389,0.04850246,Very_High,5,0.3509945424538846,0
CUS_0x7afc,2023-05-01,40.0,Middle,Professional,35417.26953125,2789.439208984375,0.0,3.0,3.0,2.0,5,3.0,7.8,3,364.57000732421875,38.613697,26 Years and 6 Months,39.770362854003906,112.37067413330078,386.8029,0.010293567,0.014257476,0.040284324,Very_High,3,0.3849071381060763,0
CUS_0x7ba9,2023-05-01,25.0,Adult,Management,52462.421875,4315.8681640625,4.0,3.0,16.0,3.0,11,8.0,15.87,8,778.6599731445312,25.20932,20 Years and 8 Months,79.05169677734375,200.09042358398438,412.4447,0.014842242,0.018316522,0.04636157,Very_High,5,0.36900361708818463,0
CUS_0x7c12,2023-05-01,32.0,Adult,Management,31417.150390625,2664.095947265625,3.0,6.0,18.0,3.0,26,10.0,17.26,0,362.30999755859375,39.38919,20 Years and 11 Months,64.18962097167969,27.594980239868164,414.62497,0.011532236,0.024094336,0.010358103,Very_High,5,0.47309457202180133,0
CUS_0x7cea,2023-05-01,,Unknown,Management,30979.279296875,2367.606689453125,,3.0,22.0,7.0,15,19.0,9.75,5,1317.3399658203125,24.425257,14 Years and 10 Months,177.37303161621094,155.58163452148438,173.806,0.04252326,0.074916594,0.065712616,Very_High,4,0.32270073401104304,0
CUS_0x7d2c,2023-05-01,18.0,Young,Management,76689.796875,6683.81689453125,3.0,6.0,8.0,6.0,0,12.0,19.7,6,1150.5400390625,28.579807,8 Years and 0 Months,217.613037109375,140.00482177734375,560.7638,0.015002518,0.0325582,0.020946836,Very_High,5,0.158202543174793,0
CUS_0x7d44,2023-05-01,50.0,Senior,Management,34689.26171875,2608.771728515625,7.0,3.0,18.0,0.0,17,15.0,7.55,3,430.6000061035156,29.742125,27 Years and 5 Months,0.0,224.05471801757812,326.82245,0.012413063,0.0,0.08588514,Very_High,5,0.13561991038260768,0
CUS_0x7dea,2023-05-01,45.0,Middle,Skilled_Trade,28805.33984375,2309.445068359375,8.0,3.0,5.0,2.0,13,19.0,7.02,0,796.4500122070312,36.875214,32 Years and 5 Months,47.19512176513672,140.1421356201172,333.60724,0.027649388,0.020435698,0.06068217,Very_High,5,0.23160657799408613,0
CUS_0x7df0,2023-05-01,23.0,Young,Professional,16520.7890625,1110.7325439453125,3.0,,11.0,1.0,14,0.0,8.57,2,489.9599914550781,30.512629,15 Years and 11 Months,13.635527610778809,115.6357421875,271.80197,0.02965718,0.012276158,0.10410764,Very_High,2,0.3126999371446107,0
CUS_0x7e02,2023-05-01,39.0,Middle,Professional,68131.796875,5801.64990234375,7.0,10.0,19.0,7.0,16,17.0,26.04,12,,24.744242,4 Years and 5 Months,263.06304931640625,,56.49654,,0.0453428,,Very_High,6,0.6862960419523996,1
CUS_0x7e2f,2023-05-01,55.0,Senior,Management,33280.44921875,2525.370849609375,1.0,7.0,9.0,0.0,0,6.0,2.58,7,401.9800109863281,30.856356,27 Years and 11 Months,0.0,208.5305938720703,324.0065,0.012078564,0.0,0.08257425,Very_High,4,0.27636588225404535,0
CUS_0x7f2c,2023-05-01,50.0,Senior,Technical,26596.91015625,2095.820068359375,6.0,7.0,13.0,3.0,28,12.0,10.83,3,841.280029296875,32.12749,20 Years and 4 Months,303.2298278808594,224.17298889160156,252.22725,0.031630743,0.14468314,0.10696194,Very_High,4,0.24142241163952144,0
CUS_0x7faf,2023-05-01,26.0,Adult,Other,36589.08984375,2829.0908203125,8.0,4.0,11.0,0.0,30,11.0,11.49,8,83.52999877929688,39.028008,28 Years and 10 Months,0.0,88.0695571899414,444.83954,0.002282921,0.0,0.031129986,Very_High,5,0.3861208165161454,0
CUS_0x8009,2023-05-01,21.0,Young,Skilled_Trade,31598.5,2517.208251953125,9.0,7.0,27.0,5.0,39,16.0,18.79,8,,34.358948,2 Years and 2 Months,127.89861297607422,51.05689239501953,322.76532,,0.050809707,0.020283142,Very_High,6,0.703930048340973,1
CUS_0x8049,2023-05-01,36.0,Middle,Management,65891.8515625,5326.9873046875,4.0,4.0,5.0,4.0,22,17.0,10.83,3,454.19000244140625,27.311804,19 Years and 8 Months,118.88267517089844,50.49215316772461,603.3239,0.0068929614,0.022317056,0.009478557,Very_High,5,0.23160777852398162,0
CUS_0x81e4,2023-05-01,24.0,Young,Education_Media,17709.310546875,1732.77587890625,9.0,8.0,20.0,2.0,34,19.0,14.09,11,1551.300048828125,30.316887,17 Years and 11 Months,18.09016227722168,96.64291381835938,338.5445,0.087597996,0.01043999,0.055773463,Very_High,4,0.8096585536606895,1
CUS_0x8216,2023-05-01,17.0,Young,Technical,7225.02001953125,415.2278747558594,10.0,10.0,30.0,7.0,53,14.0,1.2,13,,36.891327,1 Years and 2 Months,67.94084167480469,,248.25839,,0.16362302,,Very_High,6,0.7209452192568231,1
CUS_0x82d5,2023-05-01,34.0,Adult,Management,55163.8203125,4869.98486328125,9.0,9.0,28.0,6.0,44,22.0,16.72,10,,29.125353,8 Years and 11 Months,187.50511169433594,265.9469909667969,303.54642,,0.038502198,0.054609407,Very_High,6,0.8386777610060249,1
CUS_0x8398,2023-05-01,23.0,Young,Professional,15937.740234375,1144.14501953125,9.0,9.0,33.0,3.0,25,22.0,19.26,12,2432.090087890625,36.063766,12 Years and 11 Months,38.41751480102539,61.038795471191406,274.9582,0.15259942,0.033577487,0.053348828,Very_High,6,0.6422666643846473,1
CUS_0x846e,2023-05-01,33.0,Adult,Skilled_Trade,18848.994140625,1364.7496337890625,3.0,6.0,10.0,0.0,4,9.0,7.76,7,159.30999755859375,38.42046,29 Years and 4 Months,0.0,55.70335006713867,370.7716,0.00845191,0.0,0.0408158,Very_High,4,0.11330452708616323,0
CUS_0x84ae,2023-05-01,29.0,Adult,Professional,65929.1171875,5649.09326171875,6.0,5.0,18.0,2.0,7,8.0,17.76,12,1329.1700439453125,31.021715,20 Years and 5 Months,64.91668701171875,108.86506652832031,641.12756,0.020160593,0.011491523,0.019271245,Very_High,4,0.5906648319153939,1
CUS_0x84fe,2023-05-01,38.0,Middle,Management,30111.30078125,2743.27490234375,7.0,5.0,15.0,9.0,53,20.0,6.31,14,3075.2900390625,32.66316,4 Years and 6 Months,140.8366241455078,227.3404541015625,196.15042,0.10213076,0.051338866,0.08287192,Very_High,6,0.650082933378607,1
CUS_0x8536,2023-05-01,35.0,Middle,Technical,144497.4375,11084.3955078125,5.0,5.0,16.0,3.0,9,20.0,3.67,4,50.130001068115234,28.150385,25 Years and 11 Months,,101.613525390625,1127.1033,0.00034692656,,0.009167259,Very_High,5,0.13685937216041497,0
CUS_0x857b,2023-05-01,18.0,Young,Education_Media,121041.2109375,10359.767578125,3.0,7.0,8.0,3.0,14,8.0,4.59,3,1036.2099609375,30.575531,32 Years and 5 Months,197.08680725097656,210.0108642578125,868.8791,0.008560803,0.01902425,0.020271774,Very_High,4,0.10841474632722684,0
CUS_0x85bb,2023-05-01,50.0,Senior,Education_Media,20203.625,1722.6353759765625,0.0,5.0,5.0,0.0,27,6.0,4.07,4,318.05999755859375,37.632782,29 Years and 5 Months,0.0,34.82558059692383,397.43796,0.01574272,0.0,0.020216456,Very_High,4,0.38606067604349004,0
CUS_0x85d,2023-05-01,45.0,Middle,Technical,41771.01953125,3293.918212890625,6.0,10.0,17.0,7.0,35,20.0,24.16,13,3524.72998046875,26.673027,8 Years and 9 Months,127.61760711669922,225.51708984375,236.25713,0.084382184,0.038743407,0.06846469,Very_High,6,0.6205598879199767,1
CUS_0x85fd,2023-05-01,42.0,Middle,Education_Media,40225.3203125,3609.110107421875,0.0,5.0,11.0,1.0,11,1.0,8.02,8,674.010009765625,38.963066,15 Years and 9 Months,18.377422332763672,116.31640625,375.10855,0.016755864,0.005091954,0.032228556,Very_High,3,0.29708748756480335,0
CUS_0x862b,2023-05-01,45.0,Middle,Management,145282.234375,,5.0,7.0,10.0,1.0,30,12.0,1.55,762,1417.239990234375,26.798685,23 Years and 9 Months,104.3514404296875,,187.35808,0.0097550815,,,Very_High,4,0.18232973492469268,0
CUS_0x866d,2023-05-01,42.0,Middle,Management,144962.4375,11940.203125,7.0,6.0,8.0,3.0,12,13.0,8.22,5,1264.6099853515625,35.720284,31 Years and 8 Months,229.0478515625,,268.7947,0.008723708,0.019182911,,Very_High,4,0.23825302142902938,0
CUS_0x8694,2023-05-01,24.0,Young,Technical,83330.3203125,7235.193359375,10.0,5.0,33.0,9.0,20,19.0,4.05,10,1538.1300048828125,37.07521,18 Years and 0 Months,342.2434997558594,72.56401824951172,548.7118,0.018458227,0.047302607,0.010029313,Very_High,6,0.7539406451135342,1
CUS_0x870c,2023-05-01,45.0,Middle,Management,19631.259765625,1724.9383544921875,2.0,4.0,9.0,4.0,3,4.0,,9,823.2100219726562,27.050575,32 Years and 5 Months,65.05130004882812,102.90152740478516,284.54102,0.041933633,0.037712246,0.05965519,Very_High,3,0.5125593036739304,1
CUS_0x87a,2023-05-01,34.0,Adult,Skilled_Trade,20274.939453125,1629.578369140625,1.0,6.0,5.0,1.0,8,3.0,2.0,3,11.020000457763672,24.188766,22 Years and 0 Months,14.553543090820312,131.20724487304688,287.19705,0.0005435282,0.008930864,0.08051607,Very_High,3,0.33659953268183346,0
CUS_0x87a2,2023-05-01,29.0,Adult,Management,95099.703125,7950.97509765625,6.0,7.0,12.0,4.0,15,15.0,7.14,4,210.86000061035156,35.611473,29 Years and 8 Months,217.37149047851562,150.5393829345703,667.18665,0.002217252,0.027338972,0.018933449,Very_High,5,0.3660798822429221,0
CUS_0x87ba,2023-05-01,36.0,Middle,Management,62932.48046875,5437.37353515625,6.0,10.0,23.0,4.0,11,17.0,19.12,13,2412.60009765625,25.081337,8 Years and 2 Months,,383.0844421386719,300.1109,0.038336325,,0.07045395,Very_High,5,0.798590845996219,1
CUS_0x87cb,2023-05-01,34.0,Adult,Other,30620.689453125,2322.72412109375,3.0,7.0,10.0,3.0,11,8.0,10.46,3,1395.6400146484375,38.94375,18 Years and 3 Months,67.05381774902344,,370.02365,0.045578334,0.02886861,,Very_High,4,0.4458675062721461,0
CUS_0x8843,2023-05-01,37.0,Middle,Technical,11911.71484375,917.6429443359375,5.0,6.0,11.0,6.0,25,20.0,11.41,8,1147.489990234375,31.006582,7 Years and 8 Months,33.12245559692383,39.826995849609375,308.81485,0.09633289,0.036095146,0.04340141,Very_High,5,0.4121257145808308,0
CUS_0x8844,2023-05-01,35.0,Middle,Skilled_Trade,,,5.0,4.0,6.0,3.0,7,5.0,1.12,7,1078.6199951171875,43.327732,30 Years and 10 Months,,242.4136962890625,1092.0681,,,,Very_High,3,0.09204689488832189,0
CUS_0x885f,2023-05-01,29.0,Adult,Management,,379.6029052734375,8.0,9.0,27.0,4.0,47,18.0,14.25,7,2399.8798828125,29.915493,18 Years and 2 Months,22.55559539794922,20.239877700805664,285.16483,,0.05941892,0.053318553,Very_High,6,0.6150652584860524,1
CUS_0x88b8,2023-05-01,54.0,Senior,Education_Media,72363.71875,6124.31005859375,5.0,3.0,8.0,3.0,0,3.0,12.85,7,364.45001220703125,35.980732,20 Years and 5 Months,137.67295837402344,,499.9409,0.005036364,0.02247975,,Very_High,3,0.26626981278837286,0
CUS_0x88e3,2023-05-01,20.0,Young,Technical,60829.80078125,5207.14990234375,4.0,5.0,,3.0,7,5.0,0.64,2,445.3900146484375,26.954386,32 Years and 8 Months,106.3185043334961,133.8642578125,520.5322,0.007321905,0.020417793,0.02570778,Very_High,3,0.1369190274342552,0
CUS_0x8908,2023-05-01,17.0,Young,Professional,8375.4599609375,531.9550170898438,7.0,5.0,10.0,4.0,16,8.0,17.66,5,1885.8900146484375,40.75506,5 Years and 9 Months,16.29125213623047,16.271358489990234,270.6329,0.22516853,0.030625245,0.030587846,Very_High,4,0.6160569176083573,1
CUS_0x8925,2023-05-01,35.0,Middle,Professional,45705.78125,3866.81494140625,8.0,3.0,20.0,0.0,9,8.0,9.97,4,132.3000030517578,41.196857,30 Years and 6 Months,0.0,168.10462951660156,478.57687,0.002894601,0.0,0.04347367,Very_High,5,0.31884750081958024,0
CUS_0x8959,2023-05-01,42.0,Middle,Professional,72618.3203125,6295.52685546875,5.0,6.0,14.0,3.0,6,17.0,17.02,1,805.9500122070312,29.767788,27 Years and 11 Months,127.500732421875,208.35760498046875,563.69434,0.011098439,0.020252591,0.033096135,Very_High,5,0.22288968736619644,0
CUS_0x895d,2023-05-01,32.0,Adult,Education_Media,30638.9296875,2801.244140625,5.0,6.0,16.0,4.0,13,13.0,0.64,5,1472.2099609375,39.512257,17 Years and 0 Months,74.63292694091797,145.31866455078125,350.17282,0.048050307,0.026642779,0.051876474,Very_High,4,0.7094956089630071,1
CUS_0x897e,2023-05-01,37.0,Middle,Skilled_Trade,58604.3203125,4788.693359375,7.0,7.0,18.0,6.0,41,21.0,8.75,2358,1887.3199462890625,28.68947,20 Years and 2 Months,197.42514038085938,240.9486541748047,310.4955,0.03220445,0.041227352,0.05031616,Very_High,6,0.8432523234087997,1
CUS_0x89ec,2023-05-01,40.0,Middle,Professional,16138.98046875,1236.9150390625,8.0,7.0,16.0,5.0,27,14.0,16.45,13,1278.8800048828125,31.887478,17 Years and 10 Months,44.32788848876953,24.778018951416016,304.5856,0.079241686,0.035837457,0.020032112,Very_High,5,0.7011100001608643,1
CUS_0x8a20,2023-05-01,55.0,Senior,Education_Media,85038.8671875,6836.572265625,0.0,2.0,6.0,3.0,6,8.0,3.86,2,995.2000122070312,23.852577,23 Years and 4 Months,154.41024780273438,174.97714233398438,594.26984,0.011702884,0.022585915,0.02559428,Very_High,4,0.22284055280132273,0
CUS_0x8a31,2023-05-01,41.0,Middle,Skilled_Trade,147510.765625,,3.0,7.0,8.0,0.0,27,1.0,4.97,3,1461.3800048828125,35.31221,16 Years and 6 Months,0.0,,955.3219,0.009906938,,,Very_High,3,0.10193738856431507,0
CUS_0x8a5,2023-05-01,46.0,Middle,Management,36779.8984375,2854.99169921875,5.0,4.0,10.0,0.0,24,4.0,3.34,6,1015.8099975585938,30.714643,26 Years and 6 Months,0.0,137.59710693359375,437.90204,0.027618619,0.0,0.048195273,Very_High,3,0.45013185430935826,0
CUS_0x8a73,2023-05-01,48.0,Middle,Management,74437.4375,6184.1201171875,5.0,7.0,4.0,2.0,3,2.0,7.45,3,440.17999267578125,39.170567,32 Years and 3 Months,104.4110336303711,351.45648193359375,452.54446,0.005913422,0.016883733,0.05683209,Very_High,3,0.2936511760461158,0
CUS_0x8acf,2023-05-01,36.0,Middle,Professional,,,0.0,4.0,12.0,3.0,3,8.0,11.22,3,422.760009765625,25.06615,24 Years and 5 Months,325.04949951171875,,1002.4797,,,,Very_High,4,0.2525198557871456,0
CUS_0x8ba3,2023-05-01,33.0,Adult,Technical,105080.7578125,8488.73046875,5.0,5.0,7.0,1.0,20,11.0,12.62,2,361.25,43.59632,29 Years and 2 Months,,,928.8964,0.003437832,,,Very_High,5,0.14681026416271908,0
CUS_0x8ba4,2023-05-01,16.0,Young,Professional,35398.640625,3123.88671875,8.0,7.0,15.0,3.0,20,14.0,19.4,9,1530.5699462890625,37.925014,18 Years and 10 Months,86.56126403808594,126.21764373779297,349.60977,0.0432381,0.027709477,0.04040404,Very_High,5,0.8781313545165127,1
CUS_0x8bcc,2023-05-01,51.0,Senior,Other,123485.0390625,10299.419921875,4.0,4.0,6.0,3.0,14,9.0,8.17,5,1063.3900146484375,27.339819,19 Years and 9 Months,290.0199890136719,,563.653,0.008611489,0.028158866,,Very_High,4,0.23566974754355918,0
CUS_0x8bfe,2023-05-01,23.0,Young,Professional,19016.2890625,1648.9515380859375,5.0,5.0,5.0,1.0,18,1.0,11.42,5,714.530029296875,30.695309,21 Years and 9 Months,133.43190002441406,45.61695861816406,370.8595,0.03757463,0.080919236,0.02766422,Very_High,3,0.3871401840192949,0
CUS_0x8cce,2023-05-01,36.0,Middle,Education_Media,29969.66015625,2418.4716796875,8.0,6.0,18.0,1.0,22,18.0,18.97,8,157.07000732421875,28.000156,22 Years and 8 Months,14.380461692810059,140.49267578125,356.97403,0.005240967,0.0059460946,0.05809151,Very_High,5,0.3238813966296785,0
CUS_0x8cd,2023-05-01,20.0,Young,Skilled_Trade,7367.10986328125,616.9258422851562,10.0,6.0,29.0,7.0,17,22.0,29.92,12,,24.184404,6 Years and 5 Months,28.270885467529297,30.669591903686523,292.7521,,0.045825418,0.049713578,Very_High,4,0.603998379282775,1
CUS_0x8cd0,2023-05-01,28.0,Adult,Skilled_Trade,44928.26953125,3700.0224609375,8.0,8.0,24.0,,34,19.0,2.96,12,2132.7900390625,30.178045,10 Years and 0 Months,241.77505493164062,142.7724609375,235.45473,0.047471,0.065344214,0.03858692,Very_High,6,0.7973062873092664,1
CUS_0x8d02,2023-05-01,28.0,Adult,Management,29453.83984375,2227.486572265625,7.0,5.0,12.0,5.0,7,20.0,19.45,10,249.36000061035156,25.243753,15 Years and 2 Months,86.08631134033203,40.5870475769043,346.07532,0.008466129,0.038647287,0.018221006,Very_High,4,0.2563159471505732,0
CUS_0x8dc0,2023-05-01,34.0,Adult,Professional,15185.650390625,1329.4708251953125,8.0,9.0,27.0,,43,15.0,17.75,12,2265.530029296875,38.712734,15 Years and 11 Months,22.7308406829834,68.69771575927734,321.51852,0.14918888,0.017097661,0.051672976,Very_High,5,0.6662480799492905,1
CUS_0x8dfa,2023-05-01,26.0,Adult,Education_Media,61936.87890625,5216.40673828125,4.0,4.0,7.0,5.0,20,22.0,10.39,9,1877.97998046875,31.68369,18 Years and 10 Months,,111.82547760009766,426.45374,0.030320868,,0.021437261,Very_High,5,0.47196847417864085,0
CUS_0x8ecf,2023-05-01,35.0,Middle,Education_Media,70978.4375,5993.8701171875,6.0,4.0,21.0,5.0,25,17.0,26.58,8,1587.97998046875,28.594769,14 Years and 6 Months,262.8315734863281,404.87335205078125,201.68208,0.02237271,0.04385006,0.0675479,Very_High,4,0.5501879287739821,1
CUS_0x8f0c,2023-05-01,42.0,Middle,Technical,50243.21875,4107.93505859375,8.0,3.0,19.0,3.0,17,14.0,12.19,2,1161.0999755859375,31.779737,27 Years and 5 Months,62.899234771728516,126.4697265625,471.42453,0.023109585,0.015311643,0.030786691,Very_High,4,0.4510033328332984,0
CUS_0x8fa0,2023-05-01,49.0,Middle,Technical,72412.84375,5913.4033203125,7.0,4.0,5.0,2.0,29,10.0,11.95,3,1062.0999755859375,29.42098,26 Years and 9 Months,66.7464828491211,177.49160766601562,597.10223,0.0146672875,0.011287321,0.030015137,Very_High,5,0.25686665390347657,0
CUS_0x8fdf,2023-05-01,18.0,Young,Professional,107871.8984375,8816.3251953125,3.0,4.0,8.0,,25,20.0,6.27,2,1005.8300170898438,29.419527,32 Years and 10 Months,227.24179077148438,,458.92593,0.009324301,0.025775114,,Very_High,5,0.46056980828133,0
CUS_0x8fea,2023-05-01,30.0,Adult,Professional,19159.564453125,1385.63037109375,1.0,6.0,11.0,2.0,1,10.0,1.8,3,677.5800170898438,32.63548,26 Years and 11 Months,24.534854888916016,43.380985260009766,340.64722,0.035365105,0.017706638,0.03130776,Very_High,4,0.2737153825266207,0
CUS_0x903f,2023-05-01,37.0,Middle,Management,67097.28125,5132.22607421875,3.0,3.0,11.0,,18,15.0,11.16,1387,1138.9599609375,23.577188,23 Years and 0 Months,,135.83482360839844,471.92746,0.016974756,,0.026467038,Very_High,5,0.19587540886535412,0
CUS_0x905e,2023-05-01,19.0,Young,Skilled_Trade,18784.375,1574.3646240234375,5.0,,5.0,,7,10.0,11.08,0,55.20000076293945,29.940498,24 Years and 8 Months,11.689078330993652,62.28436279296875,373.463,0.0029386126,0.007424632,0.03956159,Very_High,4,0.18242468330976666,0
CUS_0x9087,2023-05-01,43.0,Middle,Education_Media,81142.9609375,6614.91357421875,3.0,5.0,9.0,4.0,15,2.0,9.72,4,580.9400024414062,34.51518,32 Years and 10 Months,207.58453369140625,235.07437133789062,498.83243,0.0071594627,0.03138129,0.035537027,Very_High,3,0.503504061897288,1
CUS_0x90a1,2023-05-01,36.0,Middle,Professional,32230.580078125,2770.881591796875,7.0,10.0,18.0,7.0,28,19.0,6.31,16,1473.280029296875,25.376747,11 Years and 10 Months,124.07484436035156,106.6828384399414,296.33047,0.045710627,0.044778112,0.038501408,Very_High,4,0.8204103392840134,1
CUS_0x9189,2023-05-01,39.0,Middle,Management,65050.3203125,5626.85986328125,8.0,5.0,15.0,6.0,36,12.0,2.19,7,1566.550048828125,27.041048,10 Years and 5 Months,173.04153442382812,129.66049194335938,509.98398,0.024082126,0.03075277,0.023043135,Very_High,5,0.7066058698530672,1
CUS_0x91c4,2023-05-01,32.0,Adult,Education_Media,118568.6015625,9789.716796875,8.0,7.0,6.0,7.0,21,16.0,7.54,8,95.37999725341797,29.710989,7 Years and 5 Months,,,72.9632,0.00080442877,,,Very_High,5,0.2744453118989786,0
CUS_0x9274,2023-05-01,54.0,Senior,Management,19797.89453125,1816.8245849609375,4.0,4.0,6.0,1.0,7,4.0,9.28,3,607.6699829101562,24.329273,15 Years and 11 Months,13.047194480895996,179.7857208251953,278.84955,0.030693667,0.0071813175,0.09895601,Very_High,3,0.32035593077743724,0
CUS_0x9275,2023-05-01,23.0,Young,Other,30370.08984375,2266.8408203125,1.0,4.0,8.0,0.0,6,9.0,4.94,0,1333.9300537109375,34.9107,21 Years and 10 Months,0.0,165.1917724609375,341.4923,0.04392249,0.0,0.07287312,Very_High,4,0.2588707281520532,0
CUS_0x9296,2023-05-01,20.0,Young,Management,8649.849609375,780.2804565429688,7.0,10.0,34.0,5.0,58,21.0,8.04,13,2289.3798828125,35.631065,11 Years and 11 Months,68.54547119140625,23.544361114501953,307.23267,0.2646728,0.087847225,0.03017423,Very_High,6,0.8029142408956007,1
CUS_0x9297,2023-05-01,28.0,Adult,Professional,37823.26953125,2994.939208984375,3.0,5.0,12.0,2.0,14,12.0,7.14,8,504.8500061035156,25.969517,24 Years and 9 Months,59.039180755615234,136.1586456298828,364.29608,0.013347603,0.01971298,0.045462906,Very_High,4,0.09458017776189308,0
CUS_0x93bb,2023-05-01,20.0,Young,Professional,41543.640625,3620.969970703125,8.0,5.0,21.0,,17,19.0,16.56,13,2638.030029296875,34.016712,15 Years and 2 Months,53.27462387084961,143.3477325439453,334.3252,0.06350021,0.014712805,0.039588213,Very_High,5,0.871245634927941,1
CUS_0x93d2,2023-05-01,20.0,Young,Education_Media,16931.69921875,1656.9749755859375,8.0,5.0,23.0,3.0,42,16.0,1.17,15,1557.4100341796875,26.791143,16 Years and 10 Months,25.884004592895508,107.78514862060547,322.02835,0.09198191,0.01562124,0.06504935,Very_High,6,0.8785196258145948,1
CUS_0x9434,2023-05-01,21.0,Young,Professional,55907.51953125,4543.9599609375,3.0,9.0,15.0,5.0,6,11.0,8.71,15,1474.6300048828125,32.127613,19 Years and 6 Months,192.70103454589844,231.4024200439453,290.29254,0.026376238,0.042408172,0.050925277,Very_High,5,0.3059677117654944,0
CUS_0x9534,2023-05-01,54.0,Senior,Skilled_Trade,133394.484375,10851.20703125,5.0,4.0,10.0,4.0,-1,11.0,4.07,2,948.7899780273438,32.408325,15 Years and 10 Months,,,142.84894,0.007112663,,,Very_High,4,0.11697914236125037,0
CUS_0x95ef,2023-05-01,31.0,Adult,Skilled_Trade,58427.30859375,4717.9423828125,10.0,5.0,23.0,4.0,50,19.0,18.39,6,1956.43994140625,38.05071,17 Years and 6 Months,125.59569549560547,183.93577575683594,412.2628,0.033485025,0.026620863,0.03898644,Very_High,6,0.8746561436525218,1
CUS_0x95f0,2023-05-01,18.0,Young,Education_Media,33662.51171875,3004.209228515625,4.0,4.0,9.0,3.0,25,15.0,8.53,12,1448.300048828125,31.74557,31 Years and 3 Months,76.80770874023438,23.150405883789062,440.4628,0.043024123,0.025566697,0.0077059898,Very_High,5,0.6228952921302184,1
CUS_0x970b,2023-05-01,17.0,Young,Technical,25417.330078125,2036.11083984375,7.0,7.0,19.0,7.0,22,19.0,12.58,6,432.760009765625,31.827368,14 Years and 11 Months,,46.87453842163086,305.53403,0.017026179,,0.023021605,Very_High,5,0.20426570103941455,0
CUS_0x973e,2023-05-01,29.0,Adult,Technical,54284.94140625,4673.7451171875,7.0,8.0,30.0,7.0,44,24.0,28.63,11,,30.536356,5 Years and 6 Months,190.6419677734375,,65.40268,,0.04078998,,Very_High,6,0.6222434267036941,1
CUS_0x980b,2023-05-01,35.0,Middle,Professional,147048.796875,,0.0,1.0,10.0,1.0,8,4.0,3.14,4,1205.3199462890625,34.605606,32 Years and 9 Months,77.93148803710938,,1130.7245,0.008196735,,,Very_High,3,0.20163376069947447,0
CUS_0x9819,2023-05-01,47.0,Middle,Education_Media,24363.779296875,1792.31494140625,3.0,3.0,19.0,2.0,9,17.0,15.79,4,242.11000061035156,27.32383,32 Years and 5 Months,32.81755447387695,72.42932891845703,323.98462,0.009937293,0.01831015,0.04041105,Very_High,5,0.20375652828007018,0
CUS_0x981d,2023-05-01,35.0,Middle,Technical,20063.560546875,1832.96337890625,6.0,9.0,30.0,6.0,13,21.0,13.15,11,2633.669921875,39.246162,19 Years and 3 Months,95.00260925292969,85.05638122558594,263.23734,0.13126633,0.051830065,0.046403755,Very_High,4,0.6720941671761856,1
CUS_0x982e,2023-05-01,52.0,Senior,Skilled_Trade,24353.630859375,1851.4691162109375,6.0,7.0,11.0,1.0,25,11.0,17.24,4,806.4000244140625,36.485394,23 Years and 10 Months,15.465946197509766,191.7916717529297,267.88928,0.033112105,0.008353338,0.10358891,Very_High,4,0.1320286634876418,0
CUS_0x9902,2023-05-01,31.0,Adult,Management,141474.203125,11536.5166015625,3.0,3.0,18.0,0.0,11,11.0,15.62,5,364.3800048828125,30.174494,24 Years and 0 Months,0.0,,706.9078,0.0025755933,0.0,,Very_High,5,0.131301413567263,0
CUS_0x9919,2023-05-01,39.0,Middle,Skilled_Trade,14365.5400390625,1486.1282958984375,8.0,9.0,25.0,,40,20.0,5.49,12,2530.47998046875,25.88673,19 Years and 4 Months,16.268997192382812,41.8758659362793,360.46796,0.17614931,0.010947236,0.028177828,Very_High,4,0.803981474518279,1
CUS_0x9931,2023-05-01,34.0,Adult,Professional,31741.5703125,2858.130859375,4.0,4.0,15.0,1.0,21,8.0,7.78,7,1231.1700439453125,33.231823,32 Years and 4 Months,16.90410041809082,365.919189453125,192.98979,0.03878731,0.00591439,0.12802744,Very_High,5,0.40723579780310865,0
CUS_0x995,2023-05-01,26.0,Adult,Skilled_Trade,18122.58984375,1233.2158203125,7.0,5.0,24.0,,19,21.0,,12,3296.18994140625,28.020914,10 Years and 9 Months,122.9246826171875,86.1102294921875,204.28667,0.18188295,0.09967816,0.06982576,Very_High,6,0.7900459344299338,1
CUS_0x99a,2023-05-01,22.0,Young,Professional,76650.1171875,6558.509765625,8.0,7.0,8.0,4.0,24,10.0,13.37,5,1636.010009765625,28.758026,18 Years and 10 Months,129.6209259033203,325.68170166015625,480.54837,0.021343868,0.019763777,0.04965788,Very_High,5,0.7560916167014289,1
CUS_0x99f1,2023-05-01,27.0,Adult,Other,30976.75,2864.395751953125,8.0,,1.0,1.0,5,8.0,7.69,5,267.2200012207031,33.435005,26 Years and 2 Months,23.817731857299805,84.21903228759766,447.9076,0.00862647,0.0083150985,0.029402023,Very_High,4,0.23838684051556916,0
CUS_0x9a92,2023-05-01,28.0,Adult,Skilled_Trade,28575.400390625,2603.283447265625,6.0,10.0,25.0,8.0,59,15.0,16.07,17,2641.739990234375,23.619131,14 Years and 5 Months,135.2581024169922,61.387542724609375,333.68268,0.09244805,0.05195673,0.023580814,Very_High,6,0.6468370839100382,1
CUS_0x9b0f,2023-05-01,56.0,Senior,Skilled_Trade,14337.5595703125,1422.796630859375,3.0,4.0,8.0,4.0,20,16.0,8.45,7,771.3499755859375,37.30529,27 Years and 2 Months,28.021465301513672,108.6446304321289,295.6136,0.053799253,0.01969464,0.07635991,Very_High,4,0.2954525386875109,0
CUS_0x9b46,2023-05-01,21.0,Young,Skilled_Trade,109547.1015625,9086.9248046875,6.0,4.0,11.0,0.0,17,10.0,9.92,3,171.63999938964844,30.873362,21 Years and 6 Months,0.0,138.00270080566406,1010.6898,0.0015668146,0.0,0.015186953,Very_High,5,0.4573080526979675,0
CUS_0x9b5a,2023-05-01,29.0,Adult,Management,22017.779296875,1576.81494140625,3.0,7.0,11.0,2.0,9,18.0,14.49,9,1175.8800048828125,33.237453,26 Years and 2 Months,32.85181427001953,89.68473815917969,315.14496,0.05340593,0.020834286,0.056877147,Very_High,5,0.3688336118301109,0
CUS_0x9be9,2023-05-01,26.0,Adult,Education_Media,,3468.58251953125,,6.0,15.0,7.0,30,15.0,15.53,11,1489.72998046875,30.589468,13 Years and 8 Months,214.00978088378906,156.4584197998047,236.39005,,0.06169949,0.04510731,Very_High,4,0.4428149152204361,0
CUS_0x9bf9,2023-05-01,37.0,Middle,Technical,78953.921875,6384.85888671875,10.0,10.0,22.0,5.0,52,15.0,21.14,13,,31.45445,12 Years and 8 Months,,,503.0121,,,,Very_High,6,0.8494771041589388,1
CUS_0x9c28,2023-05-01,34.0,Adult,Professional,17645.66015625,1671.4716796875,4.0,9.0,25.0,5.0,17,8.0,18.7,9,1820.550048828125,26.250418,20 Years and 4 Months,49.18230438232422,40.247772216796875,327.7171,0.10317268,0.029424552,0.024079243,Very_High,5,0.7875288240420426,1
CUS_0x9c30,2023-05-01,51.0,Senior,Other,84031.0234375,7021.5849609375,5.0,3.0,1.0,0.0,7,9.0,4.48,3,1325.8399658203125,39.41384,26 Years and 0 Months,0.0,210.0658721923828,742.0926,0.015777983,0.0,0.029917158,Very_High,4,0.20275605863817064,0
CUS_0x9cc4,2023-05-01,53.0,Senior,Technical,11514.0849609375,881.507080078125,7.0,5.0,8.0,0.0,18,10.0,4.76,6,1408.300048828125,38.230114,27 Years and 6 Months,0.0,117.1177978515625,261.03293,0.12231107,0.0,0.13286087,Very_High,5,0.5078028468074606,1
CUS_0x9ce8,2023-05-01,31.0,Adult,Skilled_Trade,29182.33984375,2479.861572265625,8.0,10.0,28.0,5.0,41,18.0,,12,,24.795835,7 Years and 3 Months,121.49954986572266,160.51963806152344,255.96698,,0.04899449,0.06472927,Very_High,6,0.8036690220253396,1
CUS_0x9d86,2023-05-01,29.0,Adult,Professional,120091.921875,10239.66015625,0.0,2.0,5.0,1.0,15,12.0,-4.45,5,1132.4599609375,41.244904,23 Years and 11 Months,84.40522766113281,,700.49744,0.009429943,0.008242971,,Very_High,4,0.47107241820789997,0
CUS_0x9df6,2023-05-01,25.0,Adult,Technical,8422.384765625,873.8654174804688,3.0,5.0,14.0,4.0,16,20.0,12.61,13,62.65999984741211,39.943775,7 Years and 10 Months,18.912982940673828,61.064453125,297.40912,0.007439698,0.021642901,0.069878556,Very_High,5,0.1096581927109807,0
CUS_0x9e3c,2023-05-01,18.0,Young,Professional,33579.26953125,2523.2724609375,6.0,5.0,20.0,3.0,18,14.0,13.51,7,517.7999877929688,23.883852,21 Years and 4 Months,70.92850494384766,105.587646484375,325.8111,0.015420228,0.02810973,0.04184552,Very_High,5,0.2722519809303443,0
CUS_0x9f3,2023-05-01,28.0,Adult,Education_Media,28276.4296875,2146.369140625,2.0,5.0,8.0,1.0,-3,0.0,4.99,5,377.2300109863281,25.362448,23 Years and 3 Months,14.01666259765625,49.837520599365234,390.78275,0.013340794,0.0065304064,0.023219455,Very_High,2,0.09403123431007059,0
CUS_0x9f5e,2023-05-01,16.0,Young,Technical,72458.4375,5826.203125,9.0,10.0,24.0,7.0,53,20.0,4.86,14,2085.35009765625,27.2115,10 Years and 4 Months,224.4971923828125,215.71829223632812,402.40485,0.028779948,0.03853233,0.037025537,Very_High,6,0.8407712042453405,1
CUS_0x9fab,2023-05-01,41.0,Middle,Technical,27738.990234375,2120.58251953125,5.0,7.0,20.0,0.0,17,9.0,0.87,0,425.010009765625,26.241182,17 Years and 8 Months,0.0,87.36444091796875,374.69382,0.015321755,0.0,0.04119832,Very_High,5,0.3436580853608358,0
CUS_0xa005,2023-05-01,41.0,Middle,Professional,19627.140625,1871.594970703125,4.0,7.0,,7.0,24,19.0,7.83,8,402.5400085449219,29.624903,13 Years and 3 Months,87.2333984375,242.76275634765625,147.16335,0.020509357,0.046609122,0.12970902,Very_High,5,0.255944794303544,0
CUS_0xa03c,2023-05-01,49.0,Middle,Professional,93898.046875,7739.83740234375,5.0,2.0,1.0,4.0,9,11.0,3.43,1,31.440000534057617,29.880987,22 Years and 5 Months,256.2691955566406,193.00607299804688,574.7085,0.00033483125,0.03311041,0.02493671,Very_High,4,0.23862014193999231,0
CUS_0xa04f,2023-05-01,43.0,Middle,Technical,135941.28125,11058.4404296875,3.0,3.0,11.0,3.0,27,6.0,7.21,0,1209.3199462890625,29.459389,31 Years and 3 Months,,361.8082275390625,741.75116,0.008895899,,0.032717835,Very_High,4,0.09000680888982282,0
CUS_0xa0ee,2023-05-01,15.0,Young,Education_Media,15444.740234375,1255.0616455078125,7.0,7.0,27.0,5.0,11,9.0,10.93,4,2324.659912109375,32.83831,7 Years and 0 Months,46.550132751464844,70.78522491455078,278.1708,0.15051466,0.037089918,0.0563998,Very_High,5,0.6819005668058924,1
CUS_0xa0f4,2023-05-01,35.0,Middle,Education_Media,48662.01953125,4301.16845703125,7.0,7.0,5.0,4.0,32,13.0,11.96,2,660.0900268554688,39.339157,31 Years and 6 Months,86.44703674316406,28.1191463470459,555.55066,0.013564789,0.0200985,0.00653756,Very_High,5,0.34185251574837155,0
CUS_0xa11c,2023-05-01,,Unknown,Technical,36913.87890625,2859.15673828125,6.0,5.0,16.0,7.0,48,21.0,28.27,7,,22.85067,4 Years and 0 Months,214.30926513671875,227.72853088378906,133.87787,,0.07495541,0.079648845,Very_High,6,0.4841412313589311,0
CUS_0xa12,2023-05-01,38.0,Middle,Education_Media,17172.140625,1381.01171875,5.0,6.0,,3.0,22,16.0,24.21,7,2334.97998046875,25.364162,10 Years and 3 Months,24.95699119567871,106.89754486083984,296.24664,0.1359749,0.018071527,0.077405244,Very_High,5,0.7788970164565211,1
CUS_0xa1ab,2023-05-01,35.0,Middle,Professional,40561.19921875,3616.10009765625,9.0,6.0,28.0,8.0,60,20.0,16.76,17,3158.449951171875,34.958324,11 Years and 4 Months,189.3974609375,49.57606506347656,280.84235,0.07786875,0.052376166,0.013709815,Very_High,6,0.6341781454467377,1
CUS_0xa299,2023-05-01,45.0,Middle,Education_Media,78569.8984375,6667.49169921875,3.0,5.0,2.0,0.0,10,10.0,8.76,6,1316.3399658203125,35.8958,15 Years and 11 Months,0.0,156.46539306640625,750.28375,0.016753744,0.0,0.023466906,Very_High,4,0.19332528925544779,0
CUS_0xa29a,2023-05-01,38.0,Middle,Professional,84609.78125,6579.68994140625,5.0,4.0,1.0,3.0,28,9.0,3.82,0,254.3000030517578,38.5259,23 Years and 0 Months,,163.09271240234375,658.02496,0.0030055628,,0.024787294,Very_High,4,0.18281083046669805,0
CUS_0xa2de,2023-05-01,36.0,Middle,Professional,137672.125,11613.6767578125,6.0,7.0,7.0,2.0,14,8.0,18.2,8,43.560001373291016,30.051449,31 Years and 3 Months,169.55531311035156,150.30258178710938,147.48709,0.00031640392,0.014599624,0.012941861,Very_High,4,0.3761755791964933,0
CUS_0xa300,2023-05-01,50.0,Senior,Professional,,,3.0,1.0,6.0,1.0,2,11.0,5.67,3,1154.5899658203125,39.152912,25 Years and 11 Months,130.03704833984375,150.2630157470703,1317.773,,,,Very_High,4,0.10584334617560948,0
CUS_0xa326,2023-05-01,40.0,Middle,Other,16041.330078125,1281.7774658203125,9.0,6.0,24.0,9.0,48,20.0,27.32,11,2509.580078125,39.948357,6 Years and 6 Months,76.80902099609375,139.06228637695312,202.30644,0.15644464,0.059923835,0.108491756,Very_High,6,0.4977562405986689,0
CUS_0xa342,2023-05-01,19.0,Young,Technical,126744.390625,10545.0322265625,5.0,4.0,1.0,4.0,1,7.0,2.31,1,839.5700073242188,29.342163,31 Years and 4 Months,313.9426574707031,246.29759216308594,744.263,0.00662412,0.029771617,0.023356741,Very_High,4,0.19828444380026589,0
CUS_0xa37,2023-05-01,30.0,Adult,Skilled_Trade,8721.60546875,927.8004150390625,6.0,7.0,20.0,2.0,15,14.0,6.48,7,2592.449951171875,35.785652,11 Years and 4 Months,12.867951393127441,38.666439056396484,331.24567,0.29724458,0.01386931,0.041675385,Very_High,5,0.6572023861887522,1
CUS_0xa42f,2023-05-01,32.0,Adult,Technical,17576.51953125,1234.7099609375,4.0,7.0,2.0,3.0,24,11.0,-1.07,4,235.86000061035156,40.263725,17 Years and 2 Months,29.73700714111328,83.1015625,280.63242,0.013419039,0.024084205,0.06730452,Very_High,4,0.3491426310153124,0
CUS_0xa5ac,2023-05-01,46.0,Middle,Education_Media,83627.1171875,6843.9267578125,6.0,7.0,9.0,3.0,5,20.0,1.34,1086,2312.090087890625,36.81217,8 Years and 11 Months,189.56362915039062,315.49365234375,459.3354,0.027647613,0.02769808,0.04609834,Very_High,5,0.6480571405573975,1
CUS_0xa5b6,2023-05-01,42.0,Middle,Management,13019.76953125,863.9808349609375,7.0,4.0,13.0,1.0,10,13.0,0.92,3,937.2000122070312,23.885826,26 Years and 3 Months,5.905518054962158,73.12155151367188,277.371,0.07198284,0.006835242,0.084633306,Very_High,4,0.347737483917404,0
CUS_0xa5be,2023-05-01,54.0,Senior,Management,30084.890625,2375.07421875,5.0,5.0,7.0,3.0,12,20.0,10.57,4,115.83999633789062,37.38439,15 Years and 10 Months,52.09709548950195,24.989246368408203,400.42108,0.0038504377,0.021934934,0.010521459,Very_High,5,0.23237311614088646,0
CUS_0xa5ee,2023-05-01,50.0,Senior,Management,22158.994140625,1597.5828857421875,2.0,5.0,5.0,1.0,7,0.0,8.53,4,720.0599975585938,26.213022,26 Years and 9 Months,18.40797996520996,108.54908752441406,322.8012,0.032495156,0.011522395,0.06794582,Very_High,2,0.41447963853852077,0
CUS_0xa66b,2023-05-01,41.0,Middle,Education_Media,33751.26953125,2948.605712890625,5.0,5.0,20.0,3.0,16,17.0,11.0,8,1328.9300537109375,31.139484,19 Years and 8 Months,65.00817108154297,25.96961212158203,443.88278,0.039374225,0.02204709,0.008807421,Very_High,5,0.6524682363060265,1
CUS_0xa685,2023-05-01,45.0,Middle,Professional,62538.30078125,5371.52490234375,2.0,5.0,8.0,3.0,5,8.0,8.8,5,1375.699951171875,30.45439,22 Years and 6 Months,87.79119873046875,62.990108489990234,636.3712,0.021997718,0.016343813,0.011726672,Very_High,4,0.30469304933437247,0
CUS_0xa696,2023-05-01,15.0,Young,Professional,9848.3203125,629.693359375,,7.0,9.0,6.0,8,10.0,11.94,7,227.8800048828125,37.482986,9 Years and 3 Months,32.11702346801758,25.245643615722656,239.5064,0.023138972,0.051004227,0.040091965,Very_High,5,0.17697205660975465,0
CUS_0xa6f4,2023-05-01,46.0,Middle,Professional,126091.7109375,10406.642578125,1.0,5.0,6.0,0.0,0,3.0,5.38,2,1456.2900390625,34.16209,19 Years and 4 Months,0.0,,746.2596,0.011549451,0.0,,Very_High,3,0.2607427986214662,0
CUS_0xa762,2023-05-01,27.0,Adult,Management,43820.671875,3658.722412109375,1.0,2.0,11.0,0.0,15,12.0,2.37,4,1301.4100341796875,34.150692,26 Years and 8 Months,0.0,77.79823303222656,538.07404,0.029698541,0.0,0.02126377,Very_High,4,0.20430079576190807,0
CUS_0xa77e,2023-05-01,35.0,Middle,Professional,19787.400390625,1379.949951171875,6.0,6.0,22.0,6.0,25,15.0,16.58,13,3099.570068359375,38.847218,6 Years and 3 Months,,112.77072143554688,237.01668,0.15664363,,0.08172088,Very_High,6,0.6687254631796812,1
CUS_0xa7ea,2023-05-01,38.0,Middle,Technical,15229.349609375,1021.1124877929688,10.0,10.0,27.0,5.0,27,17.0,24.28,10,,38.26744,14 Years and 3 Months,40.577232360839844,68.97509765625,262.55893,,0.03973826,0.06754897,Very_High,6,0.3823172695363146,0
CUS_0xa9f5,2023-05-01,22.0,Young,Education_Media,15088.349609375,1231.362548828125,7.0,8.0,29.0,3.0,38,19.0,8.88,16,2126.669921875,26.396729,16 Years and 0 Months,37.10487747192383,102.2618408203125,273.76953,0.14094782,0.030133186,0.08304771,Very_High,6,0.8285796083668511,1
CUS_0xaa15,2023-05-01,46.0,Middle,Technical,18124.17578125,1683.347900390625,6.0,5.0,11.0,3.0,7,13.0,11.87,4,335.04998779296875,33.244766,25 Years and 2 Months,31.98915672302246,62.03080368041992,334.31482,0.018486356,0.019003294,0.036849663,Very_High,4,0.20681747906930092,0
CUS_0xaa52,2023-05-01,41.0,Middle,Skilled_Trade,19013.28515625,1358.0848388671875,1.0,5.0,3.0,1.0,14,10.0,5.11,2,193.5800018310547,34.156197,18 Years and 8 Months,150.6873321533203,103.71229553222656,312.5,0.010181302,0.11095576,0.07636658,Very_High,4,0.21525572671000578,0
CUS_0xaa5b,2023-05-01,23.0,Young,Management,18671.919921875,1546.9932861328125,2.0,7.0,11.0,4.0,26,12.0,7.71,4,438.75,26.43143,21 Years and 8 Months,57.15643310546875,131.25392150878906,246.28899,0.023497852,0.03694679,0.08484453,Very_High,4,0.35481745703951695,0
CUS_0xaa85,2023-05-01,55.0,Senior,Technical,100097.1875,8455.4326171875,5.0,4.0,1.0,4.0,11,7.0,8.62,1,817.5700073242188,29.091902,22 Years and 4 Months,177.27711486816406,,478.606,0.008167762,0.02096606,,Very_High,4,0.4971579448517767,0
CUS_0xaac3,2023-05-01,,Unknown,Management,11631.4052734375,858.2837524414062,4.0,7.0,8.0,4.0,21,17.0,1.57,3,165.8800048828125,30.235052,31 Years and 10 Months,32.05796432495117,82.23023986816406,277.33865,0.01426139,0.037351243,0.09580775,Very_High,4,0.16157233571450466,0
CUS_0xab17,2023-05-01,26.0,Adult,Education_Media,142319.71875,,3.0,3.0,6.0,0.0,12,9.0,3.5,5,1092.52001953125,28.240627,28 Years and 6 Months,0.0,,990.3712,0.007676519,,,Very_High,4,0.07056779506310867,0
CUS_0xab2,2023-05-01,25.0,Adult,Other,41751.6484375,3442.30419921875,5.0,1.0,2.0,1.0,3,3.0,-3.68,6,279.1700134277344,25.2169,16 Years and 11 Months,32.80100631713867,134.3805694580078,467.04886,0.006686443,0.009528793,0.03903797,Very_High,3,0.2082177743571906,0
CUS_0xab92,2023-05-01,27.0,Adult,Professional,14562.8798828125,1069.5733642578125,7.0,4.0,18.0,4.0,11,10.0,11.05,10,1619.56005859375,28.72883,16 Years and 3 Months,43.28729248046875,73.45191192626953,280.21814,0.11121152,0.04047155,0.06867403,Very_High,5,0.7613606195943188,1
CUS_0xac39,2023-05-01,30.0,Adult,Education_Media,14952.0302734375,1445.00244140625,10.0,8.0,22.0,9.0,19,25.0,17.2,12,3566.2099609375,26.181622,4 Years and 6 Months,105.58361053466797,193.4342041015625,135.48244,0.23851009,0.07306812,0.13386427,Very_High,4,0.7838190526496585,1
CUS_0xac41,2023-05-01,29.0,Adult,Professional,62351.3984375,5454.9501953125,9.0,6.0,29.0,3.0,61,13.0,7.83,13,1277.489990234375,31.641386,7 Years and 9 Months,147.392578125,,200.12538,0.020488555,0.027019968,,Very_High,5,0.6574462831218116,1
CUS_0xac86,2023-05-01,20.0,Young,Management,106733.1328125,8873.427734375,4.0,4.0,1.0,0.0,7,6.0,0.86,1,76.2300033569336,39.24364,33 Years and 4 Months,0.0,384.76373291015625,792.57904,0.00071421126,0.0,0.043361343,Very_High,4,0.23893164517053875,0
CUS_0xad38,2023-05-01,37.0,Middle,Management,54481.55859375,4453.1298828125,7.0,6.0,15.0,7.0,62,21.0,2.0,9,3793.699951171875,25.41173,6 Years and 4 Months,238.79029846191406,162.98146057128906,293.54123,0.06963274,0.053623024,0.036599305,Very_High,6,0.7234607950436774,1
CUS_0xad3d,2023-05-01,41.0,Middle,Other,35824.6484375,3271.387451171875,7.0,4.0,15.0,3.0,16,19.0,10.68,1136,754.02001953125,28.967224,27 Years and 8 Months,58.79771423339844,76.87342071533203,451.46762,0.02104752,0.017973326,0.023498721,Very_High,5,0.42631236966944513,0
CUS_0xae34,2023-05-01,23.0,Young,Technical,33470.66015625,2562.2216796875,6.0,3.0,7.0,4.0,30,9.0,12.98,0,1423.219970703125,30.519691,20 Years and 0 Months,99.31719970703125,67.5960464477539,339.30893,0.04252142,0.03876214,0.026381811,Very_High,4,0.44466971536039984,0
CUS_0xae79,2023-05-01,51.0,Senior,Management,47280.76171875,3713.063232421875,5.0,3.0,17.0,0.0,12,20.0,11.91,3,1134.4100341796875,27.178858,27 Years and 8 Months,0.0,97.9244155883789,533.3819,0.023993058,0.0,0.026372945,Very_High,5,0.3640353311835034,0
CUS_0xb0e8,2023-05-01,25.0,Adult,Other,26921.130859375,2150.427490234375,5.0,7.0,17.0,4.0,23,17.0,3.01,4,124.0999984741211,33.462574,23 Years and 0 Months,72.52835083007812,62.913848876953125,349.60056,0.0046097618,0.03372741,0.029256439,Very_High,5,0.35404135994823527,0
CUS_0xb115,2023-05-01,24.0,Young,Other,27138.970703125,2453.580810546875,6.0,4.0,8.0,4.0,7,20.0,8.01,5,1190.6700439453125,27.109324,7 Years and 11 Months,70.78180694580078,33.41041564941406,391.16586,0.04387307,0.02884837,0.013617002,Very_High,5,0.24828153426895264,0
CUS_0xb143,2023-05-01,28.0,Adult,Management,36631.98046875,3336.6650390625,7.0,10.0,27.0,6.0,21,18.0,,12,2257.7099609375,30.971985,18 Years and 2 Months,142.3419647216797,228.36907958984375,232.95544,0.061632212,0.04265995,0.068442315,Very_High,6,0.679046850128805,1
CUS_0xb14c,2023-05-01,42.0,Middle,Technical,37057.578125,3063.131591796875,6.0,3.0,18.0,4.0,14,12.0,18.94,4,2230.0400390625,32.63255,9 Years and 5 Months,106.64252471923828,79.47884368896484,370.1918,0.060177706,0.034814868,0.025946924,Very_High,5,0.7541815193864385,1
CUS_0xb1bc,2023-05-01,35.0,Middle,Skilled_Trade,19194.75,1870.5625,6.0,8.0,23.0,2.0,17,19.0,-4.95,6,2456.949951171875,28.392996,7 Years and 8 Months,28.38685417175293,46.81440353393555,351.85498,0.12800114,0.015175571,0.025026912,Very_High,4,0.8075980187679724,1
CUS_0xb1dd,2023-05-01,56.0,Senior,Professional,12151.75,1187.6458740234375,5.0,3.0,10.0,1.0,15,15.0,-5.21,2,1011.030029296875,23.076185,23 Years and 5 Months,7.2499260902404785,124.78785705566406,276.7268,0.083200365,0.006104451,0.105071604,Very_High,4,0.4851476457374655,0
CUS_0xb203,2023-05-01,38.0,Middle,Skilled_Trade,8944.0703125,781.3391723632812,6.0,10.0,22.0,7.0,30,21.0,24.11,7,,34.851814,11 Years and 4 Months,43.78268814086914,32.16808319091797,292.18314,,0.056035444,0.041170448,Very_High,6,0.7112248648725648,1
CUS_0xb250,2023-05-01,22.0,Young,Skilled_Trade,19803.8203125,1526.318359375,7.0,7.0,25.0,5.0,32,19.0,4.06,12,1958.780029296875,35.168503,12 Years and 8 Months,73.58321380615234,125.03955841064453,244.00906,0.0989092,0.04820961,0.08192233,Very_High,4,0.7238495904531091,1
CUS_0xb282,2023-05-01,32.0,Adult,Management,131577.84375,11205.8203125,2.0,3.0,3.0,2.0,18,2.0,1.53,2,816.2100219726562,34.456284,21 Years and 10 Months,185.41220092773438,236.15383911132812,939.016,0.006203248,0.016546063,0.021074213,Very_High,3,0.5694184369341998,1
CUS_0xb293,2023-05-01,20.0,Young,Education_Media,72152.796875,5849.7333984375,4.0,7.0,3.0,3.0,19,2.0,9.04,5,847.3499755859375,39.670563,29 Years and 6 Months,171.8065643310547,99.77423858642578,563.3925,0.011743827,0.029369982,0.017056203,Very_High,3,0.7288534248236807,1
CUS_0xb3b0,2023-05-01,20.0,Young,Education_Media,40626.05078125,3516.504150390625,1.0,4.0,4.0,3.0,13,9.0,-1.44,3,74.13999938964844,33.00143,17 Years and 9 Months,53.881195068359375,68.04187774658203,479.72736,0.0018249374,0.015322375,0.019349296,Very_High,4,0.3419617465477688,0
CUS_0xb46b,2023-05-01,35.0,Middle,Management,17831.05078125,1382.9207763671875,6.0,5.0,16.0,3.0,20,18.0,9.4,6,1691.5400390625,30.094612,7 Years and 2 Months,42.79300308227539,113.28480529785156,272.21426,0.09486485,0.03094393,0.08191706,Very_High,5,0.7593779342744449,1
CUS_0xb4e2,2023-05-01,33.0,Adult,Other,36029.25,3111.4375,3.0,6.0,12.0,3.0,24,10.0,10.99,1,917.1699829101562,27.100851,31 Years and 11 Months,83.18282318115234,84.27812957763672,393.6828,0.02545626,0.02673453,0.027086558,Very_High,4,0.5462995587280683,1
CUS_0xb4fd,2023-05-01,28.0,Adult,Professional,37070.0,2939.166748046875,3.0,4.0,4.0,4.0,13,13.0,10.73,5,387.260009765625,28.28577,28 Years and 3 Months,103.09266662597656,372.2799072265625,108.544106,0.010446723,0.035075475,0.12666172,Very_High,4,0.2601263364527925,0
CUS_0xb583,2023-05-01,43.0,Middle,Education_Media,34192.01953125,2824.3349609375,1.0,1.0,8.0,3.0,9,0.0,5.91,5,178.64999389648438,24.804277,30 Years and 5 Months,61.642059326171875,90.37333679199219,380.4181,0.005224903,0.021825336,0.031998094,Very_High,2,0.3566877761835294,0
CUS_0xb59b,2023-05-01,35.0,Middle,Skilled_Trade,96047.21875,7775.93505859375,3.0,3.0,1.0,1.0,2,6.0,4.75,4,1366.2099609375,41.17451,17 Years and 11 Months,49.6567268371582,130.4279327392578,837.50885,0.014224357,0.0063859494,0.01677328,Very_High,4,0.18216309833846248,0
CUS_0xb5b9,2023-05-01,,Unknown,Professional,125943.6328125,10448.302734375,3.0,5.0,6.0,1.0,3,4.0,2.19,4,853.9400024414062,38.01185,23 Years and 8 Months,90.82935333251953,,506.14862,0.0067803347,0.008693216,,Very_High,3,0.16974094917335925,0
CUS_0xb70f,2023-05-01,42.0,Middle,Professional,42708.16015625,3595.013427734375,0.0,4.0,9.0,,3,9.0,3.67,7,1314.72998046875,23.339283,25 Years and 5 Months,55.487640380859375,363.60382080078125,230.40987,0.030784046,0.0154346125,0.101141155,Very_High,4,0.3524676222787811,0
CUS_0xb744,2023-05-01,50.0,Senior,Professional,130169.921875,11110.4931640625,8.0,6.0,17.0,1.0,24,12.0,9.62,2,354.32000732421875,34.623142,33 Years and 4 Months,91.75812530517578,172.03463745117188,1097.2566,0.0027219807,0.00825869,0.015483978,Very_High,5,0.3834410645860981,0
CUS_0xb82,2023-05-01,20.0,Young,Professional,,1077.1878662109375,10.0,8.0,23.0,,34,21.0,17.71,14,3109.050048828125,32.61959,5 Years and 0 Months,,83.14021301269531,257.14694,,,0.07718265,Very_High,6,0.5644710752979083,1
CUS_0xb9ea,2023-05-01,34.0,Adult,Education_Media,9133.044921875,777.0870971679688,6.0,7.0,34.0,6.0,61,16.0,15.26,11,3035.8798828125,28.296412,9 Years and 6 Months,30.201032638549805,31.012636184692383,276.49503,0.3324061,0.03886441,0.03990883,Very_High,6,0.7317430894565485,1
CUS_0xbaa8,2023-05-01,54.0,Senior,Technical,77963.8984375,6711.99169921875,4.0,4.0,8.0,3.0,8,10.0,2.34,1,1441.6199951171875,36.723045,27 Years and 2 Months,136.82594299316406,58.170127868652344,716.20306,0.018490866,0.020385297,0.008666597,Very_High,4,0.12578969805312876,0
CUS_0xbb6a,2023-05-01,38.0,Middle,Skilled_Trade,21114.94921875,1478.5792236328125,4.0,7.0,12.0,1.0,10,8.0,3.54,8,895.2899780273438,25.358595,29 Years and 4 Months,9.608644485473633,78.7789306640625,349.47034,0.042400762,0.006498566,0.053280156,Very_High,4,0.39166082627303844,0
CUS_0xbb94,2023-05-01,38.0,Middle,Management,43644.9609375,3551.080078125,6.0,8.0,25.0,5.0,30,21.0,8.12,11,2203.97998046875,36.027527,10 Years and 6 Months,133.04702758789062,176.03851318359375,316.02246,0.050497927,0.037466638,0.04957323,Very_High,6,0.7992970477761269,1
CUS_0xbc05,2023-05-01,30.0,Adult,Management,20870.4609375,1694.2049560546875,7.0,8.0,16.0,7.0,25,21.0,13.34,10,2694.090087890625,40.46812,15 Years and 10 Months,116.13742065429688,223.31228637695312,119.970795,0.12908627,0.068549804,0.13180949,Very_High,6,0.6616289775809672,1
CUS_0xbcca,2023-05-01,40.0,Middle,Education_Media,33262.19921875,2914.85009765625,6.0,5.0,18.0,3.0,14,12.0,18.33,2,696.0499877929688,36.304855,29 Years and 10 Months,43.32515335083008,,245.91998,0.020926157,0.014863595,,Very_High,5,0.20140010260790328,0
CUS_0xbcf7,2023-05-01,30.0,Adult,Professional,41414.578125,3476.215087890625,9.0,6.0,23.0,2.0,19,21.0,2.39,14,1891.0999755859375,22.903952,7 Years and 2 Months,44.06196594238281,208.66883850097656,374.8907,0.045662664,0.01267527,0.060027596,Very_High,6,0.7298714121623129,1
CUS_0xbd1e,2023-05-01,44.0,Middle,Education_Media,16200.25,1554.0208740234375,0.0,7.0,,3.0,6,1.0,10.9,0,560.52001953125,37.24441,22 Years and 8 Months,30.750518798828125,86.46534729003906,328.18622,0.034599468,0.019787712,0.05563976,Very_High,3,0.5458942596956583,1
CUS_0xbd29,2023-05-01,44.0,Middle,Professional,15427.21484375,1253.6011962890625,0.0,3.0,8.0,4.0,13,2.0,11.22,8,966.4500122070312,33.439423,32 Years and 2 Months,48.81683349609375,126.94255065917969,239.60074,0.062645786,0.03894128,0.10126231,Very_High,3,0.5497581519467931,1
CUS_0xbda2,2023-05-01,32.0,Adult,Management,37302.1015625,3320.50830078125,3.0,2.0,12.0,4.0,13,12.0,-3.93,5,907.72998046875,29.646221,22 Years and 3 Months,80.2717514038086,64.79562377929688,446.98346,0.024334554,0.024174538,0.019513767,Very_High,4,0.12098431740958762,0
CUS_0xbdf,2023-05-01,40.0,Middle,Other,66489.7421875,5575.8115234375,4.0,4.0,17.0,3.0,28,9.0,10.18,7,819.5700073242188,29.41825,31 Years and 2 Months,118.33440399169922,164.81256103515625,534.4342,0.012326262,0.021222813,0.02955849,Very_High,5,0.3572118799665419,0
CUS_0xbe20,2023-05-01,,Unknown,Education_Media,30162.349609375,2501.529052734375,5.0,7.0,16.0,4.0,23,11.0,4.26,3,1278.3499755859375,37.00379,25 Years and 11 Months,76.3626937866211,53.30764389038086,380.48257,0.042382307,0.030526407,0.021310024,Very_High,5,0.46745714584080444,0
CUS_0xbe64,2023-05-01,31.0,Adult,Professional,12025.044921875,1263.0870361328125,5.0,4.0,17.0,4.0,17,14.0,12.89,9,843.6699829101562,35.91041,21 Years and 6 Months,27.77590560913086,44.01948547363281,344.5133,0.070159405,0.021990493,0.034850713,Very_High,5,0.3573268915899762,0
CUS_0xbe7,2023-05-01,24.0,Young,Education_Media,8794.490234375,787.8741455078125,8.0,10.0,22.0,8.0,13,15.0,3.68,11,2497.3701171875,29.441849,16 Years and 6 Months,57.57570266723633,26.864181518554688,284.34753,0.28396985,0.073077284,0.034097046,Very_High,6,0.7682568359132573,1
CUS_0xbe70,2023-05-01,41.0,Middle,Skilled_Trade,7243.43994140625,614.6199951171875,7.0,10.0,33.0,5.0,61,17.0,3.79,12,2621.260009765625,40.30987,16 Years and 2 Months,18.97308349609375,33.45100784301758,299.0379,0.36188054,0.030869616,0.05442551,Very_High,5,0.6196706822489351,1
CUS_0xbf03,2023-05-01,44.0,Middle,Professional,30231.08984375,2610.257568359375,3.0,6.0,3.0,3.0,1,,4.09,2,1263.1099853515625,38.109592,33 Years and 8 Months,55.94390869140625,65.31443786621094,379.7674,0.04178182,0.021432333,0.02502222,Very_High,2,0.26718466290475473,0
CUS_0xbf18,2023-05-01,34.0,Adult,Technical,81100.796875,6822.39990234375,7.0,8.0,31.0,8.0,20,21.0,19.6,10,,26.89277,1 Years and 0 Months,,375.4306945800781,175.42302,,,0.055029124,Very_High,6,0.8171542501938851,1
CUS_0xbfb5,2023-05-01,45.0,Middle,Technical,92561.203125,7987.43310546875,8.0,3.0,15.0,3.0,21,10.0,11.71,3,267.54998779296875,27.190445,16 Years and 9 Months,189.3057403564453,194.16253662109375,665.2751,0.0028905198,0.023700448,0.024308503,Very_High,5,0.4681923441175616,0
CUS_0xbfeb,2023-05-01,41.0,Middle,Technical,68078.6015625,5651.216796875,3.0,3.0,29.0,2.0,23,14.0,8.54,7,1994.719970703125,39.110977,13 Years and 6 Months,64.44340515136719,152.0841827392578,618.59406,0.029300248,0.011403456,0.026911758,Very_High,4,0.8234885126269439,1
CUS_0xc0c8,2023-05-01,20.0,Young,Technical,16594.58984375,1497.8824462890625,82.0,7.0,34.0,2.0,46,10.0,23.02,10,2136.820068359375,31.8161,19 Years and 4 Months,15.544398307800293,139.6357421875,260.58682,0.12876606,0.010377582,0.0932221,Very_High,5,0.7616217453648745,1
CUS_0xc16d,2023-05-01,21.0,Young,Education_Media,17515.75,1691.6458740234375,7.0,9.0,27.0,6.0,55,17.0,9.09,6,,37.15791,7 Years and 11 Months,79.93579864501953,127.5143051147461,231.71448,,0.04725327,0.07537884,Very_High,6,0.7558443830544337,1
CUS_0xc29a,2023-05-01,21.0,Young,Other,33337.83984375,2909.1533203125,9.0,9.0,24.0,7.0,41,24.0,29.64,13,3652.25,35.237076,6 Years and 10 Months,136.80996704101562,113.5821304321289,300.52325,0.10955269,0.047027417,0.03904302,Very_High,6,0.5854828784167558,1
CUS_0xc2f5,2023-05-01,40.0,Middle,Professional,71297.0234375,6028.41845703125,3.0,4.0,4.0,4.0,6,5.0,11.5,7,383.010009765625,30.447563,31 Years and 2 Months,168.1209259033203,53.81388854980469,620.90704,0.0053720335,0.027888065,0.008926701,Very_High,3,0.1856093255063951,0
CUS_0xc30f,2023-05-01,45.0,Middle,Technical,77565.5703125,6663.79736328125,3.0,5.0,8.0,3.0,12,18.0,11.8,1,509.8699951171875,32.115494,33 Years and 2 Months,118.67060089111328,71.15872955322266,716.5504,0.006573406,0.017808255,0.010678405,Very_High,4,0.2190811281686691,0
CUS_0xc319,2023-05-01,32.0,Adult,Skilled_Trade,28826.140625,2167.17822265625,7.0,7.0,28.0,2.0,42,17.0,19.45,10,1904.56005859375,35.361954,8 Years and 8 Months,45.14385986328125,,263.39914,0.06607059,0.02083071,,Very_High,6,0.5371831255150568,1
CUS_0xc365,2023-05-01,23.0,Young,Professional,69933.9765625,5561.83154296875,8.0,7.0,,2.0,3,10.0,10.11,5,1446.3699951171875,39.047405,18 Years and 9 Months,86.40116119384766,87.60547637939453,632.1765,0.020681936,0.01553466,0.015751192,Very_High,4,0.4974934846683583,0
CUS_0xc475,2023-05-01,17.0,Young,Technical,36898.37890625,3062.864990234375,10.0,10.0,25.0,9.0,29,20.0,27.73,10,3497.360107421875,40.13252,9 Years and 6 Months,259.1086120605469,234.56277465820312,82.615105,0.094783574,0.08459681,0.0765828,Very_High,6,0.5277162768679177,1
CUS_0xc4b3,2023-05-01,28.0,Adult,Technical,16860.705078125,1178.0587158203125,5.0,,1.0,1.0,11,6.0,2.78,2,1476.9100341796875,27.30475,33 Years and 5 Months,12.608522415161133,56.19086456298828,339.0065,0.0875948,0.010702796,0.047697846,Very_High,4,0.37165073689297307,0
CUS_0xc515,2023-05-01,22.0,Young,Professional,8477.509765625,648.4591674804688,8.0,9.0,27.0,5.0,39,17.0,1.87,12,,24.39648,10 Years and 11 Months,31.746883392333984,59.97315979003906,263.1259,,0.048957415,0.09248564,Very_High,6,0.6249864699398349,1
CUS_0xc524,2023-05-01,42.0,Middle,Education_Media,34216.8515625,2718.404052734375,4.0,5.0,12.0,0.0,29,19.0,18.41,11,1283.780029296875,38.77415,22 Years and 2 Months,0.0,69.00778198242188,452.83264,0.03751894,0.0,0.025385402,Very_High,5,0.34639949479932314,0
CUS_0xc526,2023-05-01,41.0,Middle,Other,112202.71875,9144.2265625,4.0,3.0,19.0,3.0,5,12.0,7.0,4,455.2900085449219,28.682356,21 Years and 11 Months,223.89239501953125,,458.5382,0.004057745,0.024484564,,Very_High,5,0.15970466241455458,0
CUS_0xc52a,2023-05-01,46.0,Middle,Education_Media,35032.66015625,2853.388427734375,10.0,6.0,33.0,7.0,48,18.0,2.52,10,1789.0,25.086176,11 Years and 5 Months,150.50009155273438,106.73567962646484,318.10306,0.051066633,0.05274434,0.037406642,Very_High,6,0.7443421285141447,1
CUS_0xc5b0,2023-05-01,46.0,Middle,Education_Media,40019.71875,3565.9765625,4.0,7.0,3.0,0.0,10,11.0,9.48,4,805.4299926757812,31.30745,32 Years and 8 Months,0.0,,185.55937,0.020125829,0.0,,Very_High,5,0.29217810889343615,0
CUS_0xc62a,2023-05-01,37.0,Middle,Management,70088.359375,6090.69677734375,6.0,7.0,21.0,9.0,56,17.0,23.6,7,,38.510086,14 Years and 5 Months,,71.6174545288086,374.12057,,,0.0117585,Very_High,6,0.7135876154791417,1
CUS_0xc648,2023-05-01,40.0,Middle,Technical,32757.759765625,2631.813232421875,5.0,6.0,,2.0,14,20.0,4.28,5,504.7300109863281,38.344353,16 Years and 9 Months,47.15488052368164,200.8256378173828,305.2008,0.0154079525,0.017917259,0.07630695,Very_High,4,0.10900409347939043,0
CUS_0xc65,2023-05-01,22.0,Young,Professional,148699.3125,,3.0,4.0,5.0,3.0,16,8.0,9.2,1,949.3800048828125,40.60539,31 Years and 2 Months,364.9151916503906,328.9078369140625,799.438,0.0063845622,,,Very_High,4,0.3036482683038028,0
CUS_0xc6be,2023-05-01,22.0,Young,Management,44962.87890625,3521.90673828125,3.0,2.0,11.0,1.0,5,8.0,9.04,0,565.47998046875,30.32255,20 Years and 10 Months,18.862869262695312,324.0902099609375,299.23758,0.012576597,0.0053558685,0.092021234,Very_High,4,0.14141149672951978,0
CUS_0xc704,2023-05-01,40.0,Middle,Management,92201.25,7590.4375,3.0,7.0,15.0,1.0,29,13.0,6.38,5,1020.0499877929688,26.587679,11 Years and 4 Months,48.88074493408203,266.9659729003906,733.197,0.011063299,0.0064397794,0.035171356,Very_High,5,0.3057458784619431,0
CUS_0xd35,2023-05-01,44.0,Middle,Professional,37227.23828125,3006.27001953125,8.0,7.0,28.0,2.0,46,10.0,7.32,17,1309.530029296875,23.196966,17 Years and 5 Months,47.42556381225586,251.2206268310547,291.9808,0.035176665,0.01577555,0.083565556,Very_High,5,0.5997297614182513,1
CUS_0xd8e,2023-05-01,29.0,Adult,Professional,14638.3798828125,1295.864990234375,7.0,5.0,8.0,3.0,31,16.0,8.4,7,424.6499938964844,39.459164,29 Years and 0 Months,27.783185958862305,42.8150749206543,308.98825,0.029009357,0.021439876,0.033039764,Very_High,4,0.3175791198260901,0
CUS_0xdf5,2023-05-01,20.0,Young,Professional,21153.98046875,1520.8316650390625,6.0,3.0,8.0,3.0,11,15.0,8.6,0,951.6799926757812,40.19696,32 Years and 6 Months,30.94777488708496,201.3457489013672,209.78964,0.044988222,0.020349244,0.13239187,Very_High,4,0.24311161286526253,0
CUS_0xe2f,2023-05-01,30.0,Adult,Technical,64404.16015625,4861.14501953125,6.0,8.0,21.0,6.0,42,19.0,9.05,15,2075.580078125,32.071163,20 Years and 4 Months,,,136.9166,0.032227423,,,Very_High,4,0.8272803865021657,1
CUS_0xe36,2023-05-01,29.0,Adult,Skilled_Trade,46264.7109375,3857.392578125,8.0,9.0,27.0,,51,12.0,3.34,10,3025.10009765625,31.956572,12 Years and 6 Months,249.02940368652344,127.5888442993164,269.121,0.06538677,0.064559,0.033076447,Very_High,6,0.8055976680040943,1
CUS_0xf01,2023-05-01,35.0,Middle,Technical,30256.849609375,2226.404052734375,0.0,5.0,5.0,3.0,21,2.0,0.73,7,1483.22998046875,28.16559,20 Years and 5 Months,62.10515594482422,157.1909637451172,273.3443,0.049021296,0.027894827,0.07060307,Very_High,3,0.7262986178092368,1
CUS_0xf45,2023-05-01,28.0,Adult,Skilled_Trade,32057.30078125,2606.441650390625,9.0,8.0,16.0,7.0,45,25.0,1.4,14,1327.260009765625,38.598793,10 Years and 4 Months,164.8594207763672,207.57708740234375,178.20766,0.04140274,0.063250765,0.07964003,Very_High,6,0.6825518748399785,1
CUS_0xf9f,2023-05-01,,Unknown,Management,18587.640625,1578.969970703125,6.0,8.0,17.0,7.0,35,26.0,12.1,12,2370.010009765625,26.055609,8 Years and 4 Months,61.09933090209961,93.92088317871094,292.8768,0.12750462,0.03869569,0.059482373,Very_High,4,0.7196386508592411,1
