tree
version=v4
num_class=1
num_tree_per_iteration=1
label_index=0
max_feature_idx=23
objective=binary sigmoid:1
feature_names=Age age_group occupation_category Annual_Income Monthly_Inhand_Salary Num_Bank_Accounts Num_Credit_Card Interest_Rate Num_of_Loan Delay_from_due_date Num_of_Delayed_Payment Changed_Credit_Limit Num_Credit_Inquiries Outstanding_Debt Credit_Utilization_Ratio Credit_History_Age Total_EMI_per_month Amount_invested_monthly Monthly_Balance debt_to_income_ratio monthly_debt_service_ratio investment_rate credit_utilization_category financial_risk_score
feature_infos=[14:56] -1:1:0:4:2:3 -1:3:1:5:0:4:2 [7110.93017578125:140948.3125] [488.12542724609375:11526.9833984375] [0:10] [1:11] [1:34] [0:9] [0:62] [0:27] [-3.5699999332427979:31.450000762939453] [0:2553] [19.360000610351562:4117.60986328125] [22.123268127441406:44.093814849853516] -1:58:86:104:61:100:106:108:19:39:57:65:74:83:84:97:110:120:138:141:182:282:318:319 [0:384.87124633789062] [0:452.263427734375] [0.7102397084236145:1166.37646484375] [0.0002235959836980328:0.40815117955207825] [0:0.20150253176689148] [0:0.14429071545600891] none [2:6]
tree_sizes=996 1055 977 969 1077 1070 972 1177 1158 1086 1183 1182 1073 1064 1084 1074 971 1191 1205 1159 1168 1071 1061 1076 1183 1074 974 1178 1192 1067 1077 1181 1076 1082 1013 960 1071 969 1159 1088 1179 1045 1165 1084 1063 1175 1068 1178 1177 1155 1085 1288 1288 1081 1070 1188 1098 1175 1100 1094 1181 1149 1291 1081 1079 1288 1293 1176 1193 1077 1298 1181 1183 1081 1181 1080 1271 1189 958 1076 1161 1160 1177 1077 1282

Tree=0
num_leaves=9
num_cat=0
split_feature=13 21 19 13 20 19 17 8
split_gain=41.8549 5.77122 5.10708 7.20314 3.42038 2.92724 1.01244 0.987323
threshold=1282.840026855469 0.04945348575711251 0.034231832250952728 2687.0749511718755 0.034045659005641944 0.0068993717432022103 76.218338012695327 6.5000000000000009
decision_type=8 10 8 10 10 10 10 8
left_child=1 5 -2 4 -4 -1 -7 -6
right_child=2 -3 3 -5 7 6 -8 -9
leaf_value=-0.063934426229508123 0 -0.024365482233502541 0.079144385026737929 0 0.12321428571428578 -0.19411764705882362 -0.11568627450980391 0.19545454545454544
leaf_weight=6.0000000000000062 5.9999999999999991 9.7499999999999982 9.2500000000000053 5.4999999999999991 5.4999999999999973 4.9999999999999982 5 6.5000000000000009
leaf_count=24 24 39 37 22 22 20 20 26
internal_value=0.00836177 -0.0866538 0.0834094 0.102048 0.128337 -0.123602 -0.157426 0.164463
internal_weight=58.5 25.75 32.75 26.75 21.25 16 10 12
internal_count=234 103 131 107 85 64 40 48
is_linear=0
shrinkage=0.1


Tree=1
num_leaves=9
num_cat=0
split_feature=13 21 19 13 21 19 21 17
split_gain=34.2159 4.7406 4.18602 6.05493 3.1119 2.41296 1.64953 0.831402
threshold=1282.840026855469 0.04945348575711251 0.034231832250952728 2653.849975585938 0.034149933606386192 0.0068993717432022103 0.057572415098547942 76.218338012695327
decision_type=8 10 8 10 8 10 10 10
left_child=1 5 -2 4 -4 -1 -6 -7
right_child=2 -3 3 -5 6 7 -8 -9
leaf_value=-0.057705901600031355 0 -0.021957019873379308 0.045716515385628376 0.004457257140923182 0.18297257419497281 -0.17676841936354892 0.10821917039018814 -0.10469979039361406
leaf_weight=5.9938727617263821 5.9999999999999991 9.7485529482364637 4.9809202849865022 6.2448638528585425 6.4652590155601493 4.9531921744346601 8.9619788229465467 4.9833080172538757
leaf_count=24 24 39 20 25 26 20 36 20
internal_value=0.00751543 -0.078489 0.0754894 0.0924196 0.118695 -0.112107 0.141168 -0.143025
internal_weight=58.3319 25.6789 32.653 26.653 20.4082 15.9304 15.4272 9.9365
internal_count=234 103 131 107 82 64 62 40
is_linear=0
shrinkage=0.1


Tree=2
num_leaves=8
num_cat=0
split_feature=13 20 21 14 17 20 10
split_gain=28.1355 4.11621 3.95774 3.83253 3.4764 2.02592 0.530539
threshold=1282.840026855469 0.03817445598542691 0.04945348575711251 30.865611076354984 109.45105743408205 1.0000000180025095e-35 10.500000000000002
decision_type=8 10 10 2 10 10 10
left_child=2 4 5 -3 -2 -1 -7
right_child=1 3 -4 -5 -6 6 -8
leaf_value=-0.047001693725530376 -0.0067392532554952783 0.050063002261755377 -0.019791583558347783 0.15566999185598107 0.080915892062402794 -0.095656265891057635 -0.15502581833645648
leaf_weight=5.2031322121620205 9.1893314421176928 6.8964684307575208 9.7447714358568174 7.8947508186101913 8.4393183737993223 5.1420652866363508 5.4043588042259216
leaf_count=21 37 28 39 32 34 21 22
internal_value=0.0067969 0.068671 -0.0714554 0.107769 0.0348793 -0.102464 -0.128189
internal_weight=57.9142 32.4199 25.4943 14.7912 17.6286 15.7496 10.5464
internal_count=234 131 103 60 71 64 43
is_linear=0
shrinkage=0.1


Tree=3
num_leaves=8
num_cat=0
split_feature=13 11 9 13 16 19 10
split_gain=23.1477 3.65322 4.14261 3.91628 3.5856 5.09204 2.85019
threshold=1282.840026855469 17.444999694824222 39.500000000000007 2074.8100585937505 65.099243164062514 0.013018269557505848 10.500000000000002
decision_type=8 10 2 8 10 8 10
left_child=4 2 3 -2 5 -1 -6
right_child=1 -3 -4 -5 6 -7 -8
leaf_value=-0.10431660091310312 0.0025721273366368213 0.0083476256797368562 0.13933021572488988 0.10921668469910173 -0.051688177797341112 0.018545057676311524 -0.15596129291242355
leaf_weight=5.4193274229764947 8.1803620755672455 9.3239653855562192 8.5578258782625181 6.114944890141488 5.6245952099561674 8.3575626015663147 5.8546788692474365
leaf_count=22 33 38 35 25 23 34 24
internal_value=0.00611009 0.0624294 0.0839263 0.0493268 -0.0652112 -0.0294671 -0.106621
internal_weight=57.4333 32.1771 22.8531 14.2953 25.2562 13.7769 11.4793
internal_count=234 131 93 58 103 56 47
is_linear=0
shrinkage=0.1


Tree=4
num_leaves=9
num_cat=0
split_feature=13 13 20 11 21 19 11 17
split_gain=19.0817 3.43017 5.0965 4.84323 3.0862 2.26533 0.99253 0.95062
threshold=1282.840026855469 2687.0749511718755 0.035162040963768966 10.150000095367433 0.04945348575711251 0.0068993717432022103 8.365000247955324 76.218338012695327
decision_type=8 10 10 10 10 10 10 10
left_child=4 2 3 -2 5 -1 -4 -7
right_child=1 -3 6 -5 -6 7 -8 -9
leaf_value=-0.035314577839528863 0.1051478897841735 -0.013502849438071547 0.077620043464214972 -0.012637414473222881 -0.01395753719611427 -0.15340548248447375 0.14645829447511591 -0.079330093759758274
leaf_weight=5.8589723706245449 5.4159085899591508 5.4551638066768637 4.7569961696863157 9.1334152519702894 9.7119322121143323 4.6511158347129804 7.1078310906887054 4.7837581932544708
leaf_count=24 22 22 20 37 39 20 30 20
internal_value=0.00556859 0.0569589 0.0718841 0.0309434 -0.0594949 -0.087484 0.120574 -0.118122
internal_weight=56.8751 31.8693 26.4142 14.5493 25.0058 15.2938 11.8648 9.43487
internal_count=234 131 109 59 103 64 50 40
is_linear=0
shrinkage=0.1


Tree=5
num_leaves=9
num_cat=0
split_feature=7 11 7 9 7 14 14 14
split_gain=19.2325 7.09677 5.72244 5.12809 5.84399 3.46303 4.41766 2.01493
threshold=13.500000000000002 18.489999771118168 28.500000000000004 36.500000000000007 19.500000000000004 27.265313148498539 31.817086219787601 36.379770278930671
decision_type=8 10 8 2 10 2 2 2
left_child=5 2 3 4 -2 -1 -7 -8
right_child=1 -3 -4 -5 -6 6 7 -9
leaf_value=0.00012066156512804077 0.049565287511114907 -0.046243677067617887 0.13476525939146752 0.10792345990544755 -0.082910758460440714 -0.16821847248408439 -0.0077282160525082022 -0.089641965329563478
leaf_weight=4.8870894312858608 9.0728926658630424 7.0369230210781089 8.2776063680648786 6.5548159480094901 5.1244548857212058 5.494682893157008 5.1313447803258887 8.3439673185348493
leaf_count=20 38 29 35 28 21 23 21 35
internal_value=-0.0033189 0.042544 0.0644947 0.0354737 0.000803894 -0.0729592 -0.0922125 -0.0594729
internal_weight=59.9238 36.0667 29.0298 20.7522 14.1973 23.8571 18.97 13.4753
internal_count=250 151 122 87 59 99 79 56
is_linear=0
shrinkage=0.1


Tree=6
num_leaves=8
num_cat=0
split_feature=7 11 7 0 18 21 21
split_gain=15.8753 5.85325 4.88335 4.4641 2.99478 2.98955 1.17821
threshold=13.500000000000002 18.489999771118168 28.500000000000004 23.500000000000004 323.58212280273443 0.041834283620119102 0.023197563365101818
decision_type=8 10 8 10 2 10 10
left_child=5 2 3 -2 -5 6 -1
right_child=1 -3 -4 4 -6 -7 -8
leaf_value=-0.067700057559860458 -0.023928220543082458 -0.041451168890246193 0.12499364669010092 0.11656568269989331 0.015975754896282446 -0.019383106985865178 -0.13159143616042276
leaf_weight=8.7760032862424868 8.2086949199438148 7.074848771095275 8.0517079532146436 6.5092474669218046 5.8982484936714172 8.9035885781049711 5.8533005267381659
leaf_count=38 34 29 35 28 25 36 25
internal_value=-0.00302978 0.0387507 0.0589663 0.0322176 0.070057 -0.0668063 -0.0946623
internal_weight=59.2756 35.7427 28.6679 20.6162 12.4075 23.5329 14.6293
internal_count=250 151 122 87 53 99 63
is_linear=0
shrinkage=0.1


Tree=7
num_leaves=10
num_cat=0
split_feature=7 11 9 17 11 14 14 4 19
split_gain=13.1361 4.84332 4.51368 3.69651 3.92465 2.87088 3.88473 2.82148 1.38998
threshold=13.500000000000002 18.489999771118168 36.500000000000007 96.242542266845717 11.894999980926515 27.265313148498539 31.817086219787601 3086.1362304687505 0.071125410497188582
decision_type=8 10 2 10 8 2 2 10 10
left_child=5 2 3 4 -2 -1 -7 -8 -4
right_child=1 -3 8 -5 -6 6 7 -9 -10
leaf_value=0.005294792135661355 -0.079342906187162068 -0.037210146505896727 0.067600851305222559 0.071832210634981505 0.046038294714328576 -0.15283131306234843 -0.10973812309892138 -0.012158804250579611 0.14890667210876729
leaf_weight=4.8369194120168713 5.0322910696268126 7.1028679311275473 5.5311683565378171 8.2972208112478238 4.6809832900762567 5.1854542791843441 4.7431591153144828 8.4243060648441297 4.7078876793384552
leaf_count=20 21 29 25 35 20 23 20 36 21
internal_value=-0.00276423 0.0353902 0.0540639 0.022975 -0.0180472 -0.0612614 -0.0792778 -0.0486246 0.107031
internal_weight=58.5423 35.3524 28.2496 18.0105 9.71327 23.1898 18.3529 13.1675 10.2391
internal_count=250 151 122 76 41 99 79 56 46
is_linear=0
shrinkage=0.1


Tree=8
num_leaves=10
num_cat=0
split_feature=7 17 11 9 17 14 14 9 9
split_gain=10.893 4.50811 5.73424 5.71087 3.53944 2.43656 3.48444 2.25874 1.98033
threshold=13.500000000000002 104.60916137695314 17.444999694824222 36.500000000000007 202.1153259277344 27.265313148498539 31.817086219787601 36.500000000000007 15.500000000000002
decision_type=8 10 10 2 8 2 2 2 2
left_child=5 2 3 -2 7 -1 -7 -3 -8
right_child=1 4 -4 -5 -6 6 8 -9 -10
leaf_value=0.0047726165762995458 -0.016999551802387474 0.05863599582949508 -0.091341667124701806 0.11157478594661392 0.00079374024356265456 -0.14484868535399509 -0.084394380525264504 0.15642045761086032 -0.0049847283069854561
leaf_weight=4.840273097157481 8.7551602870225924 5.9111166447401011 4.9904601722955695 5.4764463305473319 5.0524457693099984 4.9421089887619045 6.2875617742538434 4.7690274715423584 6.768890380859375
leaf_count=20 37 25 21 26 21 23 27 21 29
internal_value=-0.0025084 0.032374 0 0.0322125 0.071888 -0.0562399 -0.073136 0.104273 -0.0443367
internal_weight=57.7935 34.9547 19.2221 14.2316 15.7326 22.8388 17.9986 10.6801 13.0565
internal_count=250 151 84 63 67 99 79 46 56
is_linear=0
shrinkage=0.1


Tree=9
num_leaves=9
num_cat=1
split_feature=2 20 7 13 3 17 17 10
split_gain=9.81623 7.25589 6.85889 4.91626 2.91731 4.6169 2.51242 0.79887
threshold=0 0.016019195318222049 28.500000000000004 696.02999877929699 46553.220703125007 99.949573516845717 104.60916137695314 15.500000000000002
decision_type=1 10 8 10 8 8 10 10
left_child=1 -1 3 -2 5 -5 -3 -8
right_child=2 6 -4 4 -6 -7 7 -9
leaf_value=-0.01969284612697764 -0.13789586334933926 0.041170839539002496 0.059525363675973678 -0.062904542828816676 -0.089016981019540836 0.059492585111946009 0.087282581009655316 0.15719032911532219
leaf_weight=9.0067106932401675 7.021970644593245 6.7659371495246914 5.0302066355943671 6.8805938810110101 7.284852370619773 5.3823964148759851 4.8348468840122205 4.7601613998413086
leaf_count=39 31 30 23 30 32 23 21 21
internal_value=-0.00226053 0.0368797 -0.0347012 -0.0660828 -0.0392067 -0.0083272 0.0909652 0.124259
internal_weight=56.9677 25.3677 31.6 26.5698 19.5478 12.263 16.3609 9.59501
internal_count=250 111 139 116 85 53 72 42
cat_boundaries=0 1
cat_threshold=7
is_linear=0
shrinkage=0.1


Tree=10
num_leaves=10
num_cat=0
split_feature=5 12 20 21 3 17 18 20 21
split_gain=9.92025 4.46584 3.74047 3.22839 3.118 3.92695 2.72087 2.24501 1.78792
threshold=3.5000000000000004 10.500000000000002 0.069311432540416731 0.032293902710080154 63729.390625000007 114.69699859619142 317.44175720214849 0.020168640650808815 0.069366365671157851
decision_type=10 2 8 10 8 8 2 10 10
left_child=7 2 4 -3 5 6 -2 -1 -7
right_child=1 3 -4 -5 -6 8 -8 -9 -10
leaf_value=-0.12317905146741007 0.035650929351425838 0.004947890261859076 -0.083324463613089206 0.11079468937480652 -0.04568053557873826 0.12643747905320354 -0.064010239410051684 -0.031347355091577815 0.033576117790571139
leaf_weight=6.6327582299709302 6.1382599472999662 5.040182098746298 4.6619811654090872 7.3717061132192612 6.6013963371515265 4.4547616243362409 4.7384040653705597 5.1320004761219025 4.680742159485817
leaf_count=30 27 22 20 34 29 20 22 22 20
internal_value=-0.00331031 0.0184859 -0.00139628 0.0689951 0.0128392 0.0327714 -0.00704291 -0.0845651 0.0808198
internal_weight=55.4522 43.6874 31.2755 12.4119 26.6136 20.0122 10.8767 11.7648 9.1355
internal_count=246 194 138 56 118 89 49 52 40
is_linear=0
shrinkage=0.1


Tree=11
num_leaves=10
num_cat=0
split_feature=5 13 21 21 12 0 14 20 13
split_gain=8.28935 3.86662 5.92908 3.87444 3.38763 2.69012 2.42305 1.98605 1.00376
threshold=3.5000000000000004 882.33499145507824 0.033194510266184814 0.063960101455450072 8.5000000000000018 34.500000000000007 31.817086219787601 0.020168640650808815 1449.134948730469
decision_type=10 8 10 10 2 8 2 10 10
left_child=7 5 4 8 -3 -2 -5 -1 -4
right_child=1 2 3 6 -6 -7 -8 -9 -10
leaf_value=-0.11566933321751223 -0.095325804216370352 -0.085075803098434655 0.1397729560455378 -0.02217434527139097 0.020470676527463386 0.011665927427354214 0.071794175324991466 -0.028376367712669572 0.071769539549412703
leaf_weight=6.3768851310014707 4.4456328749656651 5.0562389492988569 5.0783662796020526 5.9761352092027646 7.0969610214233398 4.5272310376167306 4.7742704302072525 5.1138398945331573 6.2271702140569687
leaf_count=30 20 23 23 26 31 20 22 22 29
internal_value=-0.00300702 0.0169221 0.0324042 0.0633285 -0.0229609 -0.0407077 0.0189126 -0.0782632 0.104151
internal_weight=54.6727 43.182 34.2091 22.0559 12.1532 8.97286 10.7504 11.4907 11.3055
internal_count=246 194 154 100 54 40 48 52 52
is_linear=0
shrinkage=0.1


Tree=12
num_leaves=9
num_cat=0
split_feature=5 12 9 20 3 0 19 20
split_gain=6.93885 3.42436 3.04781 3.01611 2.33499 3.32422 2.66453 1.7681
threshold=3.5000000000000004 10.500000000000002 45.500000000000007 0.069311432540416731 63729.390625000007 38.500000000000007 0.053238766267895705 0.020168640650808815
decision_type=10 2 2 8 10 10 8 10
left_child=7 3 -3 4 5 6 -2 -1
right_child=1 2 -4 -5 -6 -7 -8 -9
leaf_value=-0.10899217021867087 -0.059882635319925083 0.097892908046680355 -0.0050527080356662932 -0.07587506340049327 -0.040161396720133011 0.086348800899284928 0.033070229286418062 -0.025687601008802904
leaf_weight=6.1108415573835355 4.7380480319261631 7.7015771120786649 4.2577832341194153 4.6083777546882621 6.4502961784601203 6.4980141371488562 8.4003872126340866 5.0956595242023468
leaf_count=30 22 36 20 20 29 29 38 22
internal_value=-0.00274066 0.0154956 0.0606749 -0.00192213 0.0110001 0.0284309 0 -0.0725598
internal_weight=53.861 42.6545 11.9594 30.6951 26.0867 19.6364 13.1384 11.2065
internal_count=246 194 56 138 118 89 60 52
is_linear=0
shrinkage=0.1


Tree=13
num_leaves=9
num_cat=0
split_feature=5 12 17 16 20 20 20 4
split_gain=5.80256 2.8407 2.9522 2.64865 2.55627 3.55654 4.66934 1.69193
threshold=3.5000000000000004 10.500000000000002 96.242542266845717 226.97303771972659 0.016019195318222049 0.026294492185115818 0.037578845396637924 3547.5729980468755
decision_type=10 2 10 8 10 10 8 10
left_child=7 3 -3 4 -2 -6 -7 -1
right_child=1 2 -4 -5 5 6 -8 -9
leaf_value=-0.015833676523046427 -0.033912268550467119 0 0.10056221018721818 -0.065142062143216481 0.098047996047590971 -0.074134055668083995 0.054688648737042656 -0.099461771531932711
leaf_weight=4.3699178993701917 8.0606211423873955 5.3019389063119871 6.4485658407211304 5.3648926168680182 5.6346764564514187 4.6937982589006397 6.7045160830020913 6.5498210936784744
leaf_count=20 36 25 31 24 24 22 32 32
internal_value=-0.00256253 0.0140816 0.0556515 -0.00175794 0.0116011 0.0337956 0.000586702 -0.0673499
internal_weight=53.1287 42.209 11.7505 30.4585 25.0936 17.033 11.3983 10.9197
internal_count=246 194 56 138 114 78 54 52
is_linear=0
shrinkage=0.1


Tree=14
num_leaves=9
num_cat=0
split_feature=10 12 21 20 4 0 10 21
split_gain=5.06353 4.53529 5.53956 4.00824 3.79124 1.87945 1.73512 2.92364
threshold=6.5000000000000009 4.5000000000000009 0.033194510266184814 0.057032374665141113 4447.3054199218759 39.500000000000007 13.500000000000002 0.065718900412321105
decision_type=10 2 8 8 10 8 10 10
left_child=-1 5 4 6 -3 -2 -4 -8
right_child=1 2 3 -5 -6 -7 7 -9
leaf_value=-0.092181840265783244 -0.0091029878960344549 -0.089360923193345695 0.11938436111022258 -0.014715248578470376 0.022908309622429637 -0.095205571977970471 0.095366293366021412 -0.0030333936094112403
leaf_weight=5.5221664011478415 6.0374027043580982 5.6206837892532331 6.4002671092748704 6.2942112982273093 6.0615649968385696 4.701672464609147 6.5249357074499112 5.1873854398727417
leaf_count=26 28 25 30 31 29 22 31 24
internal_value=-0.00235721 0.00819605 0.0253568 0.0525444 -0.0305591 -0.0482527 0.076419 0.0512818
internal_weight=52.3503 46.8281 36.089 24.4068 11.6822 10.7391 18.1126 11.7123
internal_count=246 220 170 116 54 50 85 55
is_linear=0
shrinkage=0.1


Tree=15
num_leaves=9
num_cat=0
split_feature=19 6 18 18 16 9 16 19
split_gain=4.97109 4.32465 3.07164 4.91334 4.54913 4.40833 4.35869 2.3016
threshold=0.016389966942369941 5.5000000000000009 262.55233764648443 289.75834655761724 17.352272987365726 17.500000000000004 103.28173828125001 0.046992927789688117
decision_type=8 8 2 2 10 2 10 8
left_child=1 -1 6 -4 -5 -6 -2 -7
right_child=2 -3 3 4 5 7 -8 -9
leaf_value=-0.095806805380482002 0.11340177329511446 0.023002763038928203 -0.081389590250275562 -0.066539471079626156 -0.026871995662189022 0.13631728657459183 -0.008865619077622516 0.042938454133912764
leaf_weight=7.9039930999278996 6.9974043965339643 4.7240079641342172 5.4398658275604275 4.2525591701269176 5.3077042251825359 4.6520012021064732 4.6830697655677795 7.3213094472885141
leaf_count=39 34 22 24 19 26 22 22 34
internal_value=0.00325409 -0.0507441 0.0212384 0.00223907 0.0241064 0.0472426 0.0638729 0.0808759
internal_weight=51.2819 12.628 38.6539 26.9734 21.5336 17.281 11.6805 11.9733
internal_count=242 61 181 125 101 82 56 56
is_linear=0
shrinkage=0.1


Tree=16
num_leaves=8
num_cat=0
split_feature=19 6 20 8 14 11 17
split_gain=4.1135 3.70133 3.66683 4.30537 5.26438 4.78097 2.4691
threshold=0.016389966942369941 5.5000000000000009 0.0064446516335010537 3.5000000000000004 36.528524398803718 17.250000000000004 106.04624176025392
decision_type=8 10 10 8 2 10 8
left_child=1 -1 -2 -4 5 6 -5
right_child=2 -3 3 4 -6 -7 -8
leaf_value=-0.08976201300291381 -0.051913590896645406 0.020623503663136027 0.09472394517577476 -0.023400454769092603 0.095401015380763399 -0.10296260655596073 0.059957122584455819
leaf_weight=7.6146734952926618 5.8978057950735083 4.7520642280578613 8.2718843668699247 7.6244848370552107 5.5626665204763404 4.521381363272666 6.3513906449079522
leaf_count=39 27 22 39 36 28 20 31
internal_value=0.00295243 -0.0467178 0.0193609 0.0327907 0.01078 -0.0145064 0.0139281
internal_weight=50.5964 12.3667 38.2296 32.3318 24.0599 18.4973 13.9759
internal_count=242 61 181 154 115 87 67
is_linear=0
shrinkage=0.1


Tree=17
num_leaves=10
num_cat=0
split_feature=19 20 11 21 21 4 19 17 21
split_gain=3.40331 3.01976 3.582 4.21836 4.47806 2.80995 2.88798 2.75254 1.55704
threshold=0.016389966942369941 0.0064446516335010537 17.444999694824222 0.018664998933672908 0.032293902710080154 3007.5854492187505 0.071125410497188582 109.45105743408205 0.034894388169050224
decision_type=8 10 10 10 10 10 10 10 10
left_child=7 -2 3 -3 -5 6 -6 -1 -9
right_child=1 2 -4 4 5 -7 -8 8 -10
leaf_value=-0.11010019001949783 -0.047371011844329729 0.14009788484984462 -0.02803495660585268 -0.057715453181599555 -0.037300728442344985 0.12457655836127438 0.065139865344123679 0.037187874219423787 -0.049120387647180991
leaf_weight=3.9925886243581763 5.8302726149559012 4.1552831083536175 7.7926108241081229 4.4372902065515545 4.1504089683294279 4.1580487489700309 7.3520654290914536 3.7681279182434064 4.3464647233486176
leaf_count=21 27 20 35 21 20 21 37 20 20
internal_value=0.00268093 0.0176277 0.029875 0.048931 0.0289865 0.0543977 0.0273117 -0.0430205 -0.00785975
internal_weight=49.9832 37.876 32.0457 24.2531 20.0978 15.6605 11.5025 12.1072 8.11459
internal_count=242 181 154 119 99 78 57 61 40
is_linear=0
shrinkage=0.1


Tree=18
num_leaves=10
num_cat=1
split_feature=2 19 12 21 17 0 16 17 21
split_gain=2.87791 4.69889 3.78746 3.61919 2.91334 2.58701 2.49018 4.91039 2.05431
threshold=0 0.013776460662484171 8.5000000000000018 0.03525336645543576 104.60916137695314 26.500000000000004 30.109626770019535 161.13917541503909 0.061287371441721923
decision_type=1 10 2 8 8 10 10 10 10
left_child=1 -1 5 -3 -4 -2 -7 -8 -5
right_child=2 3 4 8 -6 6 7 -9 -10
leaf_value=-0.11041028618739264 -0.067285079971211095 -0.074421237431652479 0.021202315100727884 0.086148348750909626 0.12880275105577474 0.077639331492168534 -0.078037383360243018 0.066375458204969581 -0.0036235272868842257
leaf_weight=5.426190726459029 4.3550533577799859 4.6622432023286793 5.551360443234441 3.9852907061576843 5.0300450176000604 4.8358954489231101 4.916353374719618 4.3048827946186066 6.235129714012146
leaf_count=29 21 22 26 21 27 23 24 20 29
internal_value=0.00241658 -0.0212298 0.0198232 -0.00169706 0.0740152 -0.000303907 0.0200699 -0.00955742 0.0309082
internal_weight=49.3024 20.3089 28.9936 14.8827 10.5814 18.4122 14.0571 9.22124 10.2204
internal_count=242 101 141 72 53 88 67 44 50
cat_boundaries=0 1
cat_threshold=40
is_linear=0
shrinkage=0.1


Tree=19
num_leaves=10
num_cat=0
split_feature=12 17 17 17 13 13 11 10 21
split_gain=2.67853 3.06308 4.48299 4.43553 2.71341 5.07683 2.30969 1.89336 3.35562
threshold=4.5000000000000009 90.231090545654311 279.70182800292974 50.898227691650398 614.65499877929699 995.05502319335949 7.7350001335144052 18.500000000000004 0.04087395407259465
decision_type=2 8 10 10 8 10 10 8 10
left_child=4 3 6 -2 -1 -6 -3 8 -8
right_child=1 2 -4 -5 5 -7 7 -9 -10
leaf_value=-0.10428118253956259 0.043460671970122905 0.12098496258317296 -0.042725314489947416 -0.072367284754632596 0.066442699321811155 -0.083503308135594187 0 -0.017703754039736948 0.12288037511235415
leaf_weight=3.9745464250445339 5.6947776377201063 4.941421836614615 5.041777327656745 7.4433460980653763 4.6086440086364746 4.2231149822473526 4.355754598975178 3.8723093047738084 4.5499549359083176
leaf_count=23 28 26 23 36 22 20 22 19 23
internal_value=0.00220056 0.0164013 0.0386893 -0.0214567 -0.0366517 -0.00427009 0.0625254 0.0383779 0.0637992
internal_weight=48.7056 35.8993 22.7612 13.1381 12.8063 8.83176 17.7194 12.778 8.90571
internal_count=242 177 113 64 65 42 90 64 45
is_linear=0
shrinkage=0.1


Tree=20
num_leaves=10
num_cat=0
split_feature=11 13 16 4 20 0 11 21 7
split_gain=4.61819 4.08832 2.8359 2.19864 4.27079 1.74953 1.61721 1.51929 0.913729
threshold=0.92499998211860668 1282.840026855469 27.474941253662113 1621.7212524414065 0.044512405991554267 29.500000000000004 11.894999980926515 0.057931547984480865 20.500000000000004
decision_type=10 8 10 10 8 8 10 8 10
left_child=-1 2 -2 4 -3 6 -5 -4 -7
right_child=1 3 7 5 -6 8 -8 -9 -10
leaf_value=0.079286684850986236 0 0.10576070851305044 -0.11849570495925424 -0.024348993480883922 -0.028207770052431875 -0.012154012775444754 0.057327908612674373 -0.043922875598137442 -0.081422836200632759
leaf_weight=5.0780832767486563 5.8586943075060871 5.0130441263318071 6.3500760868191692 5.0117561072111148 4.2189224958419809 4.1449444741010648 4.3777010813355446 6.0676577910780916 4.2704072147607803
leaf_count=25 30 25 36 24 21 20 22 29 20
internal_value=-0.00982787 -0.0201874 -0.0566211 0.00419059 0.0438206 -0.0159294 0.0128807 -0.0834981 -0.0490225
internal_weight=50.3913 45.3132 18.2764 27.0368 9.23197 17.8048 9.38946 12.4177 8.41535
internal_count=252 227 95 132 46 86 46 65 40
is_linear=0
shrinkage=0.1


Tree=21
num_leaves=9
num_cat=1
split_feature=2 16 10 5 5 0 7 19
split_gain=3.04611 5.53414 4.08986 2.81923 2.39855 2.32558 1.83141 1.8555
threshold=0 42.321084976196296 14.500000000000002 7.5000000000000009 7.5000000000000009 38.500000000000007 21.500000000000004 0.010935551486909391
decision_type=1 8 10 8 10 8 10 10
left_child=2 -2 5 -4 6 -1 7 -3
right_child=1 4 3 -5 -6 -7 -8 -9
leaf_value=0.016625459854174504 0.038703129822084258 -0.12432422022721026 0.09802135733848108 0 -0.010425451587718971 -0.08139171117588935 -0.14474962898027874 -0.028262443196775455
leaf_weight=5.3555860668420801 7.1631896421313312 3.075419984757902 7.7576685100793812 4.9859636649489412 6.5415674448013297 4.1031600087881097 3.9666320383548728 6.8259852826595306
leaf_count=26 36 20 39 25 31 21 19 35
internal_value=-0.00900713 -0.0262073 0.0163478 0.0606894 -0.0623323 -0.0252544 -0.085851 -0.0600443
internal_weight=49.7752 27.5728 22.2024 12.7436 20.4096 9.45875 13.868 9.90141
internal_count=252 141 111 64 105 47 74 55
cat_boundaries=0 1
cat_threshold=7
is_linear=0
shrinkage=0.1


Tree=22
num_leaves=9
num_cat=0
split_feature=4 13 4 13 13 0 0 21
split_gain=3.46356 2.25239 2.29473 2.03906 3.64431 2.37509 3.40902 0.723162
threshold=996.93728637695324 791.35000610351574 5044.4233398437509 995.05502319335949 1282.840026855469 23.500000000000004 37.500000000000007 0.051332280039787299
decision_type=8 8 8 10 10 10 8 10
left_child=-1 2 -2 -3 -5 -6 7 -7
right_child=1 3 -4 4 5 6 -8 -9
leaf_value=0.07166339110658998 -0.09227741076763657 0.042735594128344191 0 -0.095351599875869539 -0.042946247571512726 0.09637883930283557 -0.031750700052416807 0.030497572201670861
leaf_weight=4.7524609118700019 6.7133933976292584 7.1535350307822219 4.2489647194743165 4.7506387233734158 7.9131921008229282 4.2797839790582621 5.8039338812232026 3.8331604599952698
leaf_count=24 35 35 25 26 36 23 28 20
internal_value=-0.00821743 -0.0170752 -0.0563042 -0.00390292 -0.0169424 2.18775e-05 0.0252992 0.0672195
internal_weight=49.4491 44.6966 10.9624 33.7342 26.5807 21.8301 13.9169 8.11294
internal_count=252 228 60 168 133 107 71 43
is_linear=0
shrinkage=0.1


Tree=23
num_leaves=9
num_cat=0
split_feature=4 17 19 16 21 17 0 20
split_gain=2.90554 3.98465 3.95015 4.16073 3.85208 3.34888 3.16341 1.7726
threshold=1021.8485107421876 103.05760574340822 0.034231832250952728 80.711265563964858 0.029544549994170669 60.20252990722657 27.500000000000004 0.016830295324325565
decision_type=8 8 8 10 8 10 8 8
left_child=-1 5 4 -4 -3 -2 -6 -8
right_child=1 2 3 -5 6 -7 7 -9
leaf_value=0.063999364907750836 -0.0065231719654752418 0.055605914661854085 0.10429891380746961 -0.0061157760938439689 -0.12106587426478954 -0.1073090661856059 -0.067694242240184374 0.023104693303895751
leaf_weight=4.9495069757103911 6.4719090983271581 4.0369206741452279 6.1930815875530225 7.0880456194281578 4.5424747318029377 7.1647692993283272 3.69403202086687 4.6692555397748956
leaf_count=26 34 21 31 38 22 36 20 24
internal_value=-0.0074735 -0.0158937 0.00408099 0.0450187 -0.0274986 -0.0606002 -0.0544902 -0.0161453
internal_weight=48.81 43.8605 30.2238 13.2811 16.9427 13.6367 12.9058 8.36329
internal_count=252 226 156 69 87 70 66 44
is_linear=0
shrinkage=0.1


Tree=24
num_leaves=10
num_cat=0
split_feature=11 13 13 20 10 11 8 13 6
split_gain=3.45546 2.77883 2.59321 3.41527 1.70453 1.64754 3.09644 2.55102 4.00777
threshold=0.92499998211860668 1282.840026855469 995.05502319335949 0.0089626144617795962 10.500000000000002 18.164999961853031 2.5000000000000004 1559.9749755859377 6.5000000000000009
decision_type=10 8 8 10 10 10 8 10 10
left_child=-1 2 3 -2 -5 6 -3 -8 -9
right_child=1 5 -4 4 -6 -7 7 8 -10
leaf_value=0.071645497969808569 0.042669764570017824 -0.060116084410930984 -0.11984610091897561 -0.012785303681559152 -0.10486071811335143 -0.037422005879243048 0.089669818720249081 0.071348529655580015 -0.05554825673303973
leaf_weight=4.890849106013774 4.5911883786320713 3.7799331694841447 3.8056252226233473 4.1352399662137014 4.4799108505249023 6.8498819172382346 6.0261655375361434 4.7873234078288061 4.93943752348423
leaf_count=25 24 18 23 24 24 31 31 26 26
internal_value=-0.00681925 -0.016037 -0.0474699 -0.0251181 -0.0624661 0.00395649 0.0190934 0.0389899 0.00598075
internal_weight=48.2856 43.3947 17.012 13.2063 8.61515 26.3827 19.5329 15.7529 9.72676
internal_count=252 227 95 72 48 132 101 83 52
is_linear=0
shrinkage=0.1


Tree=25
num_leaves=9
num_cat=0
split_feature=18 14 11 8 13 13 17 16
split_gain=3.21012 3.32894 4.9715 4.14221 3.19305 3.03968 2.16926 1.40125
threshold=352.09567260742193 31.627273559570316 10.860000133514406 5.5000000000000009 1301.3649902343752 387.23001098632818 132.91409301757815 47.355451583862312
decision_type=2 2 8 10 10 10 10 10
left_child=1 2 -1 4 -3 -2 7 -7
right_child=5 3 -4 -5 -6 6 -8 -9
leaf_value=0.046981198859465327 0.046897066069786511 -0.05110895843636977 -0.065859022900520592 0.1234707660033509 0.075012377313811718 -0.0359562519903227 -0.0060010950838072438 -0.12515005463155746
leaf_weight=7.5577631518244761 3.6168387755751636 3.9976301342248899 7.8039977252483368 5.5266276299953461 3.7905888855457306 3.677973657846449 5.9910686314105979 4.4801394194364548
leaf_count=37 21 20 39 30 20 19 34 25
internal_value=0.000538675 0.0214189 -0.00975171 0.0579314 0.00918036 -0.0325361 -0.0537294 -0.0870715
internal_weight=46.4426 28.6766 15.3618 13.3148 7.78822 17.766 14.1492 8.15811
internal_count=245 146 76 70 40 99 78 44
is_linear=0
shrinkage=0.1


Tree=26
num_leaves=8
num_cat=0
split_feature=7 18 19 19 14 20 7
split_gain=2.82308 3.11943 3.32777 2.65918 2.57509 4.60327 2.99445
threshold=28.500000000000004 352.09567260742193 0.019875366240739826 0.011606877204030754 31.627273559570316 0.032298641279339797 12.500000000000002
decision_type=10 2 8 10 2 10 8
left_child=1 4 3 -3 5 -1 -6
right_child=-2 2 -4 -5 6 -7 -8
leaf_value=0.034667463298979066 0.066372052132732492 -0.049069601417757187 -0.090238037825208339 0.060765722405044076 -0.019091120523424057 -0.085272977954209378 0.087611911475903914
leaf_weight=7.3601946383714694 5.6267009228467932 4.8377174139022845 7.6040398329496375 3.8817951753735542 3.8627123385667774 5.4404120892286301 7.1673618182539949
leaf_count=35 34 30 39 22 20 26 39
internal_value=0.000475006 -0.00865249 -0.0423497 0 0.0140921 -0.0157994 0.0495104
internal_weight=45.7809 40.1542 16.3236 8.71951 23.8307 12.8006 11.0301
internal_count=245 211 91 52 120 61 59
is_linear=0
shrinkage=0.1


Tree=27
num_leaves=10
num_cat=0
split_feature=9 0 3 4 6 20 11 3 17
split_gain=2.57194 2.61867 3.59461 3.46934 2.62524 2.44201 2.42468 2.16008 1.23592
threshold=41.500000000000007 31.500000000000004 19874.580078125004 5138.9960937500009 6.5000000000000009 0.020931379869580272 17.250000000000004 68483.550781250015 150.17990875244143
decision_type=2 10 8 10 8 10 8 8 8
left_child=1 3 -3 4 8 7 -2 -4 -1
right_child=6 2 5 -5 -6 -7 -8 -9 -10
leaf_value=-0.00019159553867686388 0.10133042058089868 0.083836843685101789 0.08151586642444604 0.043663673110781787 -0.13001984399711355 -0.058497036429004862 -0.0042406852736572923 -0.022210777999271739 -0.073307543968957459
leaf_weight=5.7356678098440161 4.3503870666027051 5.3164649754762676 3.5592180937528592 3.8105022534728041 4.0124875530600557 6.193681113421917 3.9025232121348381 4.1514182910323143 4.1181760653853425
leaf_count=30 28 29 18 21 20 33 20 24 22
internal_value=0.000430503 -0.010663 0.0144815 -0.0384939 -0.061938 -0.0117324 0.0507591 0.0248196 -0.0321828
internal_weight=45.1505 36.8976 19.2208 17.6768 13.8663 13.9043 8.25291 7.71064 9.85384
internal_count=245 197 104 93 72 75 48 42 52
is_linear=0
shrinkage=0.1


Tree=28
num_leaves=10
num_cat=1
split_feature=2 7 7 14 18 11 21 17 7
split_gain=2.29728 3.6497 4.11582 5.5797 3.5261 2.163 2.05847 1.44757 0.491334
threshold=0 28.500000000000004 21.500000000000004 28.844264030456547 262.55233764648443 9.5850000381469744 0.048382479697465904 106.04624176025392 9.5000000000000018
decision_type=1 8 8 2 2 8 10 10 10
left_child=4 2 3 -2 -1 -6 8 -7 -5
right_child=1 -3 -4 6 5 7 -8 -9 -10
leaf_value=0.10528611124108983 0.06383693595660124 0.062177943262843698 -0.11814850352272908 -0.12228678747545169 -0.04525177961641938 -0.0085237631193224705 -0.0011749591202011942 0.069077718974477703 -0.054915367618809496
leaf_weight=4.830861076712611 5.7076846882701018 4.0368892252445212 5.0449924096465102 3.3379111066460592 5.0114549323916409 3.9094086214900017 4.315545991063118 5.3291462510824203 3.1342210918664932
leaf_count=28 29 23 24 25 28 21 22 27 18
internal_value=0.000348402 -0.0166244 -0.0397561 -0.0146103 0.0212025 0.00624079 -0.0572397 0.0354292 -0.0925148
internal_weight=44.6581 25.5772 21.5404 16.4954 19.0809 14.25 10.7877 9.23855 6.47213
internal_count=245 141 118 94 104 76 65 48 43
cat_boundaries=0 1
cat_threshold=7
is_linear=0
shrinkage=0.1


Tree=29
num_leaves=9
num_cat=0
split_feature=18 14 11 6 14 7 20 0
split_gain=1.92736 3.16226 2.83053 2.52427 2.385 3.93748 3.56888 1.63163
threshold=374.69483947753912 37.898128509521491 6.1099998950958261 5.5000000000000009 31.198688507080082 11.500000000000002 0.043822452425956733 32.500000000000007
decision_type=2 2 8 8 2 8 10 8
left_child=2 3 -1 -2 6 -6 -4 -7
right_child=1 -3 4 -5 5 7 -8 -9
leaf_value=0.08262394738613256 -0.048336264370223467 -0.096686701739130229 0.01044492283126148 0.049951406094976003 -0.053359963819759798 0.11389313193226014 -0.10056466127310298 0.022549158015818874
leaf_weight=5.0596703737974185 4.9559717029333088 4.6015017777681342 7.5359736606478709 5.2910592481493959 3.5705476105213139 4.1879392415285102 4.4569282233715057 4.317959539592267
leaf_count=28 33 27 38 28 19 25 23 24
internal_value=0.000232836 -0.0287432 0.0153933 0.00144043 0.000563483 0.0322038 -0.0304731 0.0694858
internal_weight=43.9776 14.8485 29.129 10.247 24.0693 12.0764 11.9929 8.5059
internal_count=245 88 157 61 129 68 61 49
is_linear=0
shrinkage=0.1


Tree=30
num_leaves=9
num_cat=0
split_feature=11 0 0 13 20 16 9 23
split_gain=2.93678 2.02557 5.00328 2.65478 2.42549 2.89738 1.70233 1.52832
threshold=2.9700000286102299 28.500000000000004 31.500000000000004 1614.330017089844 0.044512405991554267 80.711265563964858 19.500000000000004 5.5000000000000009
decision_type=10 8 10 8 8 10 2 2
left_child=-1 3 -3 -2 5 6 -4 -5
right_child=1 2 4 7 -6 -7 -8 -9
leaf_value=0.051672354356619092 -0.035610936380587224 -0.13816362042084035 0.047735757931370693 0.093249009667376773 0.042937263187054563 -0.10325702012646301 -0.042858785892450749 0.0021773636061527039
leaf_weight=6.9195207282900801 6.6526646167039845 3.9934571906924274 3.6057604812085646 3.8769904896616945 5.0152467563748351 4.3467298299074164 4.5829271078109741 3.8770806640386581
leaf_count=37 36 22 19 21 27 28 27 22
internal_value=-0.00714769 -0.0188582 -0.0382966 0.0095846 -0.0143524 -0.038223 -0.0016658 0.0495934
internal_weight=42.8704 35.9509 21.5441 14.4067 17.5507 12.5354 8.18869 7.75407
internal_count=239 202 123 79 101 74 46 43
is_linear=0
shrinkage=0.1


Tree=31
num_leaves=10
num_cat=0
split_feature=10 5 17 17 17 7 4 20 3
split_gain=2.43515 3.01361 2.56294 5.49929 4.68306 3.15288 3.0277 3.02236 2.19536
threshold=6.5000000000000009 4.5000000000000009 104.60916137695314 80.714946746826186 279.70182800292974 14.500000000000002 1278.683532714844 0.041744677349925048 44681.955078125007
decision_type=10 8 8 10 10 10 8 10 8
left_child=-1 8 3 6 5 -4 -3 -7 -2
right_child=1 2 4 -5 -6 7 -8 -9 -10
leaf_value=-0.078110259573767674 0.092639957859462219 0.066316034210499364 -0.026453922680448768 -0.15097792501276658 -0.09206249926178206 0.12163964648532166 -0.054117116068643348 0.0021328301947062755 -0.0045272034954025858
leaf_weight=4.1747127175331107 5.2877215296030018 3.4371066465973863 4.8499793261289623 3.6102774739265433 3.4270051792263976 5.1032178401947004 4.9612605348229417 3.866271048784256 3.7452347651124009
leaf_count=27 27 22 25 17 17 30 27 23 24
internal_value=-0.00648376 0.00124861 -0.0140956 -0.0495104 0.0101303 0.0366703 -0.00345171 0.0718207 0.0516492
internal_weight=42.4628 38.2881 29.2551 12.0086 17.2465 13.8195 8.39837 8.96949 9.03296
internal_count=239 212 161 66 95 78 49 53 51
is_linear=0
shrinkage=0.1


Tree=32
num_leaves=9
num_cat=0
split_feature=11 17 17 21 12 4 4 17
split_gain=2.36795 2.37231 4.27788 2.89167 2.45048 1.57413 1.94612 1.7192
threshold=2.9700000286102299 103.05760574340822 79.383811950683608 0.031422287225723274 10.500000000000002 3677.720825195313 2477.727905273438 271.90710449218756
decision_type=10 8 10 8 2 10 8 8
left_child=-1 2 3 -2 5 6 -3 -7
right_child=1 4 -4 -5 -6 7 -8 -9
leaf_value=0.047187665585772753 -0.061536767616078895 -0.030629093222566673 -0.14124869942993962 0.043731316427359029 0.060424970331969446 -0.00044014417704707964 0.063683569452079605 -0.1013920524019658
leaf_weight=6.8127986267209044 5.7602776996791336 4.5660396218299875 3.5999291539192191 4.5249353572726259 5.6094434931874266 3.6781556978821746 3.9267917722463617 3.3710222542285919
leaf_count=37 36 22 18 27 33 25 20 21
internal_value=-0.00595621 -0.0166794 -0.048693 -0.0142865 0.00399596 -0.0159873 0.0120477 -0.0508586
internal_weight=41.8494 35.0366 13.8851 10.2852 21.1515 15.542 8.49283 7.04918
internal_count=239 202 81 63 121 88 42 46
is_linear=0
shrinkage=0.1


Tree=33
num_leaves=9
num_cat=0
split_feature=10 5 17 17 17 13 4 18
split_gain=1.94565 2.45187 2.01756 3.76003 4.07911 2.45229 2.13149 1.55831
threshold=6.5000000000000009 4.5000000000000009 279.70182800292974 104.60916137695314 80.714946746826186 1378.6149902343752 3007.5854492187505 347.86297607421881
decision_type=10 8 10 10 10 10 10 2
left_child=-1 7 3 4 5 -3 -5 -2
right_child=1 2 -4 6 -6 -7 -8 -9
leaf_value=-0.071652701162314369 0.095881464158210791 -0.059481021507292842 -0.084294154222377848 -0.0037825894867611117 -0.13025232861738215 0.039791472184969298 0.079480450133052938 0.0094513183789507703
leaf_weight=3.9185173586010924 3.7072892785072309 4.4589528180658871 3.3769424334168425 5.7555031627416593 3.5017471462488166 5.3307106047868729 5.9891283214092255 5.3243169039487839
leaf_count=27 18 27 17 33 17 32 35 33
internal_value=-0.0054772 0.00135402 -0.012818 -0.00248223 -0.0391453 -0.00455781 0.0381454 0.0466857
internal_weight=41.3631 37.4446 28.413 25.036 13.2914 9.78966 11.7446 9.03161
internal_count=239 212 161 144 76 59 68 51
is_linear=0
shrinkage=0.1


Tree=34
num_leaves=9
num_cat=0
split_feature=0 4 17 7 17 8 0 10
split_gain=1.90298 2.05286 2.8716 4.41166 3.2543 2.28409 2.0894 1.98771
threshold=19.500000000000004 962.22875976562511 103.05760574340822 19.500000000000004 202.1153259277344 5.5000000000000009 35.500000000000007 11.500000000000002
decision_type=8 10 8 10 10 8 10 10
left_child=-1 -2 3 -3 5 6 -4 -6
right_child=1 2 4 -5 7 -7 -8 -9
leaf_value=0.056932107172041203 0.050956067424718338 0 -0.041764119708635111 -0.12566149852412087 0 0.084519132054704432 0.052196595689375472 -0.10184979178175607
leaf_weight=4.275129407644271 4.2857682183384886 5.4460425861179811 5.2918217107653618 5.4637384861707687 3.524713583290576 4.6522335931658754 4.1170816831290722 3.8826512396335602
leaf_count=24 26 37 29 28 20 29 25 21
internal_value=-0.00501847 -0.0126493 -0.0215073 -0.0630299 0 0.0280053 0 -0.0534359
internal_weight=40.9392 36.6641 32.3783 10.9098 21.4685 14.0611 9.4089 7.40736
internal_count=239 215 189 65 124 83 54 41
is_linear=0
shrinkage=0.1


Tree=35
num_leaves=8
num_cat=0
split_feature=19 7 16 14 4 19 14
split_gain=3.97808 2.62108 3.96415 2.39901 1.58808 2.35856 1.28367
threshold=0.0028714220970869069 4.5000000000000009 94.09482574462892 31.275148391723636 1108.0866699218752 0.042976140975952155 29.826836585998539
decision_type=10 10 8 2 10 10 2
left_child=-1 -2 4 -4 -3 -6 -7
right_child=1 2 3 -5 5 6 -8
leaf_value=0.077728198216882316 -0.087116304517215762 -0.028501701949287628 -0.089561350313697094 -0.00012736704209808782 0 0.11962053908401643 0.036321210418313744
leaf_weight=6.3987210392951956 3.592165380716323 3.3350200578570428 5.5579220764338952 6.8658971637487411 6.5966353192925444 4.2432357519865018 4.2289211675524712
leaf_count=39 22 20 32 39 38 24 23
internal_value=0.00582881 -0.00743422 0.001779 -0.0413307 0.0314875 0.0455239 0.0801166
internal_weight=40.8185 34.4198 30.8276 12.4238 18.4038 15.0688 8.47216
internal_count=237 198 176 71 105 85 47
is_linear=0
shrinkage=0.1


Tree=36
num_leaves=9
num_cat=0
split_feature=19 7 13 21 18 8 11 19
split_gain=3.25876 2.232 2.19459 2.09615 2.80652 1.56118 1.38869 3.22979
threshold=0.0028714220970869069 4.5000000000000009 2653.849975585938 0.078982561826705946 280.60516357421881 5.5000000000000009 7.8949999809265146 0.019875366240739826
decision_type=10 10 8 10 2 8 8 8
left_child=-1 -2 3 4 -3 6 -6 -8
right_child=1 2 -4 -5 5 -7 7 -9
leaf_value=0.07057315330393385 -0.081834001468624351 -0.074626811611137586 -0.066963070715227516 0.07788689473167601 -0.042615853452304286 0.07686100922927383 0.094550198447581238 -0.017966931844663851
leaf_weight=6.3552034571766844 3.4553524479269973 3.998910419642935 3.9139957427978507 4.0191524773836127 4.5776250585913605 3.4172213375568381 3.8756440952420279 6.7760898768901834
leaf_count=39 22 22 21 23 30 21 20 39
internal_value=0.00528825 -0.00678054 0.00161356 0.0122659 0 0.0167151 0.00215369 0.0225411
internal_weight=40.3892 34.034 30.5786 26.6646 22.6455 18.6466 15.2294 10.6517
internal_count=237 198 176 155 132 110 89 59
is_linear=0
shrinkage=0.1


Tree=37
num_leaves=8
num_cat=0
split_feature=19 4 11 11 11 9 8
split_gain=2.67183 2.02419 3.42755 2.32485 2.50753 4.07226 0.958227
threshold=0.0028714220970869069 1662.4121093750002 9.5850000381469744 7.9600000381469735 17.444999694824222 21.500000000000004 3.5000000000000004
decision_type=10 10 10 8 10 2 8
left_child=-1 2 -2 6 5 -5 -3
right_child=1 3 -4 4 -6 -7 -8
leaf_value=0.064078067356547558 0.10626753367393314 -0.10400069576566323 -0.011415359104600176 -0.030947736099602982 -0.071815508623090329 0.084819765584136383 -0.028667629282156139
leaf_weight=6.3119286000728598 3.686495289206503 3.7441538944840458 6.7449667975306511 6.4054654911160451 3.6401860639452925 5.4984351061284542 4.0571192018687725
leaf_count=39 22 26 37 38 19 31 25
internal_value=0.00475415 -0.00619304 0.0298386 -0.0227783 0 0.0219536 -0.0669474
internal_weight=40.0888 33.7768 10.4315 23.3454 15.5441 11.9039 7.80127
internal_count=237 198 59 139 88 69 51
is_linear=0
shrinkage=0.1


Tree=38
num_leaves=10
num_cat=0
split_feature=13 7 16 19 4 17 0 14 21
split_gain=2.26108 2.27658 2.00472 2.44649 1.92912 1.50002 1.6095 0.868924 0.471914
threshold=387.23001098632818 7.5000000000000009 94.09482574462892 0.048969672992825515 2797.730346679688 79.383811950683608 31.500000000000004 32.586654663085945 0.040504328906536109
decision_type=10 10 8 10 10 10 10 2 10
left_child=4 8 5 7 -1 -3 -7 -4 -2
right_child=1 2 3 -5 -6 6 -8 -9 -10
leaf_value=0 -0.09020923279253161 0.072746680013485818 -0.025368168912440738 -0.080942388963906875 0.10136872913974121 -0.039051310743485605 0.043716522445005873 0.043442034844559219 -0.02717138424317771
leaf_weight=3.3614849075675002 3.0724018439650527 5.297457471489909 3.1484193280339223 4.5818796306848526 3.9004277363419533 4.1904686987400037 5.018006470054388 3.8766633421182632 3.0505249202251434
leaf_count=20 25 32 19 24 26 25 30 21 15
internal_value=0.0042729 -0.0068518 0.00573098 -0.0246532 0.0544364 0.03073 0.00496247 0.0112768 -0.0613512
internal_weight=39.4977 32.2358 26.1129 11.607 7.26191 14.5059 9.20848 7.02508 6.12293
internal_count=237 191 151 64 46 87 55 40 40
is_linear=0
shrinkage=0.1


Tree=39
num_leaves=9
num_cat=1
split_feature=2 13 8 13 10 10 19 13
split_gain=1.97812 2.04563 2.56749 1.79943 2.44987 1.37223 1.85295 0.676274
threshold=0 2257.6250000000005 5.5000000000000009 1210.8150024414065 15.500000000000002 14.500000000000002 0.018289261497557167 580.33999633789074
decision_type=1 10 8 10 10 10 8 10
left_child=3 2 5 7 -5 6 -2 -1
right_child=1 -3 -4 4 -6 -7 -8 -9
leaf_value=-0.025657672668418282 0.039125277907875178 -0.035697558702811279 0.1176753921102747 0.06415596838308095 -0.038604377129727037 0.058584573554103028 -0.051147542866410989 -0.095600937094611704
leaf_weight=3.0234125889837768 4.8131305947899863 3.943583831191062 3.5603580363094798 3.5952553749084455 6.1330529004335403 6.1435985751450053 4.1156204789876947 3.8279813975095749
leaf_count=19 28 23 27 22 32 37 21 28
internal_value=0.00381004 0.0192426 0.041805 -0.0175867 0 0.0225665 -0.00148315 -0.0669877
internal_weight=39.156 22.5763 18.6327 16.5797 9.72831 15.0723 8.92875 6.85139
internal_count=237 136 113 101 54 86 49 47
cat_boundaries=0 1
cat_threshold=40
is_linear=0
shrinkage=0.1


Tree=40
num_leaves=10
num_cat=0
split_feature=3 3 17 5 19 8 4 11 11
split_gain=3.14355 4.25524 2.29612 2.2058 2.25202 1.55243 1.9808 1.93825 1.15453
threshold=34627.869140625007 44681.955078125007 157.6065368652344 5.5000000000000009 0.14227417856454852 3.5000000000000004 5044.4233398437509 9.8450002670288104 13.690000057220461
decision_type=10 10 10 8 10 8 10 10 8
left_child=2 -2 3 -1 8 7 -7 -3 -5
right_child=1 5 -4 4 -6 6 -8 -9 -10
leaf_value=0.043010807973933141 0.1013746000744959 0.0074765906645173743 -0.094221023816858554 -0.098030135156895681 0.031368484183032647 -0.020319481373380185 0.079012168880122885 -0.092356872205748702 -0.013170890214182666
leaf_weight=5.1843929402530202 5.6758153513073948 4.7456210479140255 3.9896748512983313 4.4641924165189266 3.2394081801176071 3.5165499597787866 4.1405332610011101 3.0041246488690376 2.9879940301179886
leaf_count=28 31 33 23 25 23 21 25 20 20
internal_value=0.00110198 0.028166 -0.0271163 -0.00914259 -0.0355228 7.15035e-05 0.0324307 -0.0306327 -0.0659544
internal_weight=40.9483 21.0826 19.8657 15.876 10.6916 15.4068 7.65708 7.74975 7.45219
internal_count=249 130 119 96 68 99 46 53 45
is_linear=0
shrinkage=0.1


Tree=41
num_leaves=9
num_cat=0
split_feature=3 3 14 3 23 21 16 14
split_gain=2.56608 3.47321 2.60802 3.52857 1.56896 2.07433 1.26799 1.17733
threshold=34627.869140625007 44681.955078125007 27.265313148498539 12673.649902343752 4.5000000000000009 0.056089790537953384 96.636337280273452 30.385396003723148
decision_type=10 10 2 8 2 10 8 2
left_child=2 -2 -1 -4 -5 -6 -3 -8
right_child=1 6 3 4 5 -7 7 -9
leaf_value=0.029990704679117131 0.091706383063885913 -0.03702921919828752 0.048557967946868202 -0.13235603632022047 -0.1034092054672188 0 -0.022025233785745654 0.048380403014727846
leaf_weight=5.8643898591399219 5.6581804156303432 5.5778823047876331 2.8045867532491657 3.3195592537522316 3.4240599423646927 4.3830266781151295 3.4823791682720184 6.2785220518708229
leaf_count=31 31 36 21 20 19 28 24 39
internal_value=0.000949488 0.0254779 -0.0245622 -0.0482892 -0.0738063 -0.0462873 0 0.0222792
internal_weight=40.7926 20.997 19.7956 13.9312 11.1266 7.80709 15.3388 9.7609
internal_count=249 130 119 88 67 47 99 63
is_linear=0
shrinkage=0.1


Tree=42
num_leaves=10
num_cat=0
split_feature=3 3 13 9 9 17 17 13 9
split_gain=2.10538 2.84398 2.00585 2.14747 3.60042 1.41644 2.09889 0.965293 0.381225
threshold=34627.869140625007 44681.955078125007 791.35000610351574 18.500000000000004 39.500000000000007 210.38864898681643 146.98960876464847 1396.9400024414065 21.500000000000004
decision_type=10 10 10 2 2 10 10 8 2
left_child=2 -2 8 -4 -5 6 7 -3 -1
right_child=1 5 3 4 -6 -7 -8 -9 -10
leaf_value=-0.096960347985465892 0.083090178838036405 -0.052717195341067308 0.059648997791489217 -0.075037825394260738 0.051810834220868456 -0.038158046162320908 0.087679352412360731 0.024617235292608182 -0.03783462792566239
leaf_weight=2.9864717982709434 5.6321456208825138 2.7871305830776674 4.0286041125655165 5.8202809244394285 3.4219396188855171 5.7816302701830855 3.2942058145999908 3.4069464802742004 3.2519201636314392
leaf_count=19 31 23 23 32 24 35 21 20 21
internal_value=0.00078985 0.0230256 -0.0225194 0 -0.0269497 0 0.0241682 -0.00887662 -0.0688004
internal_weight=40.4113 20.9021 19.5092 13.2708 9.24222 15.2699 9.48828 6.19408 6.23839
internal_count=249 130 119 79 56 99 64 43 40
is_linear=0
shrinkage=0.1


Tree=43
num_leaves=9
num_cat=0
split_feature=7 13 6 21 21 7 3 7
split_gain=1.90583 2.72694 1.90087 1.20102 1.96666 2.01545 1.43199 0.882279
threshold=3.5000000000000004 544.66000366210949 5.5000000000000009 0.10189490020275117 0.061287371441721923 17.500000000000004 19197.540039062504 9.5000000000000018
decision_type=10 10 10 8 10 10 10 10
left_child=-1 2 -2 4 5 7 -7 -3
right_child=1 3 -4 -5 -6 6 -8 -9
leaf_value=0.061879529153143535 -0.11568136876447831 0.012735456985892131 -0.011510306075524057 0.056080885488438786 -0.04618403651804643 0.046215921027301099 -0.038872587025836167 0.084909544631709036
leaf_weight=4.4475723989307872 3.3325250521302214 3.4440274983644583 4.1220857389271259 4.1694507598876944 6.8979328721761695 2.6160181537270528 6.7086118720471859 4.2558663785457611
leaf_count=26 27 23 27 27 39 17 38 25
internal_value=0.000693646 -0.0068335 -0.0603177 0.00716823 -0.00113845 0.0166921 -0.0137029 0.0544866
internal_weight=39.9941 35.5465 7.45461 28.0919 23.9225 17.0245 9.32463 7.69989
internal_count=249 223 54 169 142 103 55 48
is_linear=0
shrinkage=0.1


Tree=44
num_leaves=9
num_cat=0
split_feature=3 3 5 9 11 0 16 23
split_gain=1.65212 2.27955 1.95884 2.09967 2.06848 1.31627 1.35859 1.02172
threshold=34627.869140625007 44681.955078125007 5.5000000000000009 39.500000000000007 13.690000057220461 39.500000000000007 150.06916046142581 4.5000000000000009
decision_type=10 10 8 2 8 10 10 2
left_child=2 -2 -1 4 -4 6 7 -3
right_child=1 5 3 -5 -6 -7 -8 -9
leaf_value=0.025663047093916654 0.074788641844996326 0.029001601953568015 -0.11017774870480208 0.007145359971531361 -0.0018036475620862404 -0.04951525709418747 0.059475199247101589 -0.047623002930473016
leaf_weight=6.0500310622155693 5.5310164988040951 3.1417280957102758 5.2368431165814382 5.0133912004530421 2.918650895357132 3.8472711592912665 4.5352482423186302 3.5002312250435352
leaf_count=34 31 19 30 36 19 29 28 23
internal_value=0.00062319 0.0205238 -0.0201399 -0.041971 -0.0730963 0 0.0175792 -0.0100028
internal_weight=39.7744 20.5555 19.2189 13.1689 8.15549 15.0245 11.1772 6.64196
internal_count=249 130 119 85 49 99 70 42
is_linear=0
shrinkage=0.1


Tree=45
num_leaves=10
num_cat=0
split_feature=5 5 17 11 11 20 20 11 8
split_gain=2.25172 3.32528 2.76764 3.05954 2.86462 2.07001 1.58314 1.46157 1.12098
threshold=3.5000000000000004 4.5000000000000009 104.60916137695314 6.3550000190734872 7.8949999809265146 0.041744677349925048 0.024423520080745224 14.235000133514406 2.5000000000000004
decision_type=10 10 10 10 8 10 8 10 8
left_child=6 -2 3 -3 -4 8 -1 -5 -6
right_child=1 2 4 7 5 -7 -8 -9 -10
leaf_value=-0.10137840286502556 0.07867780979364053 0.04093537202882714 -0.061237009239611673 -0.11006348417467389 0.024293087866573734 -0.015052886562292679 -0.0039200981406777658 -0.030388100315434288 0.10656241776036882
leaf_weight=4.1217023469507685 4.5155539363622657 2.9030918553471592 3.5138704515993595 5.1836812794208509 3.4848576784133893 4.1004075929522514 3.1352593488991261 5.0517341494560242 4.1014681905508041
leaf_count=30 24 21 24 29 18 25 18 31 28
internal_value=-0.0112508 0 -0.0128304 -0.0464674 0.0157036 0.0400092 -0.0612579 -0.0723814 0.0708799
internal_weight=40.1116 32.8547 28.3391 13.1385 15.2006 11.6867 7.25696 10.2354 7.58633
internal_count=248 200 176 81 95 71 48 60 46
is_linear=0
shrinkage=0.1


Tree=46
num_leaves=9
num_cat=0
split_feature=5 5 17 10 20 0 9 20
split_gain=1.92538 2.73253 2.2675 2.73268 2.55262 2.20842 1.7415 1.4206
threshold=3.5000000000000004 4.5000000000000009 104.60916137695314 18.500000000000004 0.021769209764897827 36.500000000000007 26.500000000000004 0.024423520080745224
decision_type=10 10 10 10 8 10 2 8
left_child=7 -2 3 4 -3 6 -4 -1
right_child=1 2 5 -5 -6 -7 -8 -9
leaf_value=-0.097172092443272295 0.071692064273418357 -0.00089199843128781012 -0.049357787033181534 0.021157043894834068 -0.1151844087461079 0.067411481918700666 0.03394234766990336 -0.0035429664615212195
leaf_weight=3.8867176175117484 4.4720760509371749 3.2787462659180173 5.6187036633491498 4.2905874587595454 5.4981076307594785 5.1050742864608756 4.2636235430836678 3.132871001958847
leaf_count=30 24 21 34 27 33 31 30 18
internal_value=-0.0103231 0 -0.0116572 -0.0421446 -0.074106 0.014365 -0.0124371 -0.0574263
internal_weight=39.5465 32.5269 28.0548 13.0674 8.77685 14.9874 9.88233 7.01959
internal_count=248 200 176 81 54 95 64 48
is_linear=0
shrinkage=0.1


Tree=47
num_leaves=10
num_cat=0
split_feature=5 5 17 11 20 11 5 20 20
split_gain=1.64748 2.24426 1.85599 2.31209 1.81982 1.59973 1.80771 1.27372 1.03021
threshold=3.5000000000000004 4.5000000000000009 104.60916137695314 7.8949999809265146 0.041744677349925048 7.1699998378753671 6.5000000000000009 0.024423520080745224 0.019127384759485725
decision_type=10 10 10 8 10 10 8 8 10
left_child=7 -2 5 -4 8 -3 -7 -1 -5
right_child=1 2 3 4 -6 6 -8 -9 -10
leaf_value=-0.093157096687786337 0.065349080002902571 0.021390739738892352 -0.056420402408932584 0.02804338753840421 -0.016148743472690855 -0.10555352870537529 -0.01700365043389648 -0.0032018927889334438 0.10866474518503806
leaf_weight=3.664729941636323 4.4276380091905585 3.1278451234102276 3.4508607424795628 4.1576481536030752 4.0538639388978481 4.3943191766738865 5.4990344271063814 3.1307046301662922 3.1569821685552597
leaf_count=30 24 22 24 23 25 25 34 18 23
internal_value=-0.00944322 0 -0.0105457 0.0131304 0.0354221 -0.0381481 -0.0579981 -0.0538118 0.0651844
internal_weight=39.0636 32.2682 27.8406 14.8194 11.3685 13.0212 9.89335 6.79543 7.31463
internal_count=248 200 176 95 71 81 59 48 46
is_linear=0
shrinkage=0.1


Tree=48
num_leaves=10
num_cat=0
split_feature=18 18 9 8 5 14 5 7 7
split_gain=1.46352 2.60237 2.096 1.86483 2.50777 1.56945 1.01134 1.27707 0.829333
threshold=262.55233764648443 280.60516357421881 20.500000000000004 5.5000000000000009 3.5000000000000004 31.817086219787601 6.5000000000000009 17.500000000000004 12.500000000000002
decision_type=2 2 2 8 10 2 10 8 8
left_child=2 -2 -1 4 -3 -4 8 -8 -6
right_child=1 3 5 -5 6 -7 7 -9 -10
leaf_value=0.088406145875414885 -0.1134087044101519 -0.094149692945520558 -0.047362031159709078 0.044510738772469305 -0.0083155555466107017 0.041355387892857254 0.0084470752087146585 -0.074219513207636242 0.051151730751893623
leaf_weight=3.2127515226602537 2.6749751791358021 3.9937939718365731 4.2183677554130554 4.7629170194268218 5.3374719619750985 3.5529918745160103 3.2634885944426051 3.7005904652178288 3.7734443694353113
leaf_count=20 14 34 26 34 32 24 20 22 22
internal_value=-0.00868136 -0.02117 0.0215996 -0.0104175 -0.0241055 -0.00552075 -0.00561042 -0.0344937 0.0155161
internal_weight=38.4908 27.5067 10.9841 24.8317 20.0688 7.77136 16.075 6.96408 9.11092
internal_count=248 178 70 164 130 50 96 42 54
is_linear=0
shrinkage=0.1


Tree=49
num_leaves=10
num_cat=0
split_feature=5 5 11 20 9 7 11 20 13
split_gain=1.16588 1.73039 1.38989 2.96004 2.71988 1.68305 1.1929 1.11906 0.869016
threshold=3.5000000000000004 4.5000000000000009 14.59500026702881 0.060198014602065093 10.500000000000002 13.500000000000002 17.444999694824222 0.024423520080745224 1559.9749755859377
decision_type=10 10 8 8 2 10 10 8 10
left_child=7 -2 4 6 -3 -6 -4 -1 -7
right_child=1 2 3 -5 5 8 -8 -9 -10
leaf_value=-0.086167799826315228 0.057720580789160869 0.050890973275423482 0.088206711111789196 -0.059558505161494524 -0.10639184127282471 0.01195089479574897 0.0073342863913606303 0 -0.048737152780508039
leaf_weight=3.298883978277444 4.363399580121043 3.2504113055765655 4.0706000588834295 3.3252818435430536 3.6789405941963187 3.5484080724418146 3.7996982112526894 3.0503239221870899 5.7094018720090389
leaf_count=30 24 18 32 19 26 24 24 18 33
internal_value=-0.00790526 0 -0.00940965 0.0170396 -0.0283091 -0.0492132 0.0509989 -0.0466679 -0.0245284
internal_weight=38.0953 31.7461 27.3827 11.1956 16.1872 12.9368 7.8703 6.34921 9.25781
internal_count=248 200 176 75 101 83 56 48 57
is_linear=0
shrinkage=0.1


Tree=50
num_leaves=9
num_cat=0
split_feature=16 4 17 19 17 4 17 13
split_gain=2.29436 1.83102 1.9911 1.41902 1.92382 1.45536 1.15752 0.710124
threshold=207.56972503662112 962.22875976562511 114.69699859619142 0.019031755626201633 210.38864898681643 3086.1362304687505 79.383811950683608 1378.6149902343752
decision_type=8 8 8 10 10 10 10 10
left_child=1 -1 6 4 -4 -5 7 -3
right_child=-2 2 3 5 -6 -7 -8 -9
leaf_value=0.081503722874775669 -0.058303855856732291 -0.033432911508239564 0.038479925212112416 0.013184857997227665 -0.053924385622483244 0.10402037476845967 -0.059862792550711912 0.034516860461366122
leaf_weight=3.0214936137199429 5.9682117290794841 2.8634347077459115 4.7833697907626647 4.3331833891570559 4.0556620433926582 3.3146897330880165 6.1622378006577492 3.0801811069250107
leaf_count=22 38 23 31 28 28 23 37 18
internal_value=-0.00175413 0.00875633 0.000463077 0.0233599 -0.00292871 0.0546793 -0.0298366 0.000114769
internal_weight=37.5825 31.6143 28.5928 16.4869 8.83903 7.64787 12.1059 5.94362
internal_count=248 210 188 110 59 51 78 41
is_linear=0
shrinkage=0.1


Tree=51
num_leaves=11
num_cat=0
split_feature=10 11 11 11 20 13 5 0 20 0
split_gain=2.26587 2.8677 3.08996 2.19456 1.70751 2.05664 3.25548 1.59536 0.983867 0.713547
threshold=7.5000000000000009 10.860000133514406 12.744999885559084 18.164999961853031 0.031809180974960334 1210.8150024414065 4.5000000000000009 25.500000000000004 0.052653733640909202 33.500000000000007
decision_type=10 8 8 8 8 10 8 10 8 10
left_child=-1 4 -3 7 5 6 -2 -4 -6 -5
right_child=1 2 3 9 8 -7 -8 -9 -10 -11
leaf_value=-0.07239661091964622 0.097879684418421486 -0.11115318437972432 -0.011160422137128079 -0.0040916775365888265 -0.045614266745454442 0.11996950549988483 -0.043564778429685869 0.077729324006414344 0.034454342941809928 -0.073038029487170683
leaf_weight=3.9450380317866793 3.0338256824761611 3.0194180384278306 3.5614798255264759 3.129388865083456 2.9184111729264268 3.8198676034808159 3.1919403001666069 4.0487231686711311 2.965953391045332 3.5485053807497025
leaf_count=31 20 19 23 20 20 24 22 28 20 21
internal_value=-0.00150519 0.00680104 -0.0209572 -0.000561539 0.0375261 0.0624495 0.0242382 0.0352278 -0.00368413 -0.0427409
internal_weight=37.1826 33.2375 17.3075 14.2881 15.93 10.0456 6.22577 7.6102 5.88436 6.67789
internal_count=248 217 111 92 106 66 42 51 40 41
is_linear=0
shrinkage=0.1


Tree=52
num_leaves=11
num_cat=0
split_feature=10 11 11 11 20 13 5 8 10 20
split_gain=1.90904 2.37485 2.6061 1.80694 1.42367 1.84801 2.65617 1.11355 1.46794 0.800014
threshold=7.5000000000000009 10.860000133514406 12.744999885559084 18.164999961853031 0.031809180974960334 1282.840026855469 4.5000000000000009 2.5000000000000004 17.500000000000004 0.052653733640909202
decision_type=10 8 8 10 8 10 8 8 10 8
left_child=-1 4 -3 7 5 6 -2 -4 -9 -6
right_child=1 2 3 -5 9 -7 -8 8 -10 -11
leaf_value=-0.067718313497166033 0.084833730338028768 -0.10344942358232859 -0.02136731047892379 -0.051232660303312694 -0.040769701704564829 0.11693604986718614 -0.039973903460478903 0.10273134758289933 0.0027654451197788705 0.031342516514890333
leaf_weight=3.8099607415497294 3.3778701834380609 2.9319470599293718 3.2210780903696987 4.7096867710351953 2.9488547332584867 3.3812121376395226 3.1424835398793221 2.7161019332706937 3.5347543433308601 2.9454387240111828
leaf_count=31 22 19 18 28 20 22 22 23 23 20
internal_value=-0.00143389 0.00611889 -0.0192682 -0.000561694 0.0342011 0.0572416 0.023477 0.0238605 0.0487105 -0.00314452
internal_weight=36.7194 32.9094 17.1136 14.1816 15.7959 9.90157 6.52035 9.47193 6.25086 5.89429
internal_count=248 217 111 92 106 66 44 64 46 40
is_linear=0
shrinkage=0.1


Tree=53
num_leaves=9
num_cat=0
split_feature=10 18 3 19 19 13 12 20
split_gain=1.61046 1.78407 1.72165 1.64281 1.58136 2.70195 1.84263 1.41923
threshold=7.5000000000000009 297.03198242187506 18965.730468750004 0.034231832250952728 0.044606577605009086 1282.840026855469 5.5000000000000009 0.049248095601797111
decision_type=10 2 8 10 10 8 2 8
left_child=-1 3 -3 -2 5 6 -4 -5
right_child=1 2 4 7 -6 -7 -8 -9
leaf_value=-0.063253534526105604 -0.073458530590984047 0.09793202803085696 0.034271207915586743 0.034194878518140702 -0.050360472986767039 0.092834092041603422 -0.057001162336093585 -0.043229926072409608
leaf_weight=3.6847706027328959 4.1201182268559924 2.7464378215372589 5.206797618418932 5.5060614012181732 3.0544475205242625 4.2172280550003061 3.671076025813818 3.9880212172865876
leaf_count=31 28 19 35 38 19 29 25 24
internal_value=-0.0012903 0.00559851 0.0256685 -0.0215127 0.0122367 0.0278664 -0.00257136 0.000518417
internal_weight=36.195 32.5102 18.896 13.6142 16.1495 13.0951 8.87787 9.49408
internal_count=248 217 127 90 108 89 60 62
is_linear=0
shrinkage=0.1


Tree=54
num_leaves=9
num_cat=0
split_feature=14 14 20 20 14 10 21 10
split_gain=1.84976 1.41132 2.34515 2.33022 2.25972 1.8367 1.86237 1.16235
threshold=39.371994018554695 35.485990524291999 0.031809180974960334 0.030972130596637729 31.047810554504398 14.500000000000002 0.04945348575711251 18.500000000000004
decision_type=2 2 8 10 2 10 10 10
left_child=1 2 5 -3 7 6 -1 -4
right_child=-2 3 4 -5 -6 -7 -8 -9
leaf_value=-0.0510985884838287 0.06744739385796393 -0.08484430103543672 -0.093260890120368006 0.024813697194855669 0.035202810688037385 0.076267386717869645 0.046286353456327832 -0.01189507844938472
leaf_weight=3.6152369827032107 3.4117922447621813 5.1798582114279261 4.4544317834079248 2.8181181252002716 3.4330366179347038 5.3554299250245094 4.0648815296590328 3.4199365489184856
leaf_count=30 24 33 28 21 26 38 25 23
internal_value=-0.00116972 -0.0089023 0.00273116 -0.0451417 -0.0300022 0.0318986 0 -0.059769
internal_weight=35.7527 32.3409 24.343 7.99798 11.3074 13.0355 7.68012 7.87437
internal_count=248 224 170 54 77 93 55 51
is_linear=0
shrinkage=0.1


Tree=55
num_leaves=10
num_cat=0
split_feature=13 20 21 3 12 23 13 20 5
split_gain=1.68891 1.40963 1.28511 2.02381 1.97423 2.22142 1.86058 1.6355 1.4677
threshold=208.93000030517581 0.063689079135656371 0.056089790537953384 16590.450195312504 4.5000000000000009 4.5000000000000009 2074.8100585937505 0.031526159495115287 6.5000000000000009
decision_type=8 10 10 8 2 2 10 8 10
left_child=-1 2 4 -4 -2 -6 8 -5 -7
right_child=1 -3 3 7 5 6 -8 -9 -10
leaf_value=0.071572344571842972 -0.08427650781089048 0.052060245052372715 -0.046861798398459817 0.083880638987187575 0.045685438305605827 -0.11611004675171457 0.022947388771011865 -0.0053442990388057358 -0.018754107357778761
leaf_weight=2.8853565901517859 4.8851552531123223 3.4774131551384917 3.688211061060426 4.1403220929205427 4.6008493155241004 3.1770598441362363 3.1900396160781384 3.5827469229698181 3.5784893240779638
leaf_count=17 39 22 24 26 32 20 23 23 24
internal_value=-0.000294133 -0.00681696 -0.0139251 0.0120297 -0.0296627 -0.0101887 -0.0372291 0.0416715 -0.067024
internal_weight=37.2056 34.3203 30.8429 11.4113 19.4316 14.5464 9.94559 7.72307 6.75555
internal_count=250 233 211 73 138 99 67 49 44
is_linear=0
shrinkage=0.1


Tree=56
num_leaves=9
num_cat=1
split_feature=2 12 21 21 19 10 18 16
split_gain=1.51697 2.4035 2.18989 2.14345 1.4337 1.6156 0.851794 0.63606
threshold=0 4.5000000000000009 0.072573404759168639 0.030584208667278293 0.046992927789688117 10.500000000000002 280.60516357421881 58.166868209838874
decision_type=1 2 8 8 10 10 2 8
left_child=1 -1 7 -2 5 -5 -6 -3
right_child=3 2 -4 4 6 -7 -8 -9
leaf_value=-0.029672014590221996 -0.079232363486541252 0.12700412977489459 -0.0020114136283830046 0.02051174716040649 -0.001108357851447404 -0.065349247660956442 0.067423403143845637 0.056458491874337463
leaf_weight=4.8989103361964252 5.0344321802258518 2.7130765542387936 4.3161515966057786 3.3882656507194024 3.5027852579951277 5.3042150549590588 3.1287289336323738 4.5904361791908741
leaf_count=29 37 18 28 25 22 36 21 34
internal_value=-0.000266344 0.0170887 0.0523227 -0.015586 -0.00375469 -0.0308913 0.0302605 0.0853767
internal_weight=36.877 16.5186 11.6197 20.3584 15.324 8.69248 6.63151 7.30351
internal_count=250 109 80 141 104 61 43 52
cat_boundaries=0 1
cat_threshold=7
is_linear=0
shrinkage=0.1


Tree=57
num_leaves=10
num_cat=0
split_feature=13 20 17 10 17 16 17 17 13
split_gain=1.32939 1.13887 1.80814 1.89042 1.59574 1.54392 1.45973 1.45325 1.27065
threshold=208.93000030517581 0.063689079135656371 114.69699859619142 16.500000000000004 60.20252990722657 49.234159469604499 202.1153259277344 145.69000244140628 1449.134948730469
decision_type=8 10 10 10 10 8 10 10 8
left_child=-1 2 3 5 -5 -2 7 -4 -8
right_child=1 -3 6 4 -6 -7 8 -9 -10
leaf_value=0.063576508620828046 -0.025572476746662638 0.047339091893244187 -0.0058336147966352864 0.045715343736571504 -0.047309318577255802 -0.11713616856530627 0.011133917526753873 0.078894303434885127 -0.073026560101227336
leaf_weight=2.8759838528931132 4.3913689851760873 3.396486271172761 3.263817645609377 3.7027481459081164 3.4788454733788967 3.710030561313034 4.5021362826228142 4.434523917734623 2.7047497443854809
leaf_count=17 32 22 21 25 21 31 33 32 16
internal_value=-0.000201035 -0.00613194 -0.0126146 -0.036834 0 -0.0696403 0.0116322 0.0420762 -0.0196502
internal_weight=36.4607 33.5847 30.1882 15.283 7.18159 8.1014 14.9052 7.69834 7.20689
internal_count=250 233 211 109 46 63 102 53 49
is_linear=0
shrinkage=0.1


Tree=58
num_leaves=9
num_cat=1
split_feature=2 12 21 21 7 11 19 11
split_gain=1.20142 1.95497 1.80708 1.7611 1.81315 1.61946 1.08942 0.843592
threshold=0 4.5000000000000009 0.072573404759168639 0.030584208667278293 28.500000000000004 10.860000133514406 0.046992927789688117 8.0799999237060565
decision_type=1 2 8 8 8 8 10 8
left_child=1 -1 7 -2 5 6 -5 -3
right_child=3 2 -4 4 -6 -7 -8 -9
leaf_value=-0.026804663505652866 -0.072728637423621983 0.027653040585643343 -0.0010042906598315101 -0.022583005481981389 0.06670295794091817 -0.059317247855445766 0.057226296444562036 0.10660515045824293
leaf_weight=4.8226094245910671 4.8539294395595816 2.6540383771061862 4.3132712766528138 3.6120824143290484 2.8346332274377355 5.7127721980214119 2.9453765749931335 4.3343144431710252
leaf_count=29 37 19 28 28 20 38 18 33
internal_value=-0.000176841 0.0153483 0.0477516 -0.0139359 -0.00319656 -0.0205616 0.0120835 0.0788446
internal_weight=36.083 16.1242 11.3016 19.9588 15.1049 12.2702 6.55746 6.98835
internal_count=250 109 80 141 104 84 46 52
cat_boundaries=0 1
cat_threshold=7
is_linear=0
shrinkage=0.1


Tree=59
num_leaves=9
num_cat=0
split_feature=19 20 21 10 10 21 19 12
split_gain=1.17948 1.07859 1.34296 2.4103 1.42077 1.14886 1.3961 0.635093
threshold=0.0038876916514709596 0.014268683269619943 0.030584208667278293 18.500000000000004 11.500000000000002 0.074289221316576018 0.046992927789688117 4.5000000000000009
decision_type=8 10 10 10 8 10 8 2
left_child=-1 7 3 -3 -4 6 -6 -2
right_child=1 2 4 -5 5 -7 -8 -9
leaf_value=0.063263799512198168 -0.065452829100007687 -0.074161698167535234 0.069562480595299972 0.042521372668966023 -0.026153367106705357 -0.032983877197687736 0.059565077843038418 -0.0080736770760165399
leaf_weight=2.5905902404338113 3.9343434572219831 4.6202974366024163 4.3027725573629167 2.6357828490436077 2.7775313816964609 5.070208977907896 4.9605708569288254 4.6454288847744465
leaf_count=16 27 36 32 19 18 32 38 32
internal_value=-0.000111706 -0.00557383 0.00482992 -0.0304151 0.0204467 0.00276122 0.0275802 -0.0359885
internal_weight=35.5375 32.9469 24.3672 7.25608 17.1111 12.8083 7.7381 8.57977
internal_count=250 234 175 55 120 88 56 59
is_linear=0
shrinkage=0.1


Tree=60
num_leaves=10
num_cat=0
split_feature=0 13 16 0 19 16 4 14 14
split_gain=1.2079 2.85313 2.07697 1.86729 1.84766 1.66071 1.24342 0.988828 1.37257
threshold=31.500000000000004 882.33499145507824 25.740948677062992 28.500000000000004 0.023703734390437606 94.09482574462892 5095.6699218750009 32.586654663085945 27.77396392822266
decision_type=10 8 10 8 10 8 10 2 2
left_child=1 -1 -2 4 -3 -6 7 8 -4
right_child=2 3 6 -5 5 -7 -8 -9 -10
leaf_value=-0.089607148357707972 0.074120299881995574 0.098781684375763013 -9.7949123005201423e-05 -0.056504843723756838 0.041957879468004868 -0.053099912578200993 -0.04984805180815282 -0.013935451082976983 0.090272655931994461
leaf_weight=3.5468682795763042 5.9446163102984455 2.7974703349173033 2.9598557204008085 3.058977611362935 4.5266140699386597 2.9268771298229694 3.2007737234234801 4.4535235092043877 3.2239168183878064
leaf_count=26 38 21 18 21 34 18 27 32 23
internal_value=0.00827789 -0.0109496 0.0251372 0.00977748 0.0308776 0.00309738 0.00299658 0.0201451 0.0461123
internal_weight=36.6395 16.8568 19.7827 13.3099 10.251 7.45349 13.8381 10.6373 6.18377
internal_count=258 120 138 94 73 52 100 73 41
is_linear=0
shrinkage=0.1


Tree=61
num_leaves=10
num_cat=0
split_feature=21 13 7 12 13 23 13 11 9
split_gain=1.0734 2.05312 2.23407 1.71018 1.57682 1.06817 1.56102 0.962331 0.524742
threshold=0.017869828268885616 832.25000000000011 6.5000000000000009 6.5000000000000009 995.05502319335949 5.5000000000000009 2074.8100585937505 10.980000019073488 38.500000000000007
decision_type=10 8 10 2 10 2 10 10 2
left_child=3 2 -2 -1 -3 6 7 -6 -7
right_child=1 4 -4 -5 5 8 -8 -9 -10
leaf_value=0.092809375661476137 0.015007527639366018 0.069567209848269015 -0.094402832340755652 0 0.020252985488821769 -0.060999936980858427 0.074439034675337148 -0.050441550139644666 0
leaf_weight=3.3629765436053267 3.0366195328533676 4.0414075516164329 4.1554116224870086 4.2142745926976204 5.1080497056245822 3.0985558293759814 3.4151417538523665 2.9059000611305237 2.8357141613960266
leaf_count=24 21 29 28 32 35 21 26 20 22
internal_value=0.00747563 -0.00109452 -0.0472639 0.0407152 0.0141011 0.00029402 0.0186936 -0.00445451 -0.0332079
internal_weight=36.1741 28.5968 7.19203 7.57725 21.4048 17.3634 11.4291 8.01395 5.93427
internal_count=258 202 49 56 153 124 81 55 43
is_linear=0
shrinkage=0.1


Tree=62
num_leaves=11
num_cat=0
split_feature=12 9 23 21 16 21 17 20 13 4
split_gain=0.961523 2.42988 1.53689 1.41764 1.39415 1.87376 1.24522 0.854396 0.500648 0.350798
threshold=1.5000000000000002 13.500000000000002 5.5000000000000009 0.070076078176498427 131.29177856445315 0.017869828268885616 104.60916137695314 0.030972130596637729 1023.7549743652345 1759.4104614257815
decision_type=2 2 2 8 10 10 8 8 10 10
left_child=-1 3 4 8 5 -3 -4 9 -2 -7
right_child=1 2 6 -5 -6 7 -8 -9 -10 -11
leaf_value=0.062490141166750071 -0.10451952121080009 0.12636504200520438 -0.044924752664516315 0.0051339869546024267 -0.016683203258447701 -0.015470289152474179 0.025453568530287376 0.07508031817574376 -0.032071944609477841 0.030927981887313289
leaf_weight=2.7622254285961381 2.9318496966734502 2.7511582747101775 5.343364004045724 3.2651160582900056 3.2852904759347448 2.9749560803174946 4.4096833579242238 2.7892467007040986 2.3037842400372028 3.0807698629796505
leaf_count=16 24 18 34 24 22 19 38 22 19 22
internal_value=0.00677661 0.00165727 0.0178611 -0.0437991 0.0381499 0.0545494 -0.012154 0.0299308 -0.0757139 0.00662868
internal_weight=35.8974 33.1352 24.6345 8.50075 14.8814 11.5961 9.75305 8.84497 5.23563 6.05573
internal_count=258 242 175 67 103 81 72 63 43 41
is_linear=0
shrinkage=0.1


Tree=63
num_leaves=9
num_cat=0
split_feature=18 19 18 14 11 11 17 20
split_gain=0.846738 1.60095 1.45623 1.81622 2.08449 1.6615 0.961976 0.70198
threshold=450.43399047851568 0.016389966942369941 352.09567260742193 36.379770278930671 10.980000019073488 10.490000247955324 103.05760574340822 0.03817445598542691
decision_type=2 10 2 2 10 10 8 10
left_child=2 -2 3 4 6 -4 -1 -6
right_child=1 -3 5 -5 7 -7 -8 -9
leaf_value=-0.0011642009307918147 -0.0024293610143242225 0.087599445922862063 -0.089549360924576382 0.076784352151694199 -0.066106414783290018 0.01342628456706331 0.059265600187378302 -0.0074029260090367928
leaf_weight=4.7189498245716175 4.2923818640410891 3.255103275179863 3.4625200461596242 3.344977715983986 4.2694446295499784 2.4918607510626316 5.075687926262618 4.6889538019895554
leaf_count=31 37 23 26 25 31 19 36 30
internal_value=0.00617263 0.0357287 -0.00152287 0.0099716 -0.00175943 -0.0452932 0.029423 -0.036905
internal_weight=35.5999 7.54749 28.0524 22.098 18.753 5.95438 9.79464 8.9584
internal_count=258 60 198 153 128 45 67 61
is_linear=0
shrinkage=0.1


Tree=64
num_leaves=9
num_cat=0
split_feature=0 18 13 23 19 10 13 21
split_gain=1.00066 1.09108 1.86712 1.41706 1.61798 1.42692 0.971908 0.659705
threshold=42.500000000000007 609.39715576171886 882.33499145507824 5.5000000000000009 0.046992927789688117 18.500000000000004 730.09500122070324 0.07785475999116899
decision_type=10 2 8 2 8 8 8 8
left_child=1 2 -1 4 -4 -5 -2 -6
right_child=6 -3 3 5 7 -7 -8 -9
leaf_value=-0.070643653089657643 -0.005743857352225365 0.048735086815043287 -0.017976833729819664 -0.075980997849369597 0.022984613335162312 0.005195846216301086 0.064222251552322057 0.090896547520836202
leaf_weight=4.2105852216482225 2.8771369140595189 3.3878929279744616 4.8595610354095689 3.6030216552317134 3.7348822336643943 4.6899011731147775 4.8617756813764572 3.0620413236320019
leaf_count=34 20 25 36 25 25 37 36 20
internal_value=0.00556582 -0.0030599 -0.0109061 0.00149296 0.0243614 -0.0293666 0.0371934 0.0559035
internal_weight=35.2868 27.5479 24.16 19.9494 11.6565 8.29292 7.73891 6.79692
internal_count=258 202 177 143 81 62 56 45
is_linear=0
shrinkage=0.1


Tree=65
num_leaves=11
num_cat=0
split_feature=17 11 12 20 6 20 0 20 16 17
split_gain=1.52278 1.39359 1.71408 1.42142 1.90236 1.14393 1.09045 1.07742 1.02816 0.351731
threshold=367.29560852050787 14.039999961853029 1.5000000000000002 0.023442447185516361 5.5000000000000009 0.031526159495115287 29.500000000000004 0.057032374665141113 22.819824218750004 104.60916137695314
decision_type=8 10 2 8 10 10 8 8 10 10
left_child=1 2 -1 4 8 -5 -7 9 -4 -3
right_child=-2 7 3 5 -6 6 -8 -9 -10 -11
leaf_value=0.068089835112723165 0.073973680441535933 0.036581284336006867 -0.066767035966865937 -0.08960200168128156 0.072387958382136131 0.015357305051252785 -0.059909738637685395 -0.0062917780556298736 0.01721653784737141 0.097450016910034631
leaf_weight=2.703275263309485 3.9928201213479033 2.9323860779404614 2.5911837667226809 3.2148463781923038 3.3496185373514891 4.2065857388079166 3.2069044839590788 2.5822161436080941 2.8242545574903488 2.6056170612573624
leaf_count=17 31 22 20 23 22 33 21 17 24 26
internal_value=0.0164015 0.00824519 -0.00440366 -0.0153191 0.0135785 -0.0399871 -0.0162346 0.0435165 -0.0216369 0.068214
internal_weight=34.2097 30.2169 22.0967 19.3934 8.76506 10.6283 7.41349 8.12022 5.41544 5.538
internal_count=256 225 160 143 66 77 54 65 44 48
is_linear=0
shrinkage=0.1


Tree=66
num_leaves=11
num_cat=0
split_feature=17 4 19 0 20 0 3 20 17 20
split_gain=1.23164 1.27718 1.15125 2.04972 1.90951 1.73534 1.35683 0.897784 0.596592 0.466453
threshold=367.29560852050787 962.22875976562511 0.013018269557505848 31.500000000000004 0.018295867368578914 28.500000000000004 34627.869140625007 0.035162040963768966 99.949573516845717 0.018295867368578914
decision_type=8 8 10 10 10 8 8 10 10 10
left_child=1 -1 5 6 -5 -3 8 -6 -4 -8
right_child=-2 2 3 4 7 -7 9 -9 -10 -11
leaf_value=0.071011314498720168 0.066846143526119672 0.022195318396470168 -0.013424009394984508 0.10498221375274729 -0.026656981022097223 -0.086128342890789703 -0.0094570961459083166 0.045763160210796627 -0.081446895181464085 0.045435851908550123
leaf_weight=2.772582687437537 3.9876539856195441 2.3805206790566471 3.0223851054906854 3.386596415191887 3.0027465857565403 3.2480493988841772 2.6663411110639581 3.5162039902061224 2.9739405736327171 2.8920108154416084
leaf_count=23 31 21 22 21 19 32 20 26 18 23
internal_value=0.0150295 0.00757624 0.000478463 0.0114245 0.0448561 -0.0389811 -0.0165165 0.0109956 -0.0495836 0.0176346
internal_weight=33.849 29.8614 27.0888 21.4602 9.90555 5.62857 11.5547 6.51895 5.99633 5.55835
internal_count=256 225 202 149 66 53 83 45 40 43
is_linear=0
shrinkage=0.1


Tree=67
num_leaves=10
num_cat=0
split_feature=11 7 18 21 17 21 16 17 18
split_gain=1.05179 1.42492 1.89028 1.12416 1.3954 1.15324 1.03429 1.18596 0.974726
threshold=14.039999961853029 17.500000000000004 344.33157348632818 0.062368698418140418 105.22152709960939 0.041834283620119102 56.295768737792976 104.60916137695314 291.31288146972662
decision_type=10 8 2 10 10 10 10 10 2
left_child=1 3 8 4 -1 -6 -2 -8 -3
right_child=6 2 -4 -5 5 -7 7 -9 -10
leaf_value=0.081916352855184421 0.089090108168209392 -0.029478477892828248 -0.098684132429088647 -0.021526343923574321 -0.027691457218592931 0.058705138930493873 -0.034939104696222849 0.051786963535625147 0.045065899923843057
leaf_weight=4.4344404321163911 3.1060411408543569 4.3287373036146146 2.5631160251796246 3.8751494176685801 3.5949512179940939 2.5003852844238281 2.446681022644043 3.7706321701407433 2.8044614382088184
leaf_count=39 27 30 20 24 32 15 17 31 21
internal_value=0.0137463 0.00222072 -0.0267925 0.0224897 0.0396793 0.00651093 0.0421396 0.0160621 0
internal_weight=33.4246 24.1012 9.69631 14.4049 10.5298 6.09534 9.32335 6.21731 7.1332
internal_count=256 181 71 110 86 47 75 48 51
is_linear=0
shrinkage=0.1


Tree=68
num_leaves=10
num_cat=0
split_feature=11 21 11 12 17 13 13 20 21
split_gain=0.886543 1.15492 1.12126 0.926734 0.904626 0.882293 2.13606 0.958654 1.58834
threshold=14.039999961853029 0.0083328927867114561 2.9700000286102299 8.5000000000000018 104.60916137695314 2074.8100585937505 1449.134948730469 0.0067241950891911992 0.04945348575711251
decision_type=10 10 8 2 10 10 8 8 10
left_child=1 -1 -3 -2 -5 6 7 -4 -9
right_child=3 2 5 4 -6 -7 -8 8 -10
leaf_value=0.064573861203609029 0.0025209293057752661 0.042750550546291365 0.048830836362245826 0.014745225672452685 0.10796734469135449 0.03192558667958037 -0.083078697231945331 -0.075959930510359555 0.01559211322089969
leaf_weight=2.5442339256405857 4.311292462050913 3.7735623754560939 2.7054863460361984 2.1989469230175018 2.6236969344317913 2.8871764019131652 4.5193233117461213 2.9569591246545324 4.5991054624319077
leaf_count=20 32 26 19 17 26 21 30 35 30
internal_value=0.0124953 0.00190992 -0.00532673 0.038888 0.068656 -0.0163407 -0.0265919 -0.000187537 -0.0194535
internal_weight=33.1198 23.9858 21.4416 9.13394 4.82264 17.6681 14.7809 10.2616 7.55606
internal_count=256 181 161 75 43 135 114 84 65
is_linear=0
shrinkage=0.1


Tree=69
num_leaves=9
num_cat=0
split_feature=4 0 0 4 20 0 13 11
split_gain=0.794469 0.711715 1.51323 1.44354 1.28961 1.24827 1.248 0.837306
threshold=962.22875976562511 31.500000000000004 28.500000000000004 6948.0649414062509 0.020931379869580272 39.500000000000007 1282.840026855469 10.565000057220461
decision_type=8 10 8 8 10 10 8 8
left_child=-1 2 6 4 -3 -6 -2 -8
right_child=1 3 -4 -5 5 -7 7 -9
leaf_value=0.064328853549001266 -0.038467725190633961 0.076681984991716856 -0.068868596345482563 -0.037016275972636944 0.055363893779809187 -0.029819178458409219 -0.004258166662572305 0.056060385958974217
leaf_weight=2.5680230259895316 3.8321651127189389 5.0273277796804869 3.1533759478479633 2.9856532998383054 3.0313661657273769 3.6087209926918149 3.7293560132384327 4.8729099929332707
leaf_count=23 32 34 26 26 23 29 25 38
internal_value=0.0115628 0.00655512 -0.00783026 0.0224853 0.0387466 0.00782981 0.00727722 0.0290128
internal_weight=32.8089 30.2409 15.5878 14.6531 11.6674 6.64009 12.4344 8.60227
internal_count=256 233 121 112 86 52 95 63
is_linear=0
shrinkage=0.1


Tree=70
num_leaves=11
num_cat=0
split_feature=11 20 11 21 19 20 11 4 9 21
split_gain=1.22966 1.59599 2.55447 2.1469 1.40827 1.42437 1.96278 0.969534 0.820516 0.491758
threshold=19.244999885559086 0.016019195318222049 11.894999980926515 0.029544549994170669 0.11756724119186403 0.026864586398005489 8.2300000190734881 2280.7172851562505 11.500000000000002 0.065718900412321105
decision_type=10 10 10 8 10 10 8 10 2 8
left_child=1 3 4 -1 5 8 -7 -5 -3 -4
right_child=-2 2 9 7 -6 6 -8 -9 -10 -11
leaf_value=0.041772762613078059 -0.048466063910013117 -0.010226524170806184 0.11255640600019445 -0.010697997641541626 0.069070020306932434 0.0089772959195637981 -0.098022049147749049 -0.092568790208240492 0.067806915022211908 0.038761867300240727
leaf_weight=3.1151732429862031 4.1952365897595874 2.4595029223710316 3.0292369052767745 2.9940701872110376 2.5138066168874493 3.2238285550847641 3.1945992521941671 3.4782223999500275 2.4168490692973137 2.2223922442644835
leaf_count=24 28 19 28 18 20 23 23 29 22 20
internal_value=0.00109139 0.0088399 0.0257905 -0.0237446 0.00229472 -0.0121652 -0.0434314 -0.0569561 0.0270248 0.0845043
internal_weight=32.8429 28.6477 19.0602 9.58747 13.8086 11.2948 6.41843 6.47229 4.87635 5.25163
internal_count=254 226 155 71 107 87 46 47 41 48
is_linear=0
shrinkage=0.1


Tree=71
num_leaves=10
num_cat=0
split_feature=13 3 13 10 0 11 0 21 3
split_gain=1.29098 2.269 1.76051 1.61137 1.36847 1.34859 1.30026 0.747249 0.709991
threshold=791.35000610351574 35178.820312500007 995.05502319335949 10.500000000000002 23.500000000000004 10.860000133514406 29.500000000000004 0.02287413273006678 44681.955078125007
decision_type=10 10 10 10 10 10 8 10 10
left_child=1 5 -2 -4 -5 -1 -6 -3 -8
right_child=2 7 3 4 6 -7 8 -9 -10
leaf_value=-0.12283077406290177 0.086527185939449955 0.055878051162297493 -0.05611710155462999 -0.020709322787979451 0.098540333753721954 -0.015336829313875555 0.040925780241150997 -0.014848022697210313 -0.022605517026627487
leaf_weight=2.6780168274417502 2.912023555487397 2.5321544576436281 3.5006191097199943 5.4127911254763594 2.7440285328775618 2.4832362346351147 4.3205455262213954 3.0445057190954685 2.6245882706716657
leaf_count=23 17 18 30 37 26 18 35 27 23
internal_value=0.00103608 -0.0267999 0.0154513 0.00338737 0.0181167 -0.0742874 0.0408181 0.0159231 0.0155176
internal_weight=32.2525 10.7379 21.5146 18.6026 15.102 5.16125 9.68916 5.57666 6.94513
internal_count=254 86 168 151 121 41 84 45 58
is_linear=0
shrinkage=0.1


Tree=72
num_leaves=10
num_cat=0
split_feature=13 3 13 13 0 16 0 17 11
split_gain=1.07633 1.95092 1.45108 1.49246 1.66344 2.18418 1.40716 1.53483 0.944148
threshold=791.35000610351574 55249.791015625007 995.05502319335949 1245.3350219726565 23.500000000000004 71.977920532226577 29.500000000000004 119.20097732543947 12.049999713897707
decision_type=10 10 10 10 10 8 8 10 10
left_child=1 8 -2 -4 5 -5 -6 -8 -1
right_child=2 -3 3 4 6 -7 7 -9 -10
leaf_value=-0.08636497726233415 0.078944759844384232 0.033303417837508092 -0.066084393967157526 0.035153903081334051 0.10388996474723866 -0.081695917443690591 -0.016877157526450731 0.076759841160744843 -0.0080237019836716435
leaf_weight=4.0871343621984142 2.8836727887392071 3.5568606797605753 2.5308924764394787 2.896329913288354 2.5535440463572714 3.1859349459409714 4.6210523732006559 2.5954188546165824 2.9482048079371452
leaf_count=36 17 31 24 22 25 20 35 25 19
internal_value=0.000850291 -0.0247184 0.0141092 0.00302561 0.0150313 -0.0247668 0.0408205 0.0160217 -0.0555096
internal_weight=31.859 10.5922 21.2668 18.3832 15.8523 6.08226 9.77002 7.21647 7.03534
internal_count=254 86 168 151 127 42 85 60 55
is_linear=0
shrinkage=0.1


Tree=73
num_leaves=9
num_cat=0
split_feature=11 20 11 18 20 11 10 6
split_gain=1.08293 1.2369 2.12496 1.67124 0.968514 1.12884 0.6806 0.4511
threshold=19.244999885559086 0.016019195318222049 11.894999980926515 450.43399047851568 0.024423520080745224 6.7750000953674325 15.500000000000002 5.5000000000000009
decision_type=10 10 10 2 8 8 10 10
left_child=1 3 4 -1 -3 -6 -7 -4
right_child=-2 2 7 -5 5 6 -8 -9
leaf_value=-0.060948357082033437 -0.046018552480999619 0.044329845678936608 0.036908255945887307 0.022426374037301959 0.027155775443477293 -0.075416137901109737 -0.0027695999179807623 0.1099284401876683
leaf_weight=4.8709155544638687 4.1209397315978995 3.836256694048644 2.2255964372307053 4.3565753120929003 3.6017823982983783 2.9500785870477602 2.7710782513022423 2.6160290818661451
leaf_count=36 28 33 20 35 28 25 21 28
internal_value=0.000768802 0.00835836 0.0238356 -0.0206941 0.00203946 -0.014587 -0.0425992 0.0798123
internal_weight=31.3493 27.2283 18.0008 9.22749 13.1592 9.32294 5.72116 4.84163
internal_count=254 226 155 71 107 74 46 48
is_linear=0
shrinkage=0.1


Tree=74
num_leaves=10
num_cat=0
split_feature=13 3 13 10 7 13 13 11 21
split_gain=0.937143 1.59682 1.24325 1.15342 1.23734 1.70181 1.30457 1.1252 0.643841
threshold=791.35000610351574 35178.820312500007 995.05502319335949 10.500000000000002 22.500000000000004 2507.515014648438 1378.6149902343752 10.860000133514406 0.055001331493258483
decision_type=10 10 10 10 8 10 10 10 8
left_child=1 7 -2 -4 6 -6 -5 -1 -3
right_child=2 8 3 4 5 -7 -8 -9 -10
leaf_value=-0.11262635924586967 0.073691013039997602 -0.018183651017993827 -0.048393131817697929 -0.0057624105666158028 0.03103420676254999 -0.061048188436802819 0.082135954310732479 -0.011431565559373087 0.047653335839923525
leaf_weight=2.4040272766724247 2.8474494628608253 2.8749867752194405 3.3596661090850857 2.4826658591628048 4.2148077059537181 3.5697373058646917 4.0636372156441212 2.4420755319297314 2.6553246006369591
leaf_count=23 17 28 30 20 37 28 36 18 17
internal_value=0.000737694 -0.0232785 0.01341 0.0027854 0.0157286 -0.0101622 0.047711 -0.0649156 0.0119362
internal_weight=30.9144 10.3764 20.538 17.6905 14.3308 7.78455 6.5463 4.8461 5.53031
internal_count=254 86 168 151 121 65 56 41 45
is_linear=0
shrinkage=0.1


Tree=75
num_leaves=9
num_cat=0
split_feature=18 18 11 5 10 10 17 0
split_gain=0.850331 1.24797 1.19352 1.06549 1.43842 1.59114 0.647364 0.363743
threshold=347.86297607421881 450.43399047851568 11.699999809265138 4.5000000000000009 18.500000000000004 13.500000000000002 210.38864898681643 29.500000000000004
decision_type=2 2 10 8 10 8 8 10
left_child=3 2 -2 -1 5 -5 -3 -6
right_child=1 6 -4 4 7 -7 -8 -9
leaf_value=0.049712790514335546 -0.10615405708500536 0.026408533841489501 -0.0016096530647996092 0.029445194595012915 0.061268521528603584 -0.064211241083151391 -0.035623470813727569 0.002400096210485923
leaf_weight=5.0447707232087913 2.6324976240284723 4.472829869017005 2.1573148127645254 2.5524838911369425 2.6940583437681198 5.0667153242975473 2.5216965824365616 2.2966323643922806
leaf_count=35 26 39 17 28 25 35 22 17
internal_value=-0.00227797 -0.0232517 -0.0621086 0.0112107 -0.00367575 -0.0315652 0.00244806 0.0367219
internal_weight=29.439 11.7843 4.78981 17.6547 12.6099 7.6192 6.99453 4.99069
internal_count=244 104 43 140 105 63 61 42
is_linear=0
shrinkage=0.1


Tree=76
num_leaves=11
num_cat=0
split_feature=18 21 21 9 11 5 16 14 9 16
split_gain=0.767802 2.05091 1.74631 1.18922 1.07253 1.00977 0.946517 0.729253 0.417079 0.239067
threshold=262.55233764648443 0.061287371441721923 0.04945348575711251 10.500000000000002 10.769999980926515 7.5000000000000009 154.27949523925784 35.637380599975593 28.500000000000004 54.008026123046882
decision_type=2 8 10 2 8 8 8 2 2 8
left_child=6 2 3 -2 -3 7 8 9 -1 -5
right_child=1 4 -4 5 -6 -7 -8 -9 -10 -11
leaf_value=-0.022767112339366027 -0.06704736311492393 -0.020899944269077098 0.081349336645503242 0.021008773683492556 -0.11249816685367614 -0.044856881876470522 0.072900465779966936 0.064040211786841314 0.030951544059598726 -0.024460050741852243
leaf_weight=3.2596389800310144 2.6338465157896307 3.3466512933373442 2.5015780851244918 2.4714654311537716 2.460759911686182 2.5611409312114128 2.5283698067069063 2.9483083728700876 2.4358620718121529 1.9988149311393497
leaf_count=25 27 26 17 19 17 21 21 27 20 24
internal_value=-0.00203913 -0.0125221 0.00636665 -0.00824057 -0.0626528 0.0067988 0.0232595 0.0263215 0 0
internal_weight=29.1464 20.9226 15.1152 12.6136 5.80741 9.97973 8.22387 7.41859 5.6955 4.47028
internal_count=244 178 135 118 43 91 66 70 45 43
is_linear=0
shrinkage=0.1


Tree=77
num_leaves=10
num_cat=0
split_feature=17 17 18 8 20 23 19 17 16
split_gain=0.703104 1.18274 1.83397 1.47146 1.48479 0.697487 1.73654 0.69376 0.65825
threshold=46.970270156860359 103.05760574340822 250.36576080322268 5.5000000000000009 0.035162040963768966 5.5000000000000009 0.071125410497188582 154.33020019531253 41.199405670166023
decision_type=8 10 2 10 8 2 8 8 10
left_child=-1 2 -2 4 7 6 -4 -3 -9
right_child=1 3 5 -5 -6 -7 -8 8 -10
leaf_value=0.041207063926329834 0.042793109022565057 0.049356835348418268 -0.082276475282995004 0.063501282007978874 -0.067368386177321618 -0.10368187960325942 0.04183783974643835 -0.040461186306581971 0.020589515119735835
leaf_weight=3.1859653275460031 2.0142758786678332 3.1057438254356375 2.7064078571274877 3.60363077931106 3.0863521136343488 2.6072683967649937 1.6856311969459055 3.1031924001872548 3.6654521208256483
leaf_count=29 16 25 32 35 23 15 15 21 33
internal_value=-0.00188237 -0.00777856 -0.0369133 0.00760156 -0.00754246 -0.0615397 -0.0325452 0.0106422 -0.00612583
internal_weight=28.7639 25.578 9.01358 16.5644 12.9607 6.99931 4.39204 9.87439 6.76864
internal_count=244 215 78 137 102 62 47 79 54
is_linear=0
shrinkage=0.1


Tree=78
num_leaves=8
num_cat=0
split_feature=7 13 13 16 10 19 19
split_gain=0.676039 0.720553 1.28033 1.23538 1.43143 1.17589 0.367297
threshold=28.500000000000004 2042.0449829101565 1401.1650390625002 24.628579139709476 9.5000000000000018 0.034231832250952728 0.12695355713367465
decision_type=8 10 8 8 8 8 8
left_child=1 2 3 -1 -5 -6 -2
right_child=6 -3 -4 4 5 -7 -8
leaf_value=0.040255027331107855 0.057855045427273481 0.026879193075048227 -0.059137011950376898 0.02549199852287052 -0.082680773776852345 0.0060507252375577277 0
leaf_weight=4.6402158197015604 2.4994249958544961 4.3403638880699864 5.2180307656526557 3.6298896800726643 4.0334367272444078 2.006437111645937 1.9661871995776889
leaf_count=38 23 39 39 32 38 16 19
internal_value=-0.0016438 -0.00868851 -0.0172001 -0.000909815 -0.0218969 -0.0519571 0.033185
internal_weight=28.334 23.8684 19.528 14.31 9.66976 6.03987 4.46561
internal_count=244 202 163 124 86 54 42
is_linear=0
shrinkage=0.1


Tree=79
num_leaves=9
num_cat=1
split_feature=2 7 14 18 14 11 0 3
split_gain=0.662801 1.74951 1.34816 0.986704 0.802778 1.62296 1.39773 0.234507
threshold=0 27.500000000000004 28.997323036193851 245.22094726562503 31.817086219787601 9.1550002098083514 37.500000000000007 44681.955078125007
decision_type=1 8 2 2 2 8 8 10
left_child=1 2 -1 -2 5 -5 -6 -4
right_child=3 -3 7 4 6 -7 -8 -9
leaf_value=0 0.067240268788317667 0.051240973255877523 -0.049930387206521716 -0.086367483234185347 0.058645700592511223 0.017374721745545191 -0.028850838521416469 -0.10591346718131836
leaf_weight=4.0313329324126208 2.936920950189239 2.2047227546572694 3.3339119637385011 2.3683724496513587 4.7055439725518227 3.5265746340155602 2.6937638716772199 2.2571911513805389
leaf_count=27 26 21 29 21 36 34 24 26
internal_value=-0.00136527 -0.0138501 -0.0444116 0.0096938 0.00306442 -0.0233824 0.0254986 -0.0757524
internal_weight=28.0583 11.8272 9.62244 16.2312 13.2943 5.89495 7.39931 5.5911
internal_count=244 103 82 141 115 55 60 55
cat_boundaries=0 1
cat_threshold=40
is_linear=0
shrinkage=0.1


Tree=80
num_leaves=10
num_cat=0
split_feature=17 17 14 17 17 3 4 19 14
split_gain=1.61094 1.29993 1.24761 1.35162 0.882271 1.50362 0.838773 0.448489 0.191054
threshold=64.611885070800795 103.05760574340822 35.485990524291999 187.8786315917969 121.22485733032228 58538.429687500007 1662.4121093750002 0.040025619789958007 29.872773170471195
decision_type=8 8 2 8 10 8 10 10 2
left_child=6 8 4 -4 -3 7 -1 -6 -2
right_child=1 2 3 -5 5 -7 -8 -9 -10
leaf_value=0.084223384330002843 -0.029084361865323628 0.066019596928719046 0.0087106929794693068 -0.078044819561077297 -0.066885306875330439 0.048541569440226348 0.00068092806446702582 0 -0.081458485383680265
leaf_weight=2.9278170652687576 2.407115766778591 3.0590558387339142 3.3829932613298288 3.3034234046936035 2.1847675666213009 3.8690844308584937 2.4061940931715071 2.2700084466487169 2.2820457555353642
leaf_count=32 19 28 29 28 19 28 24 21 21
internal_value=0 -0.0114903 0.000236883 -0.0331958 0.0208644 0.00249585 0.0490834 -0.0354882 -0.0578297
internal_weight=28.0925 22.7585 18.0693 6.68642 11.3829 8.32386 5.33401 4.45478 4.68916
internal_count=249 193 153 57 96 68 56 40 40
is_linear=0
shrinkage=0.1


Tree=81
num_leaves=10
num_cat=0
split_feature=4 17 17 11 16 16 3 11 13
split_gain=1.39428 0.801592 1.3879 1.06129 1.03598 1.8375 1.13757 0.629397 0.330002
threshold=962.22875976562511 60.20252990722657 103.05760574340822 5.6150000095367441 103.28173828125001 31.087085723876957 57731.208984375007 9.4800000190734881 1245.3350219726565
decision_type=8 8 8 10 10 8 8 8 8
left_child=-1 -2 7 -4 5 -5 -6 -3 -7
right_child=1 2 3 4 6 8 -8 -9 -10
leaf_value=0.081192320111564187 0.03931855641954906 -0.014748578054055923 -0.041091904615773889 -0.014364114574148081 -0.069229144937863141 0.044202556546712603 0.019839532141117444 -0.093329798527642616 0.11381146131852499
leaf_weight=1.8714970462024236 3.1988408481702235 2.2708476465195444 4.551287584006789 3.4067907501012069 2.3697553416714072 2.3229368217289448 3.0899497028440237 2.6001629531383514 2.0322863813489676
leaf_count=23 33 21 37 26 20 17 28 21 23
internal_value=0 -0.00603951 -0.0130315 0 0.0143911 0.0380827 -0.0175714 -0.0597408 0.0807543
internal_weight=27.7144 25.8429 22.644 17.773 13.2217 7.76201 5.45971 4.87101 4.35522
internal_count=249 226 193 151 114 66 48 42 40
is_linear=0
shrinkage=0.1


Tree=82
num_leaves=10
num_cat=0
split_feature=4 7 13 0 19 8 19 4 19
split_gain=1.19917 1.01389 0.949252 0.706034 0.800091 0.827015 0.674755 0.627434 0.482585
threshold=962.22875976562511 28.500000000000004 2928.2500000000005 26.500000000000004 0.0038876916514709596 4.5000000000000009 0.029015096835792068 5524.2932128906259 0.023703734390437606
decision_type=8 8 8 10 10 8 10 10 10
left_child=-1 2 3 6 -5 7 -2 8 -6
right_child=1 -3 -4 4 5 -7 -8 -9 -10
leaf_value=0.077227000189422357 -0.063450277822010612 0.040528600711614682 -0.067837581847696823 0.06166264576897168 0.033805099602774856 0.046575417611076003 0.0015793592585182854 -0.057515338096328888 -0.023494298245603975
leaf_weight=1.7807688862085367 3.3195379115641215 3.8440861441195002 2.8030953966081134 2.1280387677252284 2.380811948794868 2.365739564411343 2.4433089923113585 2.7196501586586237 3.5066735036671162
leaf_count=23 27 39 19 16 23 24 26 23 29
internal_value=0 -0.0055 -0.0142744 -0.00547199 0.00675592 -0.00345009 -0.0346169 -0.0187255 0
internal_weight=27.2917 25.5109 21.6669 18.8638 13.1009 10.9729 5.76285 8.60714 5.88749
internal_count=249 226 187 168 115 99 53 75 52
is_linear=0
shrinkage=0.1


Tree=83
num_leaves=9
num_cat=0
split_feature=4 7 10 14 21 4 13 21
split_gain=1.02856 0.837762 0.952634 1.47262 1.12917 0.992513 0.864854 0.622196
threshold=962.22875976562511 28.500000000000004 17.500000000000004 33.309246063232429 0.061287371441721923 3399.058715820313 696.02999877929699 0.03525336645543576
decision_type=8 8 8 2 8 10 8 10
left_child=-1 2 4 -4 6 -6 -2 -8
right_child=1 -3 3 -5 5 -7 7 -9
leaf_value=0.073315730350758709 -0.013978078398376163 0.037137527937386505 -0.00059634154835633713 -0.099067316067861941 8.7235476893674169e-05 -0.076575746744789397 0.013705376664972083 0.087043991996976322
leaf_weight=1.6979206008836651 3.2067969646304872 3.7878002543002358 3.7152722589671603 2.7414693720638752 3.7618727013468751 2.6297300904989243 2.9826340824365625 2.3887637192383409
leaf_count=23 33 39 28 21 33 21 31 20
internal_value=0 -0.0049547 -0.0129983 -0.0448046 0.000263022 -0.0306079 0.0245049 0.0491429
internal_weight=26.9123 25.2143 21.4265 6.45674 14.9698 6.3916 8.57819 5.3714
internal_count=249 226 187 49 138 54 84 51
is_linear=0
shrinkage=0.1


Tree=84
num_leaves=11
num_cat=0
split_feature=17 17 12 19 10 17 17 14 11 14
split_gain=0.939891 1.12106 1.33376 1.32407 1.37757 0.953067 0.628648 0.609969 0.352754 0.272635
threshold=64.611885070800795 103.05760574340822 8.5000000000000018 0.0028714220970869069 12.500000000000002 202.1153259277344 164.01689147949222 29.756577491760257 12.744999885559084 29.826836585998539
decision_type=8 8 2 10 10 8 10 2 8 2
left_child=7 9 3 -3 6 -4 -5 -1 -9 -2
right_child=1 2 5 4 -6 -7 -8 8 -10 -11
leaf_value=0.090288936455937024 -0.019531564586317274 0.043900580255981515 0.079064139561779684 -0.033575901758052411 -0.072855934226326288 -0.0024649603861008657 0.037741742050864467 -0.012944167602792461 0.048203349268666353 -0.078530944249009804
leaf_weight=1.543471941724422 2.148347411304715 2.6577807702124145 3.102889751084148 2.2288540080189687 4.5363587494939566 2.172618268057704 2.4827573038637638 1.9296698770485821 1.4577367976307867 2.2762503549456596
leaf_count=16 18 22 35 19 37 18 22 23 17 22
internal_value=0 -0.00876836 0.00232611 -0.015612 -0.0340718 0.0442064 0.00192958 0.0391985 0.0111303 -0.053159
internal_weight=26.5367 21.6059 17.1813 11.9058 9.24797 5.27551 4.71161 4.93088 3.38741 4.4246
internal_count=249 193 153 100 78 53 41 56 40 40
is_linear=0
shrinkage=0.1


end of trees

feature_importances:
Amount_invested_monthly=72
Changed_Credit_Limit=66
Outstanding_Debt=66
monthly_debt_service_ratio=59
investment_rate=54
debt_to_income_ratio=46
Age=37
Interest_Rate=35
Credit_Utilization_Ratio=35
Num_of_Delayed_Payment=33
Monthly_Inhand_Salary=32
Total_EMI_per_month=29
Annual_Income=26
Num_Bank_Accounts=26
Monthly_Balance=25
Delay_from_due_date=23
Num_Credit_Inquiries=18
Num_of_Loan=14
occupation_category=8
Num_Credit_Card=8
financial_risk_score=8

parameters:
[boosting: gbdt]
[objective: binary]
[metric: auc]
[tree_learner: serial]
[device_type: cpu]
[data_sample_strategy: bagging]
[data: ]
[valid: ]
[num_iterations: 1000]
[learning_rate: 0.1]
[num_leaves: 31]
[num_threads: -1]
[seed: 42]
[deterministic: 0]
[force_col_wise: 1]
[force_row_wise: 0]
[histogram_pool_size: -1]
[max_depth: -1]
[min_data_in_leaf: 20]
[min_sum_hessian_in_leaf: 0.001]
[bagging_fraction: 0.8]
[pos_bagging_fraction: 1]
[neg_bagging_fraction: 1]
[bagging_freq: 5]
[bagging_seed: 400]
[bagging_by_query: 0]
[feature_fraction: 0.8]
[feature_fraction_bynode: 1]
[feature_fraction_seed: 30056]
[extra_trees: 0]
[extra_seed: 12879]
[early_stopping_round: 0]
[early_stopping_min_delta: 0]
[first_metric_only: 0]
[max_delta_step: 0]
[lambda_l1: 0.1]
[lambda_l2: 0.1]
[linear_lambda: 0]
[min_gain_to_split: 0]
[drop_rate: 0.1]
[max_drop: 50]
[skip_drop: 0.5]
[xgboost_dart_mode: 0]
[uniform_drop: 0]
[drop_seed: 17869]
[top_rate: 0.2]
[other_rate: 0.1]
[min_data_per_group: 100]
[max_cat_threshold: 32]
[cat_l2: 10]
[cat_smooth: 10]
[max_cat_to_onehot: 4]
[top_k: 20]
[monotone_constraints: ]
[monotone_constraints_method: basic]
[monotone_penalty: 0]
[feature_contri: ]
[forcedsplits_filename: ]
[refit_decay_rate: 0.9]
[cegb_tradeoff: 1]
[cegb_penalty_split: 0]
[cegb_penalty_feature_lazy: ]
[cegb_penalty_feature_coupled: ]
[path_smooth: 0]
[interaction_constraints: ]
[verbosity: -1]
[saved_feature_importance_type: 0]
[use_quantized_grad: 0]
[num_grad_quant_bins: 4]
[quant_train_renew_leaf: 0]
[stochastic_rounding: 1]
[linear_tree: 0]
[max_bin: 255]
[max_bin_by_feature: ]
[min_data_in_bin: 3]
[bin_construct_sample_cnt: 200000]
[data_random_seed: 175]
[is_enable_sparse: 1]
[enable_bundle: 1]
[use_missing: 1]
[zero_as_missing: 0]
[feature_pre_filter: 1]
[pre_partition: 0]
[two_round: 0]
[header: 0]
[label_column: ]
[weight_column: ]
[group_column: ]
[ignore_column: ]
[categorical_feature: 1,2,15,22]
[forcedbins_filename: ]
[precise_float_parser: 0]
[parser_config_file: ]
[objective_seed: 16083]
[num_class: 1]
[is_unbalance: 0]
[scale_pos_weight: 1]
[sigmoid: 1]
[boost_from_average: 1]
[reg_sqrt: 0]
[alpha: 0.9]
[fair_c: 1]
[poisson_max_delta_step: 0.7]
[tweedie_variance_power: 1.5]
[lambdarank_truncation_level: 30]
[lambdarank_norm: 1]
[label_gain: ]
[lambdarank_position_bias_regularization: 0]
[eval_at: ]
[multi_error_top_k: 1]
[auc_mu_weights: ]
[num_machines: 1]
[local_listen_port: 12400]
[time_out: 120]
[machine_list_filename: ]
[machines: ]
[gpu_platform_id: -1]
[gpu_device_id: -1]
[gpu_use_dp: 0]
[num_gpu: 1]

end of parameters

pandas_categorical:[["Adult", "Middle", "Senior", "Unknown", "Young"], ["Education_Media", "Management", "Other", "Professional", "Skilled_Trade", "Technical"], ["0 Years and 11 Months", "0 Years and 8 Months", "0 Years and 9 Months", "1 Years and 0 Months", "1 Years and 10 Months", "1 Years and 11 Months", "1 Years and 2 Months", "1 Years and 3 Months", "1 Years and 4 Months", "1 Years and 5 Months", "1 Years and 6 Months", "1 Years and 8 Months", "1 Years and 9 Months", "10 Years and 0 Months", "10 Years and 1 Months", "10 Years and 10 Months", "10 Years and 11 Months", "10 Years and 2 Months", "10 Years and 3 Months", "10 Years and 4 Months", "10 Years and 5 Months", "10 Years and 6 Months", "10 Years and 7 Months", "10 Years and 8 Months", "10 Years and 9 Months", "11 Years and 0 Months", "11 Years and 1 Months", "11 Years and 10 Months", "11 Years and 11 Months", "11 Years and 2 Months", "11 Years and 3 Months", "11 Years and 4 Months", "11 Years and 5 Months", "11 Years and 6 Months", "11 Years and 7 Months", "11 Years and 8 Months", "11 Years and 9 Months", "12 Years and 0 Months", "12 Years and 10 Months", "12 Years and 11 Months", "12 Years and 2 Months", "12 Years and 3 Months", "12 Years and 4 Months", "12 Years and 5 Months", "12 Years and 6 Months", "12 Years and 8 Months", "12 Years and 9 Months", "13 Years and 0 Months", "13 Years and 10 Months", "13 Years and 11 Months", "13 Years and 2 Months", "13 Years and 3 Months", "13 Years and 4 Months", "13 Years and 5 Months", "13 Years and 6 Months", "13 Years and 7 Months", "13 Years and 8 Months", "13 Years and 9 Months", "14 Years and 0 Months", "14 Years and 10 Months", "14 Years and 11 Months", "14 Years and 2 Months", "14 Years and 3 Months", "14 Years and 4 Months", "14 Years and 5 Months", "14 Years and 6 Months", "14 Years and 8 Months", "14 Years and 9 Months", "15 Years and 0 Months", "15 Years and 10 Months", "15 Years and 11 Months", "15 Years and 2 Months", "15 Years and 3 Months", "15 Years and 4 Months", "15 Years and 5 Months", "15 Years and 6 Months", "15 Years and 7 Months", "15 Years and 8 Months", "15 Years and 9 Months", "16 Years and 0 Months", "16 Years and 1 Months", "16 Years and 10 Months", "16 Years and 11 Months", "16 Years and 2 Months", "16 Years and 3 Months", "16 Years and 4 Months", "16 Years and 5 Months", "16 Years and 6 Months", "16 Years and 8 Months", "16 Years and 9 Months", "17 Years and 0 Months", "17 Years and 1 Months", "17 Years and 10 Months", "17 Years and 11 Months", "17 Years and 2 Months", "17 Years and 3 Months", "17 Years and 4 Months", "17 Years and 5 Months", "17 Years and 6 Months", "17 Years and 7 Months", "17 Years and 8 Months", "17 Years and 9 Months", "18 Years and 0 Months", "18 Years and 1 Months", "18 Years and 10 Months", "18 Years and 11 Months", "18 Years and 2 Months", "18 Years and 3 Months", "18 Years and 4 Months", "18 Years and 5 Months", "18 Years and 6 Months", "18 Years and 7 Months", "18 Years and 8 Months", "18 Years and 9 Months", "19 Years and 0 Months", "19 Years and 10 Months", "19 Years and 11 Months", "19 Years and 2 Months", "19 Years and 3 Months", "19 Years and 4 Months", "19 Years and 5 Months", "19 Years and 6 Months", "19 Years and 7 Months", "19 Years and 8 Months", "19 Years and 9 Months", "2 Years and 0 Months", "2 Years and 10 Months", "2 Years and 11 Months", "2 Years and 2 Months", "2 Years and 3 Months", "2 Years and 4 Months", "2 Years and 5 Months", "2 Years and 6 Months", "2 Years and 8 Months", "20 Years and 0 Months", "20 Years and 1 Months", "20 Years and 10 Months", "20 Years and 11 Months", "20 Years and 2 Months", "20 Years and 3 Months", "20 Years and 4 Months", "20 Years and 5 Months", "20 Years and 6 Months", "20 Years and 7 Months", "20 Years and 8 Months", "20 Years and 9 Months", "21 Years and 0 Months", "21 Years and 1 Months", "21 Years and 10 Months", "21 Years and 11 Months", "21 Years and 2 Months", "21 Years and 3 Months", "21 Years and 4 Months", "21 Years and 5 Months", "21 Years and 6 Months", "21 Years and 7 Months", "21 Years and 8 Months", "21 Years and 9 Months", "22 Years and 0 Months", "22 Years and 10 Months", "22 Years and 11 Months", "22 Years and 2 Months", "22 Years and 3 Months", "22 Years and 4 Months", "22 Years and 5 Months", "22 Years and 6 Months", "22 Years and 8 Months", "22 Years and 9 Months", "23 Years and 0 Months", "23 Years and 1 Months", "23 Years and 10 Months", "23 Years and 11 Months", "23 Years and 2 Months", "23 Years and 3 Months", "23 Years and 4 Months", "23 Years and 5 Months", "23 Years and 6 Months", "23 Years and 8 Months", "23 Years and 9 Months", "24 Years and 0 Months", "24 Years and 10 Months", "24 Years and 11 Months", "24 Years and 2 Months", "24 Years and 3 Months", "24 Years and 4 Months", "24 Years and 5 Months", "24 Years and 6 Months", "24 Years and 8 Months", "24 Years and 9 Months", "25 Years and 0 Months", "25 Years and 1 Months", "25 Years and 10 Months", "25 Years and 11 Months", "25 Years and 2 Months", "25 Years and 3 Months", "25 Years and 4 Months", "25 Years and 5 Months", "25 Years and 6 Months", "25 Years and 7 Months", "25 Years and 8 Months", "25 Years and 9 Months", "26 Years and 0 Months", "26 Years and 10 Months", "26 Years and 11 Months", "26 Years and 2 Months", "26 Years and 3 Months", "26 Years and 4 Months", "26 Years and 5 Months", "26 Years and 6 Months", "26 Years and 8 Months", "26 Years and 9 Months", "27 Years and 0 Months", "27 Years and 1 Months", "27 Years and 10 Months", "27 Years and 11 Months", "27 Years and 2 Months", "27 Years and 3 Months", "27 Years and 4 Months", "27 Years and 5 Months", "27 Years and 8 Months", "27 Years and 9 Months", "28 Years and 0 Months", "28 Years and 10 Months", "28 Years and 11 Months", "28 Years and 2 Months", "28 Years and 3 Months", "28 Years and 4 Months", "28 Years and 5 Months", "28 Years and 6 Months", "28 Years and 8 Months", "28 Years and 9 Months", "29 Years and 0 Months", "29 Years and 1 Months", "29 Years and 10 Months", "29 Years and 11 Months", "29 Years and 2 Months", "29 Years and 3 Months", "29 Years and 4 Months", "29 Years and 5 Months", "29 Years and 6 Months", "29 Years and 8 Months", "29 Years and 9 Months", "3 Years and 0 Months", "3 Years and 10 Months", "3 Years and 11 Months", "3 Years and 2 Months", "3 Years and 3 Months", "3 Years and 4 Months", "3 Years and 6 Months", "3 Years and 8 Months", "3 Years and 9 Months", "30 Years and 0 Months", "30 Years and 10 Months", "30 Years and 11 Months", "30 Years and 2 Months", "30 Years and 3 Months", "30 Years and 4 Months", "30 Years and 5 Months", "30 Years and 6 Months", "30 Years and 7 Months", "30 Years and 8 Months", "30 Years and 9 Months", "31 Years and 0 Months", "31 Years and 10 Months", "31 Years and 11 Months", "31 Years and 2 Months", "31 Years and 3 Months", "31 Years and 4 Months", "31 Years and 5 Months", "31 Years and 6 Months", "31 Years and 7 Months", "31 Years and 8 Months", "31 Years and 9 Months", "32 Years and 0 Months", "32 Years and 1 Months", "32 Years and 10 Months", "32 Years and 11 Months", "32 Years and 2 Months", "32 Years and 3 Months", "32 Years and 4 Months", "32 Years and 5 Months", "32 Years and 6 Months", "32 Years and 8 Months", "32 Years and 9 Months", "33 Years and 0 Months", "33 Years and 2 Months", "33 Years and 3 Months", "33 Years and 4 Months", "33 Years and 5 Months", "33 Years and 6 Months", "33 Years and 7 Months", "33 Years and 8 Months", "4 Years and 0 Months", "4 Years and 10 Months", "4 Years and 11 Months", "4 Years and 2 Months", "4 Years and 5 Months", "4 Years and 6 Months", "4 Years and 9 Months", "5 Years and 0 Months", "5 Years and 1 Months", "5 Years and 10 Months", "5 Years and 11 Months", "5 Years and 2 Months", "5 Years and 3 Months", "5 Years and 5 Months", "5 Years and 6 Months", "5 Years and 7 Months", "5 Years and 8 Months", "5 Years and 9 Months", "6 Years and 0 Months", "6 Years and 10 Months", "6 Years and 11 Months", "6 Years and 2 Months", "6 Years and 3 Months", "6 Years and 4 Months", "6 Years and 5 Months", "6 Years and 6 Months", "6 Years and 8 Months", "6 Years and 9 Months", "7 Years and 0 Months", "7 Years and 10 Months", "7 Years and 11 Months", "7 Years and 2 Months", "7 Years and 3 Months", "7 Years and 4 Months", "7 Years and 5 Months", "7 Years and 6 Months", "7 Years and 7 Months", "7 Years and 8 Months", "7 Years and 9 Months", "8 Years and 0 Months", "8 Years and 1 Months", "8 Years and 10 Months", "8 Years and 11 Months", "8 Years and 2 Months", "8 Years and 3 Months", "8 Years and 4 Months", "8 Years and 5 Months", "8 Years and 6 Months", "8 Years and 7 Months", "8 Years and 8 Months", "8 Years and 9 Months", "9 Years and 0 Months", "9 Years and 1 Months", "9 Years and 10 Months", "9 Years and 11 Months", "9 Years and 2 Months", "9 Years and 3 Months", "9 Years and 4 Months", "9 Years and 5 Months", "9 Years and 6 Months", "9 Years and 8 Months", "9 Years and 9 Months"], ["Very_High"]]
