tree
version=v4
num_class=1
num_tree_per_iteration=1
label_index=0
max_feature_idx=23
objective=binary sigmoid:1
feature_names=Age age_group occupation_category Annual_Income Monthly_Inhand_Salary Num_Bank_Accounts Num_Credit_Card Interest_Rate Num_of_Loan Delay_from_due_date Num_of_Delayed_Payment Changed_Credit_Limit Num_Credit_Inquiries Outstanding_Debt Credit_Utilization_Ratio Credit_History_Age Total_EMI_per_month Amount_invested_monthly Monthly_Balance debt_to_income_ratio monthly_debt_service_ratio investment_rate credit_utilization_category financial_risk_score
feature_infos=[14:56] -1:1:0:4:2:3 -1:3:1:5:0:4:2 [7006.03515625:148699.3125] [379.39083862304688:12357.5732421875] [-1:82] [1:43] [1:34] [0:9] [-3:67] [0:28] [-5.6500000953674316:33.610000610351562] [0:2554] [3.5:4154.81005859375] [20.244131088256836:46.979228973388672] -1:126:115:122:368:83:91:110:38:54:84:88:92:98:127:131:142:149:341:363:33:35:102:107:113:231:286:339:342:349:369:19:30:77:86:89:90:96:100:148:337:344:362:374:378:15:34:40:48:50:53:61:67:75:111:124:125:130:180:194:196:271:280:308:309:353:358:359:376:18:23:25:27:31:57:70:76:79:87:112:128:164:168:188:198:201:205:209:213:217:277:283:292:299:340:343:347:360:364:375:17:20:21:22:26:37:41:52:60:66:69:81:94:101:106:146:147:150:152:156:158:184:207:219:221:248:251:252:269:285:295:310:328:345:354:377:1:6:7:29:39:44:55:56:58:68:71:78:95:99:114:119:120:123:134:140:154:159:162:176:178:185:193:204:208:210:222:225:227:237:244:246:265:267:298:304:323:348:355:356:357:367:381:382:5:42:43:45:46:49:72:73:80:103:104:118:135:144:157:165:170:182:183:186:189:190:192:197:206:228:230:232:242:249:250:253:263:272:279:288:289:291:297:301:303:307:325:365:366:373:3:10:32:108:109:116:136:153:166:169:172:195:199:202:212:214:216:220:224:229:233:238:239:256:259:260:275:276:284:296:305:314:321:324:327:338:370 [0:395.34130859375] [0:521.41851806640625] [1.5263103246688843:1446.947509765625] [2.772197149170097e-05:0.54764431715011597] [0:0.19406872987747192] [0:0.14060477912425995] none [2:8]
tree_sizes=3205 3346 3375 3338 3373 3358 3358 3353 3368 3333 3369 3394 3371 3396 3378 3370 3380 3340 3397 3362 3377 3379 3378 3422 3344 3375 3413 3349 3368 3396 3364 3387 3388 3392

Tree=0
num_leaves=31
num_cat=0
split_feature=13 9 11 5 13 13 12 7 7 19 17 17 19 21 5 18 7 9 14 20 10 20 19 18 19 4 9 20 20 5
split_gain=232.586 27.5414 19.6875 16.3325 17.8361 10.7266 8.13681 7.76763 7.67523 7.23082 9.12945 11.7332 8.09478 12.2112 7.19373 7.90113 6.45377 6.73675 5.96523 5.96164 5.81842 5.12738 5.11714 4.37676 4.1115 4.05801 5.03182 3.88602 5.66292 3.85411
threshold=1441.5850219726565 18.500000000000004 16.32499980926514 2.5000000000000004 1166.340026855469 2767.2500000000005 7.5000000000000009 24.500000000000004 14.500000000000002 0.028370487503707412 131.39435577392581 151.800407409668 0.01577678602188826 0.01804221794009209 4.5000000000000009 657.27682495117199 21.500000000000004 43.500000000000007 24.797022819519047 0.048970628529787071 9.5000000000000018 0.023448545485734943 0.04258150793612004 573.79919433593761 0.058703474700450904 2976.7116699218755 12.500000000000002 0.034844486042857177 0.073578637093305602 7.5000000000000009
decision_type=8 2 10 8 10 8 2 8 10 8 8 10 10 10 8 2 8 2 2 10 8 8 8 2 10 10 2 10 10 10
left_child=1 9 8 -3 14 24 -6 16 -2 12 22 -12 13 -1 -5 29 17 -7 -10 -9 21 23 -11 -15 -4 -22 -27 -20 -29 -16
right_child=2 3 5 4 6 7 -8 19 18 10 11 -13 -14 20 15 -17 -18 -19 27 -21 25 -23 -24 -25 -26 26 -28 28 -30 -31
leaf_value=-0.14854932301740811 0.030208333333333334 0.12535211267605634 0.043312101910828009 -0.0040609137055837565 -0.031868131868131859 -0.046258503401360535 0.093965517241379318 0.032653061224489785 0.038157894736842113 -0.045348837209302308 0.068449197860962555 -0.089839572192513373 -0.16519916142557653 0.080327868852459003 -0.16369863013698624 -0.0062992125984251985 0.14358974358974361 0.10093457943925233 0.10646067415730337 -0.083962264150943405 -0.017647058823529401 -0.089393939393939414 -0.14898785425101213 -0.037795275590551181 0.13966942148760331 -0.17325581395348841 -0.044859813084112153 0.16307363927427965 0.051785714285714296 -0.056862745098039215
leaf_weight=25.75 9.4999999999999982 7 7.7500000000000027 9.7499999999999982 9.0000000000000018 7.2500000000000018 11.499999999999998 7.2500000000000027 7.4999999999999991 8.5000000000000018 9.2500000000000018 9.2499999999999982 23.75 6.0000000000000018 14.500000000000005 6.2499999999999991 5.7499999999999991 5.25 35.5 10.499999999999998 5.0000000000000027 6.4999999999999991 12.249999999999998 6.25 11.999999999999998 8.4999999999999982 5.2499999999999991 46.75 5.4999999999999991 4.9999999999999991
leaf_count=103 38 28 31 39 36 29 46 29 30 34 37 37 95 24 58 25 23 21 142 42 20 26 49 25 48 34 21 187 22 20
internal_value=0.00354438 -0.0715078 0.0920922 -0.0172742 -0.0354724 0.0436885 0.0383495 0.0108033 0.117692 -0.0984567 -0.0620076 -0.0102151 -0.114696 -0.0953433 -0.0783708 -0.105996 0.0566757 0.0150794 0.126272 -0.0358543 -0.0582447 -0.0180371 -0.107434 0.0194332 0.102771 -0.0976127 -0.125632 0.133637 0.151671 -0.137245
internal_weight=349.75 189.25 160.5 63 56 55.75 20.5 36 104.75 126.25 39.25 18.5 87 63.25 35.5 25.75 18.25 12.5 95.25 17.75 37.5 18.75 20.75 12.25 19.75 18.75 13.75 87.75 52.25 19.5
internal_count=1399 757 642 252 224 223 82 144 419 505 157 74 348 253 142 103 73 50 381 71 150 75 83 49 79 75 55 351 209 78
is_linear=0
shrinkage=0.1


Tree=1
num_leaves=31
num_cat=0
split_feature=13 9 23 11 12 3 13 6 13 19 19 7 19 21 17 17 0 10 9 10 7 9 21 20 0 5 20 20 17 17
split_gain=189.598 23.047 16.107 16.0403 12.7372 11.9065 8.73812 8.45222 8.30656 7.07584 6.47712 6.32167 6.02439 10.2102 6.02021 7.69043 6.54745 5.93713 7.47996 5.31071 5.283 5.49242 5.22183 5.0573 4.62537 4.61889 5.73809 4.5714 3.79427 3.71455
threshold=1441.5850219726565 16.500000000000004 4.5000000000000009 16.32499980926514 9.5000000000000018 17817.659179687504 2767.2500000000005 2.5000000000000004 1259.4499511718752 0.027822867967188362 0.028370487503707412 24.500000000000004 0.01577678602188826 0.012852981220930816 131.39435577392581 151.800407409668 42.500000000000007 7.5000000000000009 25.500000000000004 9.5000000000000018 21.500000000000004 43.500000000000007 0.041240306571125991 0.060394354164600379 22.500000000000004 4.5000000000000009 0.073578637093305602 0.045969888567924506 234.54006958007815 120.2380828857422
decision_type=8 2 2 10 2 8 8 8 10 8 8 8 10 10 8 10 8 10 2 8 8 2 10 10 10 8 10 10 8 10
left_child=1 7 5 9 -4 -3 24 -1 -6 -2 12 20 13 -9 16 -16 -12 -7 29 22 21 -8 -15 -13 -5 -11 27 28 -27 -19
right_child=3 2 4 6 8 17 11 10 -10 25 14 23 -14 19 15 -17 -18 18 -20 -21 -22 -23 -24 -25 -26 26 -28 -29 -30 -31
leaf_value=-0.1880863454162448 0.014285603024242708 -0.098874807640620566 -0.095278116706242394 0.0072988112660376213 -0.069323316503674001 0.1273360351773527 -0.041718408342181684 -0.14515238985929485 0.098991637415955805 0.046279950258521718 -0.12903209144443029 0.0088172301440214065 -0.14873149668561125 -0.051225827164344311 0.066158206376936271 -0.072809963924798576 0 0.029929913001314347 0.10717520811040432 -0.089112168927533167 0.13015759071250263 0.091265898426550224 0.063364734395690972 -0.099933749852693959 0.12104332295512404 0.12334960272335359 0.030308619807167876 0.16319116076824169 0.050668149083590186 -0.088782752655417962
leaf_weight=8.7142210006713849 7.9763141274452201 5.4781095832586315 30.428007915616035 4.9833810776472118 4.9845739006996137 8.9773224145174044 7.2461228966712969 17.652437090873718 6.7351221889257431 9.7265749871730804 11.954966902732851 10.991466566920282 20.112466648221016 11.230193406343462 7.9906368255615217 7.7343833297491074 5.7332537025213233 5.2327971458435076 6.7371003776788703 17.931397944688797 5.720463126897811 5.2366512715816498 5.9900953173637381 6.7381175458431235 14.70465265214443 43.081634163856506 6.7460037916898719 27.335248872637749 9.4658090323209745 4.9812363684177399
leaf_count=35 32 22 122 20 20 36 29 71 27 39 48 44 81 45 32 31 23 21 27 72 23 21 24 27 59 173 27 110 38 20
internal_value=0.00318486 -0.0646919 -0.0207581 0.0832706 -0.0611752 0.0331863 0.0395132 -0.092652 0.0265777 0.106442 -0.0845674 0.00978554 -0.101407 -0.0829449 -0.0473287 -0.00158983 -0.0871914 0.0617448 0.0258781 -0.0510988 0.0512567 0.0135571 -0.0106523 -0.0322813 0.0929404 0.113945 0.121365 0.128882 0.110568 -0.0272945
internal_weight=348.551 188.598 73.5543 159.952 42.1477 31.4066 55.6209 115.044 11.7197 104.332 106.33 35.9328 72.9166 52.8041 33.4132 15.725 17.6882 25.9285 16.9511 35.1517 18.2032 12.4828 17.2203 17.7296 19.688 96.3553 86.6287 79.8827 52.5474 10.214
internal_count=1399 757 295 642 169 126 223 462 47 419 427 144 293 212 134 63 71 104 68 141 73 50 69 71 79 387 348 321 211 41
is_linear=0
shrinkage=0.1


Tree=2
num_leaves=31
num_cat=0
split_feature=13 7 16 6 10 14 7 13 17 14 17 6 17 5 21 14 6 10 4 3 0 0 14 14 8 16 16 13 16 0
split_gain=155.388 15.7836 11.3235 10.7339 7.45771 8.39548 7.21965 8.11236 6.85248 6.74651 7.35654 6.13567 5.83257 5.65114 5.20683 5.16396 4.77285 7.77259 6.50453 10.0676 7.49517 4.65437 4.46403 4.43929 3.95178 4.08934 4.41218 3.88652 3.72039 3.60821
threshold=1441.5850219726565 20.500000000000004 280.92321777343756 2.5000000000000004 13.500000000000002 38.089551925659187 13.500000000000002 2767.2500000000005 75.504726409912124 36.154924392700202 70.127475738525405 6.5000000000000009 95.591583251953139 4.5000000000000009 0.024909569881856445 26.018023490905765 5.5000000000000009 6.5000000000000009 6946.4018554687509 45234.445312500007 31.500000000000004 32.500000000000007 31.536193847656254 33.741575241088874 1.0000000180025095e-35 31.394492149353031 47.543596267700202 670.38998413085949 25.445712089538578 45.500000000000007
decision_type=8 10 10 8 8 2 10 8 10 2 10 10 10 8 8 2 10 8 8 8 10 8 2 2 10 8 8 8 10 8
left_child=1 3 6 -1 5 8 -2 13 -5 15 -11 24 -10 23 -7 -9 18 -18 19 20 -14 -13 -19 -8 -6 -26 -27 -16 -15 -22
right_child=2 -3 -4 4 11 14 7 9 12 10 -12 21 16 28 27 -17 17 22 -20 -21 29 -23 -24 -25 25 26 -28 -29 -30 -31
leaf_value=-0.17287906505551753 0.0035884033504603669 0.073668799469029461 -0.041446366503533449 -0.094318304038453038 -0.17838479787977438 -0.058754987356072125 -0.022450967290930688 0.015914837856971918 0.055767581036770146 0.084521254228491619 -0.071290175833142608 0.037694966277356787 -0.11716002399857064 0.063999404055269174 0.10009248341235916 0.099339156703425857 0.090881278199401921 0.010826439091861035 0.013014669202713706 -0.17932244018954055 0.063000971655915727 -0.090147655984024744 -0.12096722568583025 0.10319281686315887 -0.031903035297437134 -0.18007172965854826 -0.087112675720232152 -0.00039991672353357317 0.1254206180199425 -0.049628848152359517
leaf_weight=8.8104014545679075 11.208816200494764 8.4393699020147306 7.6764155924320212 33.016195014119148 6.6704030036926261 7.1802758425474194 5.7107751518487948 10.673931658267973 5.9369807690381995 4.9477594494819623 7.4398980587720871 5.9461817294359181 8.890912622213369 12.858851462602614 6.7031763941049549 27.146920084953308 5.6994475424289677 4.947948545217514 7.7018165439367285 8.6406184136867505 5.4597302526235554 5.1995609700679788 4.9488142877817154 5.2068973183631897 9.1606822907924634 7.17194835841656 22.488229721784592 8.4087236672639847 65.717127621173859 5.6909727305173883
leaf_count=36 45 34 31 134 27 29 23 43 24 20 30 24 36 52 27 110 23 20 31 35 22 21 20 21 37 29 91 34 267 23
internal_value=0.00290045 -0.0587778 0.0757269 -0.0651274 -0.0593813 -0.0443182 0.0817769 0.0879717 -0.0578049 0.0552049 -0.00807819 -0.0891871 -0.0366911 0.106161 0.0102621 0.0761626 -0.0475302 -0.000575205 -0.0673269 -0.0892181 -0.0491771 -0.0213265 -0.0546267 0.0369566 -0.105511 -0.0923062 -0.110456 0.043883 0.11559 0.00469918
internal_weight=345.7 187.112 158.587 178.673 169.863 113.226 150.911 139.702 90.9334 50.2085 12.3877 56.637 57.9172 89.4937 22.2922 37.8209 51.9803 15.5962 36.3841 28.6822 20.0416 11.1457 9.89676 10.9177 45.4913 38.8209 29.6602 15.1119 78.576 11.1507
internal_count=1399 757 642 723 687 458 611 566 368 203 50 229 234 363 90 153 210 63 147 116 81 45 40 44 184 157 120 61 319 45
is_linear=0
shrinkage=0.1


Tree=3
num_leaves=31
num_cat=0
split_feature=13 9 23 11 16 3 13 12 9 8 6 9 19 17 17 0 6 11 17 9 17 0 11 9 13 17 19 13 14 7
split_gain=127.639 17.4209 12.7541 12.1432 15.0789 9.34761 9.05342 7.49301 6.95453 9.06634 5.89504 5.37475 5.37441 5.15341 6.99791 5.32774 4.70101 4.93636 4.57638 6.55786 4.1485 6.45515 6.64735 3.91854 3.84627 4.23711 4.68623 3.69527 5.79864 4.48209
threshold=1437.8899536132815 16.500000000000004 4.5000000000000009 16.32499980926514 217.44004058837893 17817.659179687504 1201.4900512695315 9.5000000000000018 16.500000000000004 3.5000000000000004 2.5000000000000004 40.500000000000007 0.028370487503707412 131.39435577392581 151.800407409668 42.500000000000007 3.5000000000000004 4.9049999713897714 274.56245422363287 8.5000000000000018 120.2380828857422 27.500000000000004 7.7950000762939462 24.500000000000004 704.35501098632824 234.54006958007815 0.016969603486359123 2842.994995117188 26.018023490905765 24.500000000000004
decision_type=8 2 2 10 8 8 10 2 2 8 8 2 8 8 10 8 10 10 10 2 10 10 10 2 10 8 10 8 2 8
left_child=1 10 5 8 27 -3 -4 -8 9 -2 -1 -6 18 15 -15 -14 -7 -18 24 -20 -10 -22 -23 -19 25 26 -12 -5 -29 -30
right_child=3 2 6 4 11 16 7 -9 20 -11 12 -13 13 14 -16 -17 17 23 19 -21 21 22 -24 -25 -26 -27 -28 28 29 -31
leaf_value=-0.16065018179866408 -0.078339494885712291 -0.084764203450278686 -0.085933702754001529 0.093690715623566026 -0.11367200757641778 -0.015977591710767132 -0.054595082860731149 0.089064905901130281 0.11852883861829006 0.076728732368209152 -0.03224691956225588 0.013168851546636962 -0.11322589111085878 0.071187525853561459 -0.062770131925577524 0.0026633481743004064 0.15426719215422952 0 0.053128454408259543 -0.097810951039168259 0.12924532504008776 0.087171882425328945 -0.025080159751603243 0.11138560428236269 -0.13277409543956012 -0.13278734895264471 -0.13192486376584803 -0.061410194427907953 0.10577476944343132 0.0055277944354253407
leaf_weight=8.2984758317470533 5.2015308439731625 5.409336224198344 27.005038678646088 18.33557291328907 7.9345777630805951 6.1781691908836391 7.6774162203073484 6.6711849719285965 52.208198130130768 12.696588605642317 20.653232991695408 5.4648134708404541 11.720525816082956 7.7172553092241269 7.6637767553329468 5.7140140533447257 6.4360382109880474 7.6736731529235822 5.1936411410570127 6.1082041561603546 12.351775884628294 11.68360595405102 9.2952103167772275 5.1952368319034576 21.973107874393463 10.451314464211462 6.2469508647918692 4.9682876318693188 9.568077504634859 8.7123583853244764
leaf_count=35 21 22 110 75 32 25 31 27 215 52 84 22 48 31 31 23 26 31 21 25 51 48 38 21 91 43 26 20 39 35
internal_value=0.00261036 -0.0540003 -0.0155283 0.0684126 0.0300874 0.0328259 -0.0518837 0.0116597 0.0886397 0.0309225 -0.0787489 -0.0614861 -0.0719331 -0.037786 0.00382131 -0.0748754 0.0584116 0.0826933 -0.0875819 -0.0277137 0.100549 0.0718174 0.0370783 0.045213 -0.0987531 -0.0781712 -0.0561681 0.059911 0.0325545 0.0588317
internal_weight=342.407 183.987 72.2461 158.421 54.9837 30.8925 41.3536 14.3486 103.437 17.8981 111.74 13.3994 103.442 32.8156 15.381 17.4345 25.4831 19.3049 70.6265 11.3018 85.5388 33.3306 20.9788 12.8689 59.3246 37.3515 26.9002 41.5843 23.2487 18.2804
internal_count=1399 751 293 648 223 125 168 58 425 73 458 54 423 133 62 71 103 78 290 46 352 137 86 52 244 153 110 169 94 74
is_linear=0
shrinkage=0.1


Tree=4
num_leaves=31
num_cat=0
split_feature=13 11 16 6 18 13 20 5 19 10 11 14 16 17 21 18 3 11 16 20 17 19 18 21 20 17 17 0 18 4
split_gain=105.262 10.1767 12.6724 8.96808 6.89098 7.85915 7.98403 6.65368 7.30014 6.51607 5.6449 5.53801 5.92149 6.24839 4.75038 4.70841 4.36382 4.31732 4.22241 4.26466 4.10591 3.93382 4.51167 8.9102 3.70816 5.6254 5.61756 5.12779 5.12486 3.43215
threshold=1437.8899536132815 16.32499980926514 219.38488769531253 2.5000000000000004 167.06879425048831 1166.340026855469 0.026329148560762409 7.5000000000000009 0.02623316086828709 13.500000000000002 11.969999790191652 38.089551925659187 318.86511230468756 78.619659423828139 0.027755469083786014 674.73272705078136 44756.980468750007 4.9049999713897714 21.534780502319339 0.030447434633970264 81.694877624511733 0.26834951341152197 367.90928649902349 0.040440853685140617 0.060394354164600379 50.356170654296882 107.7887649536133 20.500000000000004 356.91574096679693 1877.8828735351565
decision_type=8 10 10 8 2 10 8 8 8 8 10 2 8 10 10 2 10 10 10 10 10 8 2 8 8 8 8 8 2 10
left_child=3 7 24 -1 -5 9 17 8 -2 11 16 12 13 18 -13 -11 -8 -7 -6 -20 -19 22 23 -10 25 -3 -26 -27 -29 -25
right_child=1 2 -4 4 5 6 10 -9 21 15 -12 14 -14 -15 -16 -17 -18 20 19 -21 -22 -23 -24 29 26 27 -28 28 -30 -31
leaf_value=-0.15156780875849379 -0.054298795085080703 -0.018041329040304636 -0.080695291314288931 -0.15879861047491886 -0.0067422902317663836 0.012928474982402094 0.11860281964049182 0.10878032640296016 -0.05108902249498104 -0.10400685174744025 -0.042929933564290354 -0.026360632913317618 -0.1443167184059414 -0.015960563795628168 0.085420424018690974 -0.017628280557715901 0.002279882901994231 0.0058552482465482423 -0.14709535207259894 -0.031840660992512808 -0.10110908734224722 0.13553229138963341 0.12139323086679706 0.10484618468902418 0.058406083203941077 0.0028959471682132721 -0.067184040353133342 0.14422382555881169 0.026644854009312876 0.028661770685370781
leaf_weight=8.1968827545642835 5.1813199371099463 5.9044250696897533 8.9133294671773893 5.0825026482343665 5.5084123313426998 9.2198739647865313 8.8569657057523745 47.620988264679909 8.1408819407224637 32.516526326537132 5.3533836454153052 10.024137750267981 6.0713214874267569 38.472105920314789 5.9308818578720084 8.2425455152988416 5.3242565542459479 4.7799276113510158 10.485010072588919 5.056123122572898 12.385773465037344 7.605706885457038 8.4270879775285703 12.713828310370447 8.5449955612421 5.6536828726530102 5.9338755458593377 14.242772027850153 5.3716081678867331 12.018505319952963
leaf_count=36 21 24 36 21 23 38 36 200 34 135 22 41 25 158 24 34 22 20 44 21 51 32 35 53 35 23 24 59 22 50
internal_value=0.00236434 0.0625334 0.0273467 -0.0493907 -0.0444158 -0.0408084 -0.00527563 0.0812668 0.0567021 -0.0540522 0.0428109 -0.0374408 -0.0503136 -0.0403314 0.0148416 -0.0868695 0.075952 -0.0412813 -0.084115 -0.110681 -0.0708834 0.0687529 0.0559158 0.0385101 0.0487906 0.0681971 0.00614178 0.0887345 0.112829 0.0684921
internal_weight=337.78 156.273 54.5647 181.507 173.31 168.227 45.9202 101.708 54.0873 122.307 19.5346 81.548 65.593 59.5217 15.955 40.7591 14.1812 26.3856 21.0495 15.5411 17.1657 48.906 41.3003 32.8732 45.6514 31.1725 14.4789 25.2681 19.6144 24.7323
internal_count=1399 648 223 751 715 694 189 425 225 505 80 336 271 246 65 169 58 109 88 65 71 204 172 137 187 128 59 104 81 103
is_linear=0
shrinkage=0.1


Tree=5
num_leaves=31
num_cat=0
split_feature=13 7 11 9 10 20 10 10 20 14 11 17 5 17 20 16 12 0 19 21 16 19 13 7 0 0 13 21 7 11
split_gain=96.4411 22.376 16.0643 8.62046 21.4861 7.18408 6.51244 7.29612 6.09896 5.07179 7.78823 7.02151 4.75914 6.02756 5.4883 4.49946 4.48525 4.10138 4.0829 3.909 3.83926 3.59689 3.55029 3.91595 3.41683 3.27235 4.09334 3.29026 3.228 3.22656
threshold=1462.3900146484377 20.500000000000004 19.229999542236332 17.500000000000004 7.5000000000000009 0.010283869691193106 22.500000000000004 20.500000000000004 0.027928767725825313 35.975095748901374 7.8350000381469735 150.72722625732425 5.5000000000000009 82.380512237548842 0.073578637093305602 51.82179260253907 12.500000000000002 27.500000000000004 0.061454597860574729 0.098773207515478148 72.291038513183608 0.034527316689491279 2767.2500000000005 16.500000000000004 36.500000000000007 54.500000000000007 556.32498168945324 0.025159507989883426 6.5000000000000009 12.449999809265138
decision_type=8 10 10 2 10 10 10 10 8 2 10 8 8 8 10 10 2 10 10 10 8 8 8 10 10 8 10 10 8 8
left_child=1 3 12 8 -5 -6 7 16 25 11 -11 15 13 -2 17 -7 20 -14 -3 22 -4 29 23 -19 -24 26 28 -28 -1 -10
right_child=2 18 6 4 5 9 -8 -9 21 10 -12 -13 14 -15 -16 -17 -18 19 -20 -21 -22 -23 24 -25 -26 -27 27 -29 -30 -31
leaf_value=0.014578575782350545 -0.050346388284912939 0.025367634660471788 -0.016376409025255678 0.10061011046945022 -0.10430180070003314 -0.015902013499454564 0.081425789973669185 -0.098240285165428848 -0.1496504452351359 0.016079421025723895 -0.14137146748838952 -0.070550914565992495 0.12413432675409489 0.074373380236349956 0 0.092849010736457196 -0.063752919650503878 0.020552174827411809 0.15211937962831071 -0.007023986173876378 0.085029135117011559 -0.056843659726991402 -0.027145382824540043 0.11476709274946006 0.086698053764325406 0.016538171825809796 -0.11428284843389676 -0.057563576875635625 -0.056442275759346662 -0.058563489532982599
leaf_weight=9.8632209599018115 5.7889126539230373 5.1154811531305295 6.2472833096981093 10.982002466917036 17.70925135910511 6.7864063680171993 8.3160900473594648 8.1207395046949369 18.44396843016148 5.1524945944547635 7.4849004447460175 8.4658106267452222 33.835041075944901 10.949078813195227 6.3036691397428504 8.120618060231207 5.360867738723754 5.4964332133531562 5.5357564389705658 4.6953952312469474 8.5951012969017029 10.850194379687307 4.7974663823842985 31.455540731549263 5.4153282791376114 5.5051137953996649 17.828222677111626 27.854289129376411 17.020657479763031 5.6649686545133582
leaf_count=41 24 21 26 45 73 28 34 33 79 21 31 35 146 45 26 33 22 23 23 20 35 45 20 135 23 23 76 117 71 24
internal_value=0.000317806 -0.0468633 0.0615153 -0.0553475 -0.0259402 -0.0521359 0.00394457 -0.018659 -0.0720547 -0.0259868 -0.0767686 0.00125433 0.080801 0.0306017 0.0897824 0.0428978 0.0131627 0.0963993 0.0929765 0.0779077 0.0418535 -0.10711 0.0865715 0.101116 0.0325057 -0.0561128 -0.0617771 -0.0801187 -0.0300579 -0.128991
internal_weight=333.76 188.383 145.377 177.732 64.7015 53.7195 36.6401 28.324 113.031 36.0102 12.6374 23.3728 108.737 16.738 91.9989 14.907 20.2033 85.6952 10.6512 51.8602 14.8424 34.9591 47.1648 36.952 10.2128 78.0715 72.5664 45.6825 26.8839 24.1089
internal_count=1398 786 612 742 266 221 150 116 476 148 52 96 462 69 393 61 83 367 44 221 61 148 201 158 43 328 305 193 112 103
is_linear=0
shrinkage=0.1


Tree=6
num_leaves=31
num_cat=0
split_feature=13 7 11 18 6 16 11 14 14 11 13 5 0 5 17 20 6 14 17 7 0 19 13 0 13 3 6 17 14 19
split_gain=79.6959 18.5373 13.5987 6.86082 8.80545 11.6716 8.02326 5.47287 5.52075 4.95807 4.58494 4.57327 4.37209 4.12579 4.94524 4.70557 3.96743 4.47557 5.54083 6.31348 7.32379 3.85558 6.27617 3.62728 3.59038 3.50036 3.2992 3.28343 4.1376 4.65799
threshold=1462.3900146484377 20.500000000000004 19.229999542236332 267.58802795410162 5.5000000000000009 129.396354675293 4.5950000286102304 31.639092445373539 28.509201049804691 18.819999694824222 298.71499633789068 4.5000000000000009 36.500000000000007 5.5000000000000009 82.380512237548842 0.073578637093305602 2.5000000000000004 25.685390472412113 79.801239013671889 13.500000000000002 31.500000000000004 0.026101120747625831 441.80999755859381 27.500000000000004 2640.7900390625005 21052.256835937504 6.5000000000000009 263.88748168945318 30.777125358581547 0.069244138896465315
decision_type=8 10 10 2 8 10 10 2 2 8 10 8 10 8 8 10 10 2 8 10 10 10 10 10 10 8 10 10 2 10
left_child=1 3 13 -1 9 6 -6 8 -4 16 -8 -7 -9 14 -2 23 -5 -18 -19 20 -20 22 -22 -15 27 -3 -12 28 29 -25
right_child=2 25 7 4 5 11 10 12 -10 -11 26 -13 -14 15 -16 -17 17 18 19 -21 21 -23 -24 24 -26 -27 -28 -29 -30 -31
leaf_value=-0.099103912558740043 -0.045023571463964275 0.14135836958315706 -0.0049883008946071472 -0.14574393505285158 0.037406600277226469 0.13284060797337524 0.02273023778318185 -0.066475343340778287 0.10382958135042314 0.038029619137950131 -0.12300245080992722 0.010990724192469443 0.041350780158396383 0.11594982995146541 0.067827109640829136 0 0.0083118618781921477 -0.11508303893482426 -0.08990502109632087 -0.11772617270685781 0.040199088628535114 0.055584799728064786 -0.062769934705354732 -0.012400406619887311 0.0063136761039004688 0.0229439104810399 -0.045268328733805804 0.011213677052274733 0.12219654466845978 0.097507068957117762
leaf_weight=25.266192302107811 5.8351406604051617 5.3771173208951923 10.556191951036455 5.8118164688348761 10.576939836144446 6.4292626380920392 4.8237826228141811 12.912436857819559 8.0135611593723279 4.7358828783035269 10.885559946298601 6.2359962910413742 5.0899625271558753 32.668801620602608 10.821627035737036 6.3036691397428504 8.551932141184805 18.481086254119873 16.459018811583519 11.747167542576788 8.9443900883197802 7.2416835576295844 16.673562973737717 6.2735679745674124 7.4902756661176673 5.1015953123569497 12.381260350346563 5.879080355167388 21.853457823395729 9.2600971311330778
leaf_count=108 24 23 43 27 44 27 20 53 33 20 46 26 21 146 45 26 36 79 70 50 37 30 70 27 32 21 52 25 96 41
internal_value=0.000287036 -0.0428744 0.056421 -0.0506468 -0.0423562 -0.00851522 -0.0359824 0.00351422 0.0417398 -0.0598384 -0.0640049 0.0741848 -0.0353764 0.0744945 0.0276641 0.083036 -0.0649154 -0.0593106 -0.0667074 -0.0517393 -0.0356131 -0.00792525 -0.0264134 0.0893237 0.0717951 0.0854151 -0.0824355 0.08286 0.0937996 0.0526838
internal_weight=328.682 185.724 142.958 175.246 149.979 51.3328 38.6675 36.5722 18.5698 98.6465 28.0906 12.6653 18.0024 106.386 16.6568 89.7289 93.9107 88.0988 79.5469 61.0658 49.3187 32.8596 25.618 83.4253 50.7565 10.4787 23.2668 43.2662 37.3871 15.5337
internal_count=1398 786 612 742 634 215 162 150 76 419 118 53 74 462 69 393 399 372 336 257 207 137 107 367 221 44 98 189 164 68
is_linear=0
shrinkage=0.1


Tree=7
num_leaves=31
num_cat=0
split_feature=7 9 10 9 17 11 11 6 11 0 0 3 3 12 9 17 0 16 11 11 14 0 12 16 16 11 17 9 3 16
split_gain=52.3006 20.1096 11.3136 11.4567 10.2863 9.90471 8.6094 8.43863 8.06499 5.82938 5.40136 5.38153 7.45588 6.0468 5.86164 6.89747 5.86228 5.21421 5.0582 4.64742 4.12349 2.92495 5.27253 6.94343 10.5623 3.95657 2.7902 2.71795 2.59771 4.18889
threshold=20.500000000000004 18.500000000000004 5.5000000000000009 33.500000000000007 156.87998962402347 10.775000095367433 19.32499980926514 5.5000000000000009 4.5950000286102304 37.500000000000007 20.500000000000004 17684.220703125004 42969.224609375007 12.500000000000002 25.500000000000004 172.05632781982425 27.500000000000004 52.202947616577156 18.819999694824222 2.2749999761581425 31.639092445373539 32.500000000000007 4.5000000000000009 18.664835929870609 60.794523239135749 7.4949998855590829 268.72312927246099 53.500000000000007 15374.509765625002 250.095329284668
decision_type=10 2 10 2 8 10 10 8 10 8 10 10 10 2 2 8 10 8 8 8 2 8 2 8 10 8 8 2 10 8
left_child=1 7 -3 4 5 9 11 18 19 -4 -8 27 14 -14 16 -16 -13 -11 21 -9 -12 -1 25 -24 -25 -23 -6 -2 -5 -30
right_child=6 2 3 28 26 -7 10 8 -10 17 20 12 13 -15 15 -17 -18 -19 -20 -21 -22 22 23 24 -26 -27 -28 -29 29 -31
leaf_value=-0.10290686213865446 0.12504892920510205 0.12345695465777373 0.1004637053693009 0.00014915926505888885 -0.11502838828642542 -0.045660791007763303 -0.086448783129786974 -0.0056374264786247007 -0.044490362570165108 -0.075105410624447602 0.078397041266112466 0.047403622436991449 0.12451125536816419 0.0085782278958608047 0.1021854697244113 -0.033349118721372042 -0.098740309774292656 0.070462391480607206 0.026178423323712466 0.1150837374123511 -0.013504261315981756 -0.13853880013565964 0.072354681891636102 -0.12389403007073854 0.028268747645485384 -0.055894096223352785 -0.043163807254506484 0.042115163416567042 0.11680758936878904 0.0055360613371987187
leaf_weight=30.343854427337646 22.971992224454883 7.6731734722852698 11.686763003468515 5.6349133700132397 10.633002638816835 19.038047075271606 4.8950000703334835 6.6137357801198942 31.106366217136383 4.9568871110677692 9.1528073102235812 4.5478093326091784 17.947203844785694 6.2669645845890036 10.923371210694315 5.4936869740486136 6.435121089220047 4.6793503761291513 4.7610450237989417 5.7885863184928894 9.966869652271269 11.230235576629639 5.2578120380640057 10.181897744536402 7.9872947484254828 13.572863832116127 12.576942473649977 5.4042326360940924 10.622068822383877 5.2412538677454004
leaf_count=134 104 32 50 24 45 80 20 28 133 21 38 20 79 27 50 24 28 20 20 24 41 50 22 45 34 59 53 24 47 22
internal_value=0.000288814 -0.0273468 0.00794852 -0.00248555 -0.023944 0.00635793 0.0587022 -0.0532179 -0.0171652 0.0532655 0.00570754 0.0744604 0.0546586 0.0950761 0.018361 0.0562984 -0.0374411 -0.00339301 -0.0718778 0.0503772 0.0301486 -0.0779721 -0.0618971 -0.0271001 -0.0566663 -0.0941212 -0.0768678 0.109809 0.0603218 0.0809348
internal_weight=323.591 219.586 92.7424 85.0692 63.571 40.361 104.005 126.844 43.5087 21.323 24.0147 79.9904 51.6142 24.2142 27.4 16.4171 10.9829 9.63624 83.335 12.4023 19.1197 78.574 48.2301 23.427 18.1692 24.8031 23.2099 28.3762 21.4982 15.8633
internal_count=1398 943 394 362 269 171 455 549 185 91 99 356 228 106 122 74 48 41 364 52 79 344 210 101 79 109 98 128 93 69
is_linear=0
shrinkage=0.1


Tree=8
num_leaves=31
num_cat=0
split_feature=7 8 6 11 11 3 3 11 16 20 20 20 18 7 17 3 3 12 9 17 9 10 18 20 10 19 10 7 12 11
split_gain=43.3689 17.9284 8.41172 8.94994 7.35783 6.74902 8.21608 5.97711 5.67554 6.45697 5.32036 6.1378 5.02112 4.99533 4.8021 4.75169 6.33883 5.25784 4.82604 5.87992 4.14303 11.2755 3.80874 3.74156 3.72341 3.6358 3.40351 3.36767 3.17592 4.36657
threshold=20.500000000000004 4.5000000000000009 5.5000000000000009 4.5950000286102304 19.32499980926514 31245.559570312504 29214.910156250004 2.1750000715255742 19.326526641845707 0.0060861571691930303 0.0099263750016689318 0.0160133196040988 506.63226318359381 11.500000000000002 110.36529541015626 17684.220703125004 42969.224609375007 12.500000000000002 25.500000000000004 172.05632781982425 17.500000000000004 8.5000000000000018 634.01641845703136 0.027715167962014679 14.500000000000002 0.080396957695484175 9.5000000000000018 14.500000000000002 8.5000000000000018 8.6849999427795428
decision_type=10 10 8 10 10 10 10 8 8 8 10 10 2 8 10 10 10 2 2 8 2 10 2 8 10 8 10 8 2 10
left_child=1 2 5 7 15 6 8 -4 9 -1 26 -12 27 -3 -6 -2 18 -18 25 -20 23 -22 -23 -7 -15 -17 -5 -13 -26 -30
right_child=4 13 3 10 14 20 -8 -9 -10 -11 11 12 -14 24 -16 16 17 -19 19 -21 21 22 -24 -25 28 -27 -28 -29 29 -31
leaf_value=-0.085094143331836639 0.10292942070533362 -0.053784178485622919 -0.0096538250230553645 -0.014963548529864121 0.042923601225497841 -0.073915723094651539 0.094692664686603992 0.10107996043284384 -0.073896954695513981 0.053369591170945363 0.061333289245625269 -0.094646453797290156 0.041080914100079996 -0.018960704274672405 -0.047577674999947681 0.016123844432182122 0.11654919326255882 0.0077480182270078845 0.095692240388775107 -0.029833910078743461 0.083404870270990583 -0.10754732931748866 -0.00056583999529628175 -0.13989706989791481 0.12593510185280293 -0.097401128493543224 -0.12045641073993191 0 0.10019455895921602 0.0098895424279790596
leaf_weight=4.9560729712247822 27.327337071299553 5.4512395560741416 9.2761243581771833 4.9246594011783591 14.039736837148668 34.259733870625496 5.0408562421798697 9.8013609349727648 20.745985075831413 9.9268323481082916 8.4021813720464724 11.858018338680273 5.8202568739652625 6.6068532466888419 9.8796598762273771 6.2029205560684213 17.296679154038433 6.2559518069028845 10.525841981172563 5.5362681597471228 5.5394637286663082 12.552850201725962 4.7733770906925193 12.482094302773474 6.3399570137262371 4.8663793206214914 9.2951227277517301 5.52184173464775 8.708223372697832 14.452098876237867
leaf_count=22 128 24 39 21 58 153 21 41 91 42 36 51 25 28 41 27 79 27 50 24 23 54 20 59 28 21 40 24 39 62
internal_value=0.000293309 -0.0249732 -0.0390057 -0.0102298 0.0540873 -0.0558255 -0.0230261 0.0469464 -0.0401795 0.00633293 -0.0343026 -0.0109884 -0.0377605 0.0338883 0.0050842 0.0689586 0.050279 0.0882276 0.0167658 0.0518904 -0.0747854 -0.0388919 -0.0788201 -0.0920101 0.0475127 -0.0333149 -0.0849796 -0.0648194 0.0627516 0.0445587
internal_weight=318.666 216.735 175.177 64.8996 101.931 110.277 40.6697 19.0775 35.6289 14.8829 45.8221 31.6023 23.2001 41.5584 23.9194 78.0114 50.684 23.5526 27.1314 16.0621 69.6075 22.8657 17.3262 46.7418 36.1071 11.0693 14.2198 17.3799 29.5003 23.1603
internal_count=1398 943 762 277 455 485 176 80 155 64 197 136 100 181 99 356 228 106 122 74 309 97 74 212 157 48 61 75 129 101
is_linear=0
shrinkage=0.1


Tree=9
num_leaves=31
num_cat=0
split_feature=13 7 13 18 9 10 17 20 20 9 13 10 7 6 10 13 20 13 17 4 20 3 14 3 17 17 7 14 21 17
split_gain=48.196 11.0595 6.83646 5.8699 6.14025 14.936 5.7177 9.653 7.52652 4.9548 5.75446 4.43012 4.38065 4.37163 3.86172 5.0813 3.85362 5.26591 4.51054 4.30704 3.99717 3.81084 4.3725 4.85303 3.84329 3.66116 4.89565 2.94829 4.55899 3.11769
threshold=1462.3900146484377 20.500000000000004 2661.9899902343755 267.58802795410162 18.500000000000004 7.5000000000000009 109.08076477050783 0.06372424960136415 0.051529524847865112 43.500000000000007 4025.650024414063 23.500000000000004 11.500000000000002 5.5000000000000009 9.5000000000000018 670.38998413085949 0.0070595128927379855 950.51501464843761 150.72722625732425 3025.5288085937505 0.017710504122078422 31716.364257812504 27.765861511230472 20777.375000000004 274.56245422363287 53.266370773315437 25.500000000000004 30.680747985839847 0.030494407750666145 132.56314086914065
decision_type=8 10 8 2 2 10 8 10 10 2 8 8 8 8 10 8 10 10 8 10 8 10 2 8 10 10 10 2 8 10
left_child=1 3 12 -1 13 -6 11 8 9 10 -8 25 -2 21 15 -15 -7 18 20 -19 -18 22 -5 -24 -23 -4 -27 28 -14 -30
right_child=2 -3 6 4 5 16 7 -9 -10 -11 -12 -13 27 14 -16 -17 17 19 -20 -21 -22 24 23 -25 -26 26 -28 -29 29 -31
leaf_value=-0.086105058555121475 -0.022965842511682131 0.068109683793625836 -0.028389759163202702 0.047856317054091491 0.11980721276790406 -0.081267115695438402 -0.13523272119816793 -0.13569611586378277 0.12401198816538916 0.053805382870788947 0.0047237280190001148 0.13793093927004357 -0.019583586188373692 0.09526643286368898 -0.051678139790706124 -0.021741691157033349 0.061835439631319968 -0.021542010561070947 -0.11597965156997525 0.10273613168423479 -0.054322773359240253 -0.091529622935165561 -0.11145373870229965 -0.0080734637312256333 0 0.12377776965614778 0 0.086046746185695869 0.094636187632936394 0.021590053552476646
leaf_weight=23.918972462415695 5.3360794782638541 9.8637364506721479 6.7506200522184434 5.502025559544566 8.132822170853613 10.12842510640621 4.952669546008118 5.2026392370462409 4.7964808642864218 6.4182002991437903 6.6911339163780221 4.777848780155181 7.9041733741760245 5.5478956103324952 15.00659094750881 10.517468020319937 4.8020190894603774 4.9827915877103788 5.6492532491683951 5.8599135875701904 7.3173821866512307 36.125685915350914 7.9084031730890301 11.059719875454901 5.4293867349624625 6.264462545514105 6.4641018509864807 44.683478429913521 15.396377876400949 10.155276745557783
leaf_count=108 22 44 29 24 35 44 21 22 21 28 29 21 36 23 65 45 20 21 25 24 31 169 36 48 24 28 27 210 73 45
internal_value=0.000272586 -0.0339553 0.0451422 -0.0400483 -0.0322726 -0.00231388 0.0164966 -0.0139489 0.0137958 -0.0154439 -0.0545996 0.0520399 0.0629349 -0.0466147 -0.0151889 0.0183858 -0.0284512 -0.0091882 -0.0429025 0.045035 -0.00735014 -0.0612073 -0.0290829 -0.0520588 -0.0797688 0.0298649 0.0615204 0.0689507 0.0456308 0.0661918
internal_weight=313.546 177.752 135.794 167.889 143.97 46.8726 52.3182 28.0611 22.8585 18.062 11.6438 24.257 83.4754 97.0972 31.072 16.0654 38.7398 28.6114 17.7687 10.8427 12.1194 66.0252 24.4701 18.9681 41.5551 19.4792 12.7286 78.1393 33.4558 25.5517
internal_count=1398 786 612 742 634 200 226 121 99 78 50 105 386 434 133 68 165 121 76 45 51 301 108 84 193 84 55 364 154 118
is_linear=0
shrinkage=0.1


Tree=10
num_leaves=31
num_cat=0
split_feature=13 9 5 16 21 7 17 23 7 12 18 7 13 9 17 17 7 7 20 13 23 18 19 16 3 9 3 14 20 13
split_gain=46.8232 10.9801 9.7139 8.92621 8.59609 5.69671 5.39137 5.08031 5.65039 4.50901 4.49613 4.46896 4.61509 5.61023 3.51277 3.48976 3.47068 3.80692 4.64868 4.87092 3.32416 3.15594 4.37222 3.04484 2.61807 4.82359 6.5771 4.80654 4.28097 4.26717
threshold=1484.3850097656252 17.500000000000004 3.5000000000000004 284.80128479003912 0.048409322276711471 20.500000000000004 176.05383300781253 4.5000000000000009 7.5000000000000009 8.5000000000000018 267.58802795410162 8.5000000000000018 2767.2500000000005 43.500000000000007 103.73913955688478 120.2380828857422 8.5000000000000018 3.5000000000000004 0.0067795729264616975 505.29000854492193 3.5000000000000004 291.57710266113287 0.01577678602188826 65.610874176025405 36608.550781250007 53.500000000000007 17425.764648437504 26.439335823059086 0.075953822582960143 1957.3599853515627
decision_type=8 2 8 10 10 10 8 2 8 2 2 10 10 2 10 10 8 10 10 10 2 2 10 8 8 2 10 2 8 8
left_child=1 4 6 11 16 7 -3 8 -4 -9 -6 -2 24 15 -7 -14 17 -1 -19 -20 -18 -12 -23 -10 25 26 -13 -28 -26 -29
right_child=3 2 5 -5 10 14 -8 9 23 -11 21 12 13 -15 -16 -17 20 18 19 -21 -22 22 -24 -25 28 -27 27 29 -30 -31
leaf_value=-0.097323614235556369 -0.05191245181969241 0.11146039865955211 0.082604591912957839 -0.070697926999782043 -0.072224627809838182 0.11664341507487562 -0.016898661657570913 -0.085878000792077275 -0.089657291889409796 0 0.072493569858470774 0.097994661725958193 0.013594487331519235 0.082835572706800878 -0.0070773844907203488 -0.090043105757952338 -0.040893158432255133 -0.092023884992686267 0.069511005093579561 -0.036853503324883623 -0.11322858331931314 0.060197186610305244 -0.046113528403326401 0.013936787526685829 0.099616717234089172 -0.015159547189349927 -0.059396330980402291 0.11149507392923508 0.0016257779108520194 0.012267558896324537
leaf_weight=12.361416101455687 3.8349082469940177 9.8826580047607386 6.2304089665412929 6.0845209360122672 8.2922565490007418 4.1793440133333188 4.6466856151819238 20.890805080533031 5.3055044412612888 8.397586986422537 6.3734711706638363 26.108025014400482 8.1263201236724871 7.1348212808370581 4.6222792863845825 5.1540124565362921 9.2134333550930005 8.3201083093881625 6.1962181180715588 13.466474547982214 26.319716662168503 5.7552629858255413 11.163646191358565 5.6327112913131723 32.075871452689171 9.0646285861730558 5.1254042387008694 6.797714069485667 5.4212179183959952 12.473318815231321
leaf_count=57 16 42 26 26 38 20 20 93 24 36 27 126 35 31 20 22 42 39 27 63 123 25 50 24 151 43 22 33 24 57
internal_value=-0.00020455 -0.0334669 -0.00242247 0.0459842 -0.0535139 -0.0217086 0.0698909 -0.0358162 0.00684325 -0.0611013 -0.00927196 0.0519721 0.0554895 0.0116034 0.0511969 -0.0262516 -0.0717619 -0.0509333 -0.0298107 -0.00264719 -0.0949207 0.0129251 -0.00922128 -0.0357619 0.0645953 0.0509854 0.0630613 0.0250214 0.0857575 0.0481804
internal_weight=304.651 177.25 69.788 127.401 107.462 55.2586 14.5293 46.457 17.1686 29.2884 31.5846 121.316 117.481 20.4152 8.80162 13.2803 75.8774 40.3442 27.9828 19.6627 35.5332 23.2924 16.9189 10.9382 97.0662 59.5691 50.5045 24.3964 37.4971 19.271
internal_count=1382 796 305 586 491 243 62 203 74 129 140 560 544 88 40 57 351 186 129 90 165 102 75 48 456 281 238 112 175 90
is_linear=0
shrinkage=0.1


Tree=11
num_leaves=31
num_cat=0
split_feature=13 9 10 5 10 16 21 21 3 17 17 17 13 9 17 19 19 16 14 13 13 23 21 16 6 20 9 16 3 4
split_gain=38.8431 9.22213 9.1712 8.02559 10.2954 7.37915 6.93264 4.36432 4.42898 6.48748 4.30285 3.74546 4.33381 3.92184 4.78922 2.94239 5.39099 4.28864 3.57494 2.86968 3.85565 4.65968 3.74065 5.60312 2.76398 5.87989 2.63265 3.82786 3.21832 4.34437
threshold=1484.3850097656252 16.500000000000004 7.5000000000000009 3.5000000000000004 20.500000000000004 284.80128479003912 0.048969576135277755 0.012852981220930816 25643.355468750004 97.955039978027358 109.08076477050783 347.04356384277349 2544.9450683593755 43.500000000000007 120.2380828857422 0.048538323491811759 0.01577678602188826 47.543596267700202 32.744056701660163 644.63000488281261 220.08499908447268 4.5000000000000009 0.014337625820189716 25.445712089538578 4.5000000000000009 0.022462861612439159 54.500000000000007 72.291038513183608 17580.904296875004 2872.271606445313
decision_type=8 2 8 8 10 10 10 10 10 8 8 8 10 2 10 10 10 10 2 10 10 2 10 10 8 10 2 8 10 10
left_child=1 6 -3 10 7 11 19 -5 9 -9 -4 12 26 14 -14 16 17 -8 -18 20 -1 22 -22 -24 -21 -26 28 -28 -2 -30
right_child=5 2 3 4 -6 -7 15 8 -10 -11 -12 -13 13 -15 -16 -17 18 -19 -20 24 21 -23 23 -25 25 -27 27 -29 29 -31
leaf_value=-0.092259233905188726 0.092003699789861212 0.082922417638658541 0.12727061264177342 0.016798318207040513 0.097677035192549777 -0.063322702267576483 -0.037644377142224808 -0.071227125544949296 -0.088927644618444823 0.055975285652638929 -0.0013804014230100513 0.10279535784058461 0.024211229569072082 0.064731304274656995 -0.073711180250927821 0.051867814690306574 -0.12110116192265974 0.094040516882479747 -0.017936355735349813 -0.11571442749661723 -0.056357502658146388 -0.10006278102569321 -0.030277347541749839 0.11729344959647621 -0.09230124432082161 0.025644592664333905 -0.051347521205771088 0.073669505621379125 0.0069360692010536689 0.070308063449428734
leaf_weight=10.945254370570185 22.895614877343178 10.320435017347334 5.0621531456708917 8.3471979647874814 5.2554941922426215 6.1232373714447013 4.5315896719694191 10.018782392144205 24.079196572303772 6.477633908390998 4.9288858473300943 11.418825805187224 12.116844281554227 8.6219398528337461 8.264261916279791 5.9988736510276786 6.2754291146993619 5.0680380910634995 7.7590058743953705 17.920940920710564 5.4352381974458721 5.0981891900300971 4.7981723845005018 5.1776184290647507 15.17836105823517 5.628419116139411 5.3191268891096088 4.3499940633773813 18.485573947429657 27.407466381788254
leaf_count=51 115 45 21 37 24 26 20 46 107 29 21 53 54 39 36 26 29 22 35 90 26 25 22 23 72 25 25 21 86 131
internal_value=-0.000185839 -0.0307195 -0.00393623 -0.0181687 -0.0334892 0.0423012 -0.0505833 -0.0479541 -0.0615294 -0.0206398 0.0634274 0.0478743 0.0418553 0.00837808 -0.0151728 -0.00958691 -0.0257597 0.0310993 -0.0653039 -0.0677126 -0.0443803 -0.0180197 0.00894681 0.0457261 -0.0862423 -0.0599475 0.0540769 0.00405053 0.0609475 0.04507
internal_weight=299.308 174.305 74.4898 64.1693 54.1783 125.003 99.8151 48.9228 40.5756 16.4964 9.99104 118.88 107.461 29.003 20.3811 29.6329 23.6341 9.59963 14.0344 70.1822 31.4545 20.5092 15.411 9.97579 38.7277 20.8068 78.4578 9.66912 68.7887 45.893
internal_count=1382 796 330 285 243 586 466 219 182 75 42 560 507 129 90 132 106 42 64 334 147 96 71 45 187 97 378 46 332 217
is_linear=0
shrinkage=0.1


Tree=12
num_leaves=31
num_cat=0
split_feature=7 19 9 5 20 21 21 17 11 9 20 12 0 20 19 11 21 9 19 5 3 0 21 11 17 12 11 11 17 19
split_gain=24.7429 13.4459 8.67827 12.1899 6.27851 5.48598 5.28876 5.05012 8.89614 4.80149 4.50376 4.33318 4.94994 3.92706 6.77606 4.13749 5.49903 3.92332 3.85265 3.91455 4.26888 3.72046 4.51801 3.28515 3.10694 2.97938 4.98571 3.6512 2.93414 2.8717
threshold=15.500000000000002 0.02504085656255484 16.500000000000004 4.5000000000000009 0.038849536329507835 0.091217204928398146 0.12700960040092471 189.94478607177737 8.8450002670288104 24.500000000000004 0.039047764614224441 5.5000000000000009 16.500000000000004 0.074588574469089522 0.068723909556865706 19.229999542236332 0.098773207515478148 19.500000000000004 0.18368748575448993 7.5000000000000009 31368.990234375004 44.500000000000007 0.045687958598136909 7.7200000286102304 28.691360473632816 12.500000000000002 6.1349999904632577 2.4000000953674321 78.619659423828139 0.0091660837642848509
decision_type=10 8 2 8 8 8 8 10 8 2 10 2 8 8 8 8 10 2 8 10 8 8 8 10 10 2 8 10 8 8
left_child=2 9 4 5 7 17 10 21 -9 -2 29 -3 -13 15 -15 16 24 -4 -17 -20 -21 -1 23 -23 -14 27 -27 -26 -16 -5
right_child=1 11 3 6 -6 -7 -8 8 -10 -11 -12 12 13 14 28 18 -18 -19 19 20 -22 22 -24 -25 25 26 -28 -29 -30 -31
leaf_value=-0.068798713507827805 -0.094105672595498902 -0.048454637408588082 0.0066613646405477749 -0.015659576865826794 -0.10266303471467171 -0.031929643161309328 0.060769325175619386 -0.037981186704673528 0.10077689963350543 0.011574676526085936 0.023301012454854504 -0.030281349397509212 0.14461534509065688 -0.076552609273904532 0.10841379296642389 -0.030946476148612373 0 0.10944375842154425 0.12323246609493527 -0.032140887191680359 0.090983035987729832 -0.11842593868054418 0.054817627147641934 0.003148239395729334 -0.0041227348326362398 0.10485644605642278 -0.0073375896880622142 0.097517837137894886 0.0049145974374616092 -0.094301644955854066
leaf_weight=37.128638088703156 10.702709376811983 5.0742859989404669 5.4248766750097337 6.8876105397939744 17.282613709568977 5.3999981880187979 4.5982347875833502 14.423829346895216 6.6634006947279003 6.8517106622457495 5.9870400428771964 8.0873991400003415 7.071051061153411 6.2673663496971157 5.0209146887063953 8.6956484615802783 9.6988484710454923 13.471367210149763 5.0511071234941509 6.8444157838821384 4.5787586718797693 4.1802231222391093 6.2328382432460794 4.2921773642301559 3.7141787558794013 6.2299734950065613 10.159552767872812 34.861309543251991 6.3746214658021936 16.981845915317535
leaf_count=181 52 24 23 31 84 24 20 65 29 30 26 39 36 28 23 38 47 59 22 30 20 21 28 20 19 32 49 177 28 77
internal_value=-0.000173358 0.0291449 -0.0288365 0.000910184 -0.0483013 0.0551926 -0.0371274 -0.0351574 0.00566201 -0.052459 -0.0526909 0.0404705 0.0442673 0.0496388 0.00560491 0.0575477 0.0698453 0.080653 0.0219659 0.0505163 0.0167044 -0.0519351 -0.00850447 -0.0563508 0.0807764 0.0721345 0.0350803 0.0874876 0.051933 -0.0721864
internal_weight=294.239 145.284 148.955 58.751 90.2037 24.2962 34.4547 72.9211 21.0872 17.5544 29.8565 127.729 122.655 114.568 17.6629 96.9048 71.7349 18.8962 25.1699 16.4743 11.4232 51.8339 14.7052 8.4724 62.0361 54.965 16.3895 38.5755 11.3955 23.8695
internal_count=1382 694 688 260 428 106 154 344 94 82 134 612 588 549 79 470 360 82 110 72 50 250 69 41 313 277 81 196 51 108
is_linear=0
shrinkage=0.1


Tree=13
num_leaves=31
num_cat=0
split_feature=8 16 9 10 21 6 11 9 11 18 17 5 20 16 20 11 14 20 5 20 17 20 17 10 20 17 17 14 19 11
split_gain=21.1187 7.67154 7.60639 7.73933 7.0978 6.12018 5.88614 5.2689 4.98168 4.98795 4.1365 4.36106 5.57068 3.89644 3.77453 3.74862 4.27426 3.73557 3.54517 4.8888 3.17986 4.91663 3.16344 4.73772 3.10971 2.95666 2.6933 4.30518 3.28077 3.13477
threshold=4.5000000000000009 284.80128479003912 17.500000000000004 7.5000000000000009 0.053491577506065376 7.5000000000000009 16.32499980926514 12.500000000000002 23.025000572204593 247.70210266113284 117.58812713623048 3.5000000000000004 0.032973794266581542 84.417781829833999 0.017432235181331638 15.949999809265138 37.268659591674812 0.045072497799992568 7.5000000000000009 0.037839857861399658 81.694877624511733 0.01664292719215155 86.501861572265639 6.5000000000000009 0.0065306657925248155 51.372140884399421 303.84492492675787 36.154924392700202 0.044100292026996619 8.3750000000000018
decision_type=10 10 2 10 10 8 10 2 10 2 8 8 8 8 8 8 2 10 8 8 10 10 10 10 10 10 8 2 8 8
left_child=2 6 4 -4 14 10 7 -2 9 -8 11 -5 20 -7 24 16 -12 18 19 -9 21 -13 23 -16 -1 -11 27 28 29 -6
right_child=1 -3 3 5 26 13 8 17 -10 25 15 12 -14 -15 22 -17 -18 -19 -20 -21 -22 -23 -24 -25 -26 -27 -28 -29 -30 -31
leaf_value=-0.069361568983002372 -0.051081408190509041 -0.068055600694805291 0.084686818416458587 0.092405402792674965 -0.063428072095501831 0.0079813719327234394 -0.09119248800763613 0.076492416260135754 0.052252045372886004 -0.040079711105989665 -0.087622463717067556 0.034739005035938013 -0.11221556550237921 0.13033881790517907 0.014717619556748735 0.023774303888617562 0.0089702047823499286 0.098743933392382022 0.085791177563283666 -0.039722402324448416 0.056750183631239993 -0.10487605112725323 -0.10597954029084339 -0.083800847638391018 -0.0075921054900762513 0.043996610418333457 0.062903710192594692 -0.083874650041849505 0.068502257923703555 0.04124603440539111
leaf_weight=13.005690038204191 3.5545729100704184 6.5406379401683798 9.9855228513479215 4.7034963816404343 6.7178245633840588 6.6210835278034184 6.3538130968809154 6.2841377556323978 19.176229432225227 6.6189646720886257 18.866414666175849 5.5798663944006055 4.4002301394939414 4.4193597882986078 7.4660915583372143 5.7078624069690695 5.7779910862445822 26.504221886396408 11.318212017416956 8.1809589564800262 8.4439523071050626 4.3619293570518494 18.924122929573059 13.077347368001936 22.781840339303017 10.7657273709774 5.8923605531454077 6.1160463243722907 6.559856876730918 4.7345805913209977
leaf_count=65 18 28 46 20 32 35 28 32 83 29 86 27 20 22 36 26 27 140 59 39 40 21 93 67 110 49 26 28 29 21
internal_value=-0.000136206 0.0355304 -0.0205937 0.00277114 -0.0381785 -0.00906438 0.042554 0.0639823 0.0143542 -0.0159313 -0.0222287 0.00554949 -0.0122678 0.0585876 -0.0545662 -0.0476509 -0.064627 0.072078 0.0440044 0.0102573 0.0115892 -0.0259552 -0.0760493 -0.0476141 -0.0304494 0.0113677 0.00261462 -0.0118947 0.0123221 -0.0193063
internal_weight=289.441 105.297 184.143 78.8677 105.276 68.8822 98.7568 55.8421 42.9147 23.7385 57.8417 27.4895 22.786 11.0404 75.2551 30.3523 24.6444 52.2875 25.7833 14.4651 18.3857 9.9418 39.4676 20.5434 35.7875 17.3847 30.0207 24.1283 18.0123 11.4524
internal_count=1382 505 877 370 507 324 477 288 189 106 267 128 108 57 371 139 113 270 130 71 88 48 196 103 175 78 136 110 82 53
is_linear=0
shrinkage=0.1


Tree=14
num_leaves=31
num_cat=0
split_feature=7 12 19 6 11 10 20 14 0 16 4 18 21 0 0 18 11 11 23 7 18 19 18 18 19 11 20 14 18 4
split_gain=17.7006 10.0684 8.02531 5.63098 4.80743 4.75741 4.3933 4.26215 4.96709 4.35818 4.41842 6.56012 4.19409 4.19548 3.98342 3.80576 5.22058 3.73535 4.38478 4.07644 3.68389 4.96461 3.57839 4.96735 3.24475 3.15821 3.13933 10.9597 3.97263 4.17618
threshold=15.500000000000002 3.5000000000000004 0.019560484215617183 2.5000000000000004 1.2050000429153445 9.5000000000000018 0.030950234271585945 34.996385574340827 16.500000000000004 280.92321777343756 3387.339233398438 177.9842224121094 0.02455667965114117 45.500000000000007 37.500000000000007 379.29814147949224 6.7249999046325692 16.925000190734867 5.5000000000000009 29.500000000000004 317.78062438964849 0.055361920967698104 302.39837646484381 274.08045959472662 0.099279329180717482 10.00500011444092 0.026101528666913513 33.190485000610359 337.57160949707037 2631.176147460938
decision_type=10 2 8 8 10 8 8 2 8 10 10 2 10 8 10 2 10 8 2 10 2 10 2 2 10 8 10 2 2 8
left_child=3 -2 -3 -1 -5 6 12 8 -4 10 11 -10 13 -6 17 -14 -17 19 -19 -9 22 -22 23 24 -13 -26 28 -28 -7 -30
right_child=1 2 7 4 5 26 -8 14 9 -11 -12 20 15 -15 -16 16 -18 18 -20 -21 21 -23 -24 -25 25 -27 27 -29 29 -31
leaf_value=-0.1170583341323557 -0.10500556477926225 -0.056020194071390708 -0.065953369706061124 0.045264182455468767 -0.05345830502658229 -0.096772755728286072 -0.050244668282896504 0.10033496592612544 -0.073498043875215635 -0.063522946276076409 0.076760871923503948 0.11347480557528999 0.0015737095031539358 0.054290717208221373 0.12428594186309608 0.0072360251411477915 0.14410757670972682 -0.072955452860671732 0.050938047681684688 -0.015287377087953517 -0.098767810781211399 0.036464509711441308 0.12263854957186354 -0.012464950673712468 0.089212359043412126 -0.012771187691854986 0.048031445744115213 -0.091629419525695546 0.039412712752303222 -0.053726151175316796
leaf_weight=6.2610545083880416 5.5754468291997901 9.7281212359666807 5.4616664201021186 10.140392914414404 13.321362361311914 17.072057902812958 15.33989594876766 14.020847856998449 6.2135635614395133 4.4149271249771109 20.530987933278084 8.5331743061542529 13.390261232852938 4.7760574817657462 8.9376686215400678 5.4308603107929212 6.0239055603742599 4.5395050942897779 7.309030219912529 3.6752316802740088 4.3268588185310346 6.8126955926418304 5.6433050334453574 12.784488856792448 5.1838610023260197 6.7650623768567941 12.857218474149706 9.7845528721809369 5.7908037006855038 24.341582357883453
leaf_count=39 28 47 26 47 66 81 74 74 27 19 102 43 60 22 46 25 26 22 33 19 20 33 30 63 30 32 58 46 26 118
internal_value=-0.000102767 0.0251337 0.030661 -0.0246975 -0.0203614 -0.0256644 -0.00436397 0.0375179 0.0249848 0.0312974 0.0369542 0.0221405 0.0118719 -0.0243308 0.0653482 0.0386351 0.0807046 0.0468222 0.00242074 0.0758089 0.0343362 -0.0155845 0.0488877 0.035747 0.06624 0.0310161 -0.0432637 -0.0120203 -0.0579812 -0.0354249
internal_weight=284.986 140.456 134.881 144.53 138.269 128.129 58.2823 125.153 86.6706 81.2089 76.794 56.263 42.9424 18.0974 38.4823 24.845 11.4548 29.5446 11.8485 17.6961 50.0494 11.1396 38.9099 33.2666 20.4821 11.9489 69.8462 22.6418 47.2044 30.1324
internal_count=1382 694 666 688 649 602 273 619 425 399 380 278 199 88 194 111 51 148 55 93 251 53 198 168 105 62 329 104 225 144
is_linear=0
shrinkage=0.1


Tree=15
num_leaves=31
num_cat=0
split_feature=13 12 9 9 7 13 9 21 21 7 23 7 19 9 18 11 21 11 6 7 10 0 21 16 12 19 21 21 8 23
split_gain=21.27 7.42039 8.58738 6.17823 6.32954 6.96999 6.08614 5.75187 4.49081 4.52754 4.38797 4.33973 4.03589 4.17942 3.7636 3.81235 3.34681 3.31557 5.46017 3.29335 5.18103 3.78104 4.28438 3.23351 3.1722 2.91032 2.82433 5.01024 2.70076 2.69244
threshold=1166.340026855469 1.5000000000000002 14.500000000000002 10.500000000000002 7.5000000000000009 2767.2500000000005 18.500000000000004 0.087655428797006621 0.06245378032326699 28.500000000000004 4.5000000000000009 6.5000000000000009 0.062556821852922453 17.500000000000004 171.40894317626956 1.4950000047683718 0.077752683311700835 3.2000000476837163 6.5000000000000009 3.5000000000000004 11.500000000000002 26.500000000000004 0.019071152433753017 88.12802886962892 6.5000000000000009 0.098048467189073576 0.042969921603798873 0.026497678831219677 1.0000000180025095e-35 5.5000000000000009
decision_type=8 2 2 2 8 8 2 8 8 8 2 8 8 2 2 8 10 8 10 8 8 10 10 8 2 8 10 10 10 2
left_child=1 2 11 7 6 14 -5 -2 25 16 12 -1 13 17 -6 -16 -10 -3 19 -19 21 -21 -23 -18 -15 -7 27 -27 -12 -17
right_child=3 10 -4 4 5 8 -8 -9 9 -11 28 -13 -14 24 15 29 23 18 -20 20 -22 22 -24 -25 -26 26 -28 -29 -30 -31
leaf_value=0.047850973628176009 -0.060147160432542028 -0.086327459114222307 0.13437221779974737 -0.11674402322916753 -0.023800355430909539 -0.098723517921884954 0.038442768336794692 0.064270897120834725 0.10276873072615722 -0.049264664559568953 -0.13482540606515467 -0.089772845851526339 -0.11332668889533606 0.06724293354417861 0.13862751545988924 0.035970406192256985 0.077094260586595409 -0.11246600425869711 0.084306188814449068 0.086834335878636537 -0.10117232574568219 -0.1075404934678155 0.014689683589825695 -0.04379203441359783 -0.033498188610697914 -0.063362332007869338 -0.063032761393746389 0.064527308684527412 -0.056995592669086062 0.073644678151279092
leaf_weight=4.1526234894990894 15.01570685207844 9.0000937059521711 5.2830888479948035 5.4938913732767087 6.1756723523139945 4.5048617571592358 4.4109907746315002 4.7696008682250968 8.7217233180999809 4.7461995780467978 5.397702917456626 4.7601082175970086 4.693470984697341 8.6454071104526502 5.2580217123031643 53.638840861618519 4.1295031160116169 4.424665011465545 4.4122725725173941 4.4149582982063356 5.6925345286726943 3.8079551234841338 10.366074517369269 4.4632757455110559 4.6384549289941779 4.7036249637603786 6.4928409904241553 8.2091309577226621 35.242426499724388 31.376136228442192
leaf_count=19 73 47 24 26 29 20 20 23 43 21 28 26 22 39 28 261 20 23 19 21 31 21 49 20 22 21 29 38 175 172
internal_value=0.000455612 -0.0328041 0.0343124 0.02273 0.0295919 0.0350139 -0.0469409 -0.0294787 0.00272861 0.0353818 -0.0423861 -0.0247221 -0.0248929 -0.0170303 0.05028 0.0554793 0.0593088 -0.0325581 -0.0174291 -0.0336519 -0.0184776 0.00671697 -0.0179711 0.0133715 0.0313316 -0.0270039 -0.0094213 0.0170446 -0.0678837 0.0500624
internal_weight=287.042 114.932 14.1958 172.11 152.325 142.42 9.90488 19.7853 45.9712 22.0607 100.736 8.91273 60.0959 55.4024 96.4487 90.273 17.3145 42.1186 33.1185 28.7062 24.2815 18.589 14.174 8.59278 13.2839 23.9105 19.4056 12.9128 40.6401 85.015
internal_count=1410 566 69 844 748 702 46 96 212 104 497 45 294 272 490 461 83 211 164 145 122 91 70 40 61 108 88 59 203 433
is_linear=0
shrinkage=0.1


Tree=16
num_leaves=31
num_cat=1
split_feature=9 5 6 19 2 5 19 16 16 20 9 7 5 14 18 8 17 17 11 14 17 11 16 14 3 16 7 4 5 20
split_gain=11.645 4.9772 4.71442 4.60435 4.83443 5.1924 4.51416 5.51817 4.84921 4.591 4.53737 5.11007 5.55944 4.30425 4.05722 3.8495 6.30286 6.38256 3.69924 5.60384 3.50197 3.29705 3.20188 3.16882 5.28984 6.62118 3.90608 3.25562 3.15629 3.78191
threshold=18.500000000000004 7.5000000000000009 2.5000000000000004 0.17397863417863849 0 2.5000000000000004 0.028370487503707412 60.407989501953132 51.605234146118171 0.048055797815322883 7.5000000000000009 4.5000000000000009 3.5000000000000004 38.758640289306648 177.9842224121094 4.5000000000000009 70.861930847167983 142.4653015136719 21.585000038146976 32.985029220581062 139.74471282958987 17.079999923706058 288.09851074218756 30.233093261718754 19523.657226562504 124.44395446777345 18.500000000000004 3275.6279296875005 7.5000000000000009 0.033530766144394882
decision_type=2 10 8 10 1 10 8 8 8 8 2 8 8 2 2 10 10 8 8 2 10 10 8 2 10 8 8 8 8 8
left_child=2 3 -1 4 15 -6 9 8 -8 10 11 -4 20 22 -3 16 -2 -18 -16 -20 -13 -17 23 24 -7 -26 -25 -28 29 -9
right_child=1 14 6 -5 5 13 7 28 -10 -11 -12 12 -14 -15 18 21 17 -19 19 -21 -22 -23 -24 26 25 -27 27 -29 -30 -31
leaf_value=-0.12002706649229099 -0.077277575184824199 -0.033641957829602984 -0.072751955764012152 0.097504396544251276 0.079845042258404164 0.10579474269231542 -0.0069408386225513641 0.094301940176558699 -0.12295761379147363 -0.10488075201426234 -0.045418284961291328 0.0091622254836551172 -0.027172323452517091 0.045917544255953152 0.064937585255894936 0.118103230707095 0.10502702946894914 -0.030984985540927448 0.067336041283828738 -0.056919478703833432 0.13441648054439445 0.012561911346869079 -0.10899011027028396 -0.014017126903965508 -0.097106464666509962 0.049800209570938669 -0.14886441329380951 -0.029057824690008307 0.11256987686477032 -0.0094154546849050513
leaf_weight=4.6329138204455367 6.2541410177946117 6.3068159520626059 5.4133627116680172 4.8919395878911009 4.4430906176567069 3.7098628282546988 29.052535533905029 4.8560759574174908 4.057087540626525 8.1975052580237371 39.494490601122379 3.849152192473408 7.2995314747095152 6.0898582041263571 41.145325347781181 7.4311038032174093 7.4544902741909 6.1271515488624582 7.207167059183119 7.0848744660615921 5.9446240365505219 5.2977096736431122 6.2530774325132361 11.099343314766886 6.5402475446462605 5.5229450911283502 5.8925243616104099 4.1252032667398462 4.9816353768110302 11.588832795619963
leaf_count=33 30 29 28 26 22 20 136 23 20 47 201 20 38 29 221 41 36 30 33 31 26 25 28 52 31 26 28 21 25 54
internal_value=0.000375658 0.01909 -0.02166 0.00410404 -0.00118499 -0.0184867 -0.0178331 0.00358485 -0.0217855 -0.034596 -0.0249883 0.0104619 0.0376668 -0.0314547 0.0410048 0.0250019 0.00448665 0.0431584 0.0497223 0.00507756 0.0867899 0.0753969 -0.0426883 -0.0309151 0.0024114 -0.0291689 -0.0561732 -0.101292 0.0431723 0.0209921
internal_weight=282.245 152.877 129.368 91.1327 86.2407 53.6762 124.735 54.5362 33.1096 70.1987 62.0012 22.5067 17.0933 49.2331 61.7442 32.5646 19.8358 13.5816 55.4374 14.292 9.79378 12.7288 43.1432 36.8901 15.7731 12.0632 21.1171 10.0177 21.4265 16.4449
internal_count=1410 759 651 445 419 257 618 258 156 360 313 112 84 235 314 162 96 66 285 64 46 66 206 178 77 57 101 49 102 77
cat_boundaries=0 1
cat_threshold=21
is_linear=0
shrinkage=0.1


Tree=17
num_leaves=31
num_cat=0
split_feature=13 12 9 9 7 13 9 21 7 21 11 23 3 9 11 20 21 20 17 0 4 9 12 3 8 7 8 9 21 12
split_gain=15.8603 6.26235 6.87271 4.5623 4.98314 5.83244 4.84111 4.69605 4.45957 4.19827 3.94145 3.79976 6.46654 3.90639 3.66323 3.28213 3.15476 3.07472 3.93253 3.41235 3.16022 3.00975 2.83831 2.74884 2.62332 3.17167 2.49409 2.45092 3.00278 3.44095
threshold=1166.340026855469 1.5000000000000002 14.500000000000002 10.500000000000002 7.5000000000000009 2984.2749023437505 18.500000000000004 0.087655428797006621 26.500000000000004 0.02455667965114117 7.4449999332427987 4.5000000000000009 14562.600097656252 17.500000000000004 1.4950000047683718 0.073023993521928801 0.08583413809537889 0.010987783316522838 200.93138122558597 29.500000000000004 2450.149536132813 7.5000000000000009 12.500000000000002 18859.386718750004 3.5000000000000004 9.5000000000000018 1.0000000180025095e-35 13.500000000000002 0.070030525326728835 5.5000000000000009
decision_type=8 2 2 2 8 8 2 8 8 8 10 2 10 2 8 10 10 8 10 10 8 2 2 8 8 8 10 2 10 2
left_child=1 2 10 7 6 14 -5 24 9 -7 -1 12 -3 17 -6 16 27 20 19 -19 -14 -22 -11 -10 25 -2 -13 -16 29 -29
right_child=3 11 -4 4 5 8 -8 -9 23 22 -12 26 13 -15 15 -17 -18 18 -20 -21 21 -23 -24 -25 -26 -27 -28 28 -30 -31
leaf_value=-0.081479520065359343 -0.025539205907622493 -0.11784569505569108 0.12272227165213434 -0.10768131234685192 0.12054223734661842 -0.066591826849713792 0.032652370482257907 0.059405561049090977 0.0076735867296114915 0.076000382814278011 0.052061988932226994 -0.12907727948018163 0.08288511129126061 0.03870564112480139 0.11492166704967953 -0.028978097861872432 -0.00076927205971392054 -0.0071888934697000141 0.012701431127310897 -0.10310890621133369 0.033953539790118635 -0.072664692004300133 0 -0.076549283402910936 0 -0.14706212619153999 -0.051654415192871228 -0.030752628458027283 0.099363267970603325 0.045811636272849107
leaf_weight=4.7706586048006994 4.6584262177348128 6.123212441802024 5.2519504576921454 5.2224230915307981 5.8658703342080134 3.9434000253677395 4.3500916957855225 4.7292241901159278 6.120624661445615 11.642424434423448 3.8760673254728317 4.9889637455344191 4.2431875318288776 12.462052166461943 5.810582920908927 6.4521548524498931 13.092218935489653 5.76041808724404 7.5618215799331656 11.749406740069388 5.1550672352313995 5.1161678656935692 8.0603462159633619 9.5309749469161034 5.6151610612869272 4.4018366932868966 34.174105063080788 6.3799483925104132 9.2711087465286237 52.254869915544987
leaf_count=25 24 30 24 26 33 18 20 23 28 59 20 28 19 58 28 32 65 30 38 67 26 26 39 42 27 22 175 29 49 280
internal_value=0.000342582 -0.0288746 0.0333565 0.0198218 0.0258337 0.0307073 -0.0431966 -0.0254147 -0.00164966 0.0254574 -0.0205628 -0.0378885 -0.0213547 -0.00960703 0.0436244 0.0385554 0.0437175 -0.0251275 -0.0463455 -0.0723408 0.0109058 -0.0183781 0.0446288 -0.0431391 -0.0536423 -0.0866325 -0.0620756 0.0517443 0.0460303 0.0372724
internal_weight=278.635 111.233 13.8987 167.402 147.997 138.425 9.57251 19.4046 39.2978 23.6462 8.64673 97.3344 58.1713 52.0481 99.1268 93.2609 86.8087 39.5861 25.0716 17.5098 14.5144 10.2712 19.7028 15.6516 14.6754 9.06026 39.1631 73.7165 67.9059 58.6348
internal_count=1410 566 69 844 748 702 46 96 186 116 45 497 294 264 516 483 451 206 135 97 71 52 98 70 73 46 203 386 358 309
is_linear=0
shrinkage=0.1


Tree=18
num_leaves=31
num_cat=0
split_feature=9 6 16 23 19 17 11 11 7 17 17 7 21 21 7 18 17 0 19 17 14 11 12 11 19 0 23 14 0 16
split_gain=8.72523 4.63799 4.5916 4.57816 6.79091 4.06655 3.92525 5.26678 4.83633 4.43142 4.03607 3.90047 3.35683 6.48838 4.30827 5.45636 4.84317 4.00466 3.99126 5.81624 3.67916 3.55123 7.54497 4.18988 5.19687 3.43857 3.22005 3.21268 2.97889 6.4206
threshold=24.500000000000004 2.5000000000000004 237.55194854736331 4.5000000000000009 0.024060011841356758 286.86076354980474 19.015000343322757 12.105000019073488 30.500000000000004 30.394696235656742 74.326789855957045 18.500000000000004 0.044571101665496833 0.069333534687757506 2.5000000000000004 327.81533813476568 52.616556167602546 40.500000000000007 0.026101120747625831 130.59761810302737 32.444622039794929 8.1050000190734881 6.5000000000000009 4.5150001049041757 0.010267661884427072 29.500000000000004 5.5000000000000009 32.911556243896491 37.500000000000007 72.291038513183608
decision_type=2 8 8 2 10 8 8 10 10 10 10 10 10 10 10 2 8 8 10 10 2 10 2 8 8 10 2 2 8 8
left_child=1 -1 3 -2 26 -4 7 8 12 -9 -11 -12 14 17 -3 20 -17 -14 -15 -20 -16 23 -23 24 -18 -25 -5 -21 29 -8
right_child=2 6 5 4 -6 -7 28 9 -10 10 11 -13 13 18 15 16 21 -19 19 27 -22 22 -24 25 -26 -27 -28 -29 -30 -31
leaf_value=-0.11673380401579772 0.081666198281755475 -0.092323506064243985 -0.041424268940245548 -0.069197214622949643 0.044724523646612974 0.057102319284323924 -0.074962555796762295 0.024042846881739979 0.09186598416704625 -0.13645571471079568 -0.080889770933512795 0.018033857792092507 0.087889758001632498 -0.087451124267980851 -0.12029455817094303 0.084386504462617917 -0.054317912342250765 -0.0040697790121843351 -0.090126052134080495 -0.0063772617642108981 -0.011563914555750759 0.067427689918400965 -0.069498202198993178 0.0019750584661324222 0.059511163922977034 -0.10483792211631414 0.0073162017061410697 0.11227020146049969 0.098285967255616516 0.074308685422500312
leaf_weight=4.1846684142947188 16.115879662334919 8.0408437550067884 16.935127913951877 8.8290868848562241 44.348377622663975 5.3983263820409766 5.1819442808628091 5.6399674788117435 4.6578581929206839 7.0877643227577236 10.726001501083376 6.0317712128162375 12.329268380999567 7.0328503698110607 7.1693806499242765 5.8539323061704627 7.9301735758781478 7.3115859627723685 4.1503130346536627 4.3721160739660245 5.8683579862117767 12.396750815212728 5.7879408970475188 4.0809697359800294 7.899917498230935 9.7230110466480237 13.770472571253777 4.3368649929761887 5.0466773808002463 6.2157086879014978
leaf_count=33 85 44 78 44 242 27 24 29 25 36 55 30 61 34 38 30 40 34 21 20 33 62 32 22 39 52 67 20 24 29
internal_value=0.000278451 -0.0137605 0.0228834 0.0337386 0.0219476 -0.0170148 -0.0110171 -0.0162039 -0.00671012 -0.0540109 -0.0729132 -0.0447944 -0.010892 0.0124898 -0.0233915 -0.0148074 -0.000479928 0.0533028 -0.0273723 0.00513484 -0.072576 -0.0112323 0.0231574 -0.0326785 0.00187709 -0.0727537 -0.0223083 0.0521749 0.0350096 0.00551103
internal_weight=274.454 169.057 105.397 83.0638 66.9479 22.3335 164.872 148.428 118.942 29.4855 23.8455 16.7578 114.284 39.533 74.7513 66.7104 53.6727 19.6409 19.8921 12.8593 13.0377 47.8188 18.1847 29.6341 15.8301 13.804 22.5996 8.70898 16.4443 11.3977
internal_count=1410 867 543 438 353 105 834 757 607 150 121 85 582 190 392 348 277 95 95 61 71 247 94 153 79 74 111 40 77 53
is_linear=0
shrinkage=0.1


Tree=19
num_leaves=31
num_cat=0
split_feature=13 12 9 7 7 9 10 10 17 9 18 11 10 11 11 12 12 3 0 0 11 11 18 5 9 3 17 17 7 10
split_gain=11.6176 4.91505 5.05104 3.76191 3.57373 3.71512 4.45516 3.39035 3.28484 4.1097 4.80197 4.8035 4.31153 3.6876 3.67709 3.12341 4.50772 5.48161 5.05755 4.2212 3.53774 3.14854 3.12892 3.11558 4.86195 4.02231 4.42317 4.92484 3.54558 3.28105
threshold=1166.340026855469 1.5000000000000002 14.500000000000002 6.5000000000000009 7.5000000000000009 18.500000000000004 7.5000000000000009 13.500000000000002 347.04356384277349 10.500000000000002 177.9842224121094 21.095000267028812 22.500000000000004 11.704999923706056 4.7850000858306894 3.5000000000000004 6.5000000000000009 43418.169921875007 32.500000000000007 43.500000000000007 4.1150000095367441 4.3550000190734872 391.69921875000006 7.5000000000000009 19.500000000000004 18243.469726562504 80.383480072021499 230.86643981933597 22.500000000000004 15.500000000000002
decision_type=8 2 2 8 10 2 8 8 8 2 2 10 10 10 10 2 2 8 8 10 8 10 2 8 2 10 10 8 10 10
left_child=1 2 3 -1 5 6 -2 15 9 13 -11 23 -13 -6 -10 21 17 19 -18 -17 -19 -3 -20 24 -12 -26 -27 29 -25 -28
right_child=4 7 -4 -5 8 -7 -8 -9 14 10 11 12 -14 -15 -16 16 18 20 22 -21 -22 -23 -24 28 25 26 27 -29 -30 -31
leaf_value=0.049928582963307822 0.01042935732081663 -0.11843922524643852 0.10669476676802143 -0.081518104808209493 -0.083620454506838027 0.033617373192240327 -0.11562276933826668 -0.061612550461844287 -0.023408404477948997 -0.049613825586491508 0.068328914992762779 -0.047979682509143161 0.058471494149904463 0.031810639485359275 0.083735707125423511 0.11531817689568616 -0.093758282723068131 -0.10121920507644655 0.045141182655631329 -0.0031696615841262351 0.0089645594275805408 -0.025864848071024273 -0.06434859310538131 0.096886600197656242 0.054501886311722092 -0.089070815470359568 0.10775882359820783 -0.073859717046801013 0.033537390793328591 0.0013441542999349618
leaf_weight=4.0992909967899296 4.7459272146224984 5.5484578385949161 5.2342026382684699 4.3439487740397462 7.2313627079129201 6.4499274641275397 6.2612088918685922 29.53370974957943 3.8486325144767788 8.4775470197200757 14.995578914880751 13.472646877169611 5.1307738721370688 4.2219542860984802 14.973147727549074 7.5475312173366564 9.7212064266204852 3.9038126543164253 6.9925801977515203 4.6815001219511032 10.189000517129896 11.902839101850985 4.0112972557544708 15.217327035963534 9.8354646340012533 6.7827819958329227 4.3649939596653011 5.4971364289522162 23.034109227359295 8.8213216662406904
leaf_count=19 25 32 24 26 36 30 33 161 20 38 73 60 24 21 75 37 52 22 35 24 53 61 20 87 58 33 22 27 135 47
internal_value=0.000213131 -0.0252317 0.030233 -0.0166913 0.017056 -0.0253328 -0.0607682 -0.0334291 0.0222101 0.0162997 0.0220222 0.027824 -0.0179304 -0.0402973 0.0612907 -0.0202938 -0.00660681 0.0205783 -0.0415464 0.0694899 -0.0213507 -0.0563748 0.00410769 0.0375588 0.0208274 0.000231 -0.0204693 0.00424476 0.0591869 0.0378686
internal_weight=271.071 107.709 13.6774 8.44324 163.362 17.4571 11.0071 94.0319 145.905 127.083 115.63 107.152 18.6034 11.4533 18.8218 64.4982 47.0469 26.3218 20.7251 12.229 14.0928 17.4513 11.0039 88.5487 50.2973 35.3017 25.4662 18.6835 38.2514 13.1863
internal_count=1410 566 69 45 844 88 58 497 756 661 604 566 84 57 95 336 243 136 107 61 75 93 55 482 260 187 129 96 222 69
is_linear=0
shrinkage=0.1


Tree=20
num_leaves=31
num_cat=0
split_feature=13 3 21 11 7 13 9 11 11 7 9 9 9 3 3 21 12 9 14 6 21 21 16 9 20 14 14 6 21 8
split_gain=8.35758 5.38129 5.01377 5.43353 4.2421 4.78548 5.654 5.03648 4.19536 3.49216 5.59204 6.44144 6.11201 4.83314 5.89006 6.11544 3.95019 3.58462 3.60021 3.14429 4.32343 3.46457 3.88454 5.81157 3.08457 3.19619 6.16752 3.04198 2.93359 2.85404
threshold=1081.7249755859377 9714.9301757812518 0.01220253109931946 29.164999961853031 7.5000000000000009 2592.6149902343755 37.500000000000007 17.675000190734867 8.4650001525878924 8.5000000000000018 5.5000000000000009 7.5000000000000009 19.500000000000004 25643.355468750004 85695.867187500015 0.029625391587615017 4.5000000000000009 12.500000000000002 33.87727355957032 4.5000000000000009 0.047983184456825263 0.10803436860442163 234.7972106933594 33.500000000000007 0.041402999311685569 35.689926147460945 29.670475006103519 9.5000000000000018 0.031185855157673362 7.5000000000000009
decision_type=8 10 8 8 8 8 2 8 10 8 2 2 2 8 10 8 2 2 2 8 8 10 8 2 10 2 2 10 10 10
left_child=9 -2 -3 4 8 19 24 -8 -4 10 -1 -12 28 17 -15 -16 -14 -11 -19 20 -6 22 27 -24 -7 26 -26 -21 -13 -9
right_child=1 2 3 -5 5 6 7 29 -10 13 11 12 16 14 15 -17 -18 18 -20 21 -22 -23 23 -25 25 -27 -28 -29 -30 -31
leaf_value=-0.080114921233455594 0.055981517492035421 0.091844776742783407 -0.010271383613205435 0.086995416386119961 -0.073099485873839007 -0.12439042957927225 0.071018823214789237 -0.074651557404559851 -0.1212807074163671 0.060353630343080736 0.11550231151895302 -0.0025286762083231002 0.12683829102091346 -0.096978427213483209 0.058119040789870305 -0.082232889033323597 -0.0029962499411755822 0.013643864351845066 -0.099691799546054199 0.044659806075720156 0.027059089171870498 -0.066386985866680334 0.03355454012225937 -0.11605697381365632 -0.074747480378870454 -0.1108519866318444 0.083786849678735342 -0.047893469216597477 -0.079470899381134538 0.026955433004955526
leaf_weight=8.7029555439949018 19.333145909011364 5.6238401085138312 8.0491772666573507 6.2158183455467215 9.1714776456356066 6.4547687023878124 7.6341856569051743 6.7205434739589709 6.1220106929540625 5.7240559160709408 4.7910592854022971 10.934064589440828 4.3587121441960317 23.942196257412434 6.158810414373872 6.0188933461904535 4.6233285665512085 6.0562383681535703 4.8899974897503853 49.669870652258396 7.7929874360561362 4.0774652957916251 6.0821156650781614 4.3119407370686531 5.6540357917547208 4.2233204990625373 4.162780299782753 3.640607811510562 9.4192047044634801 4.3961639404296875
leaf_count=51 106 29 42 30 46 29 43 30 32 30 23 62 21 131 32 34 23 29 25 277 38 20 29 22 26 20 22 21 48 20
internal_value=-0.00682995 0.00646838 0 -0.00358269 -0.00778999 -0.00176287 -0.0306571 0.00855687 -0.0594424 -0.0304671 -0.0089295 0.00911316 -0.00825601 -0.0477018 -0.068222 -0.0105409 0.0596103 -0.00250228 -0.0365253 0.0115205 -0.0266146 0.0212374 0.0270978 -0.0280729 -0.0668871 -0.0390508 -0.00634627 0.0380742 -0.0388398 -0.0336969
internal_weight=264.956 169.336 150.003 144.379 138.163 123.992 39.2458 18.7509 14.1712 95.6195 42.8293 34.1264 29.3353 52.7902 36.1199 12.1777 8.98204 16.6703 10.9462 84.7465 16.9645 67.782 63.7045 10.3941 20.4949 14.0401 9.81682 53.3105 20.3533 11.1167
internal_count=1391 882 776 747 717 643 190 93 74 509 228 177 154 281 197 66 44 84 54 453 84 369 349 51 97 68 48 298 110 50
is_linear=0
shrinkage=0.1


Tree=21
num_leaves=31
num_cat=1
split_feature=5 2 3 18 12 8 20 14 20 3 19 17 0 3 14 20 12 18 16 16 9 14 21 14 9 14 20 7 8 7
split_gain=6.09617 4.31252 7.27923 5.73837 5.49496 5.13891 4.9949 4.46828 3.96157 3.59063 5.18526 4.16922 4.50912 3.43976 3.31448 3.16488 3.15565 5.10077 4.95792 3.54798 3.02366 3.47856 3.00504 4.50083 4.53174 4.2695 4.14007 4.32202 4.38858 5.28856
threshold=8.5000000000000018 0 9714.9301757812518 704.28817749023449 11.500000000000002 1.5000000000000002 0.051529524847865112 34.904998779296882 0.073023993521928801 15538.214843750002 0.013858122285455467 155.81101989746097 43.500000000000007 45734.960937500007 25.112949371337894 0.073023993521928801 3.5000000000000004 434.00259399414068 118.81855392456056 199.73887634277347 51.500000000000007 36.154924392700202 0.10205605626106264 32.87658882141114 8.5000000000000018 27.941062927246097 0.0064009348861873159 13.500000000000002 2.5000000000000004 19.500000000000004
decision_type=10 1 8 2 2 8 10 2 8 10 8 10 8 8 2 10 2 2 8 10 2 2 10 2 2 2 10 8 10 10
left_child=1 4 -3 7 6 -5 -1 13 -6 -9 -11 12 -12 22 -2 20 -15 19 -19 -18 21 -16 23 24 25 -4 -26 -28 -29 -30
right_child=14 2 3 5 8 -7 -8 9 -10 10 11 -13 -14 16 15 -17 17 18 -20 -21 -22 -23 -24 -25 26 -27 27 28 29 -31
leaf_value=-0.053733379396962905 -0.029197143920558728 0.10600100650180935 0.014787984776874086 -0.020324237877973966 0.046066419192067165 0.1045597831211367 0.033535464757531261 -0.065011786706551819 -0.064603507731129745 -0.033985696982023687 0.050259548871206296 -0.0082890800429277559 0.1773191607392357 -0.11718681109244322 0.063993007547710951 -0.0322516997000925 -0.12767732779348626 -0.074814303618774586 0.065310232637967286 -0.01180738836495511 0.11658402459094624 -0.026091059969937509 -0.065770836956443549 -0.064095801904365826 -0.061535059388874304 -0.13376527321671183 0.10970935956932373 -0.064519598854766852 -0.03993794321727024 0.10003883834219805
leaf_weight=61.835953079164028 7.2844463214278212 6.03021565824747 4.0708019882440558 5.1872846186161015 12.926508717238905 8.2892124876379967 7.1216894164681426 4.6520476639270774 4.1543568074703208 9.4558148086070997 12.294857010245329 7.3139976710081092 3.7435172125697127 6.2201588824391392 14.303801707923421 4.3612971305847159 6.744886592030527 3.8465300872921917 6.8093667924404153 4.6721489131450653 6.6291796267032614 5.8515307530760756 8.1562675163149816 8.6735438182950002 3.6845385059714344 3.388326071202755 8.0522999018430728 4.3616084456443778 3.95018422603607 7.6493834629654884
leaf_count=330 36 36 20 30 68 41 35 24 20 52 70 38 19 34 83 21 35 22 35 23 40 32 40 45 19 20 37 21 21 44
internal_value=-0.00625774 -0.0126233 -0.000402142 -0.00547579 -0.0286109 0.055958 -0.0445403 -0.0126339 0.0183482 0.0156904 0.0276002 0.0530025 0.0814512 -0.025978 0.0304043 0.0447129 -0.0540599 -0.0353714 0.0135735 -0.0816428 0.0576903 0.0373463 -0.0104284 0 0.0159453 -0.0522467 0.0347911 0.0501796 0.0190286 0.0515817
internal_weight=261.716 223.286 137.247 131.217 86.0385 13.4765 68.9576 117.74 17.0809 37.4602 32.8082 23.3524 16.0384 80.28 38.4303 31.1458 28.2931 22.0729 10.6559 11.417 26.7845 20.1553 51.987 43.8307 35.1571 7.45913 27.698 24.0135 15.9612 11.5996
internal_count=1391 1179 726 690 453 71 365 619 88 203 179 127 89 416 212 176 149 115 57 58 155 115 267 227 182 40 142 123 86 65
cat_boundaries=0 1
cat_threshold=34
is_linear=0
shrinkage=0.1


Tree=22
num_leaves=31
num_cat=0
split_feature=13 18 20 14 0 13 19 21 16 14 19 10 4 5 13 0 20 12 16 10 13 19 19 7 20 14 21 10 18 8
split_gain=6.1651 4.19969 6.32687 3.6083 8.20812 4.79438 8.68813 4.14357 3.29573 2.95535 7.19173 3.92742 2.86662 2.56016 4.18855 5.30823 5.01752 5.27235 4.13731 3.96046 3.91311 3.24967 3.42541 2.99197 4.47403 2.62943 2.4847 2.81456 4.36835 4.82546
threshold=1046.4900512695315 674.73272705078136 0.015175783541053535 37.703630447387702 43.500000000000007 756.42999267578136 0.028519758023321632 0.023094576783478264 280.92321777343756 28.963175773620609 0.0064811771735548982 5.5000000000000009 8333.7275390625018 8.5000000000000018 2197.970092773438 21.500000000000004 0.045072497799992568 15.500000000000002 82.228347778320327 16.500000000000004 3343.930053710938 0.085301943123340621 0.19665245711803439 21.500000000000004 0.036276282742619521 32.677000045776374 0.094612870365381255 6.5000000000000009 285.25408935546881 3.5000000000000004
decision_type=8 2 10 2 8 10 10 10 10 2 10 8 8 8 10 8 10 2 8 10 8 8 10 8 8 2 10 8 2 8
left_child=1 3 12 5 -5 6 7 -1 13 10 -9 -11 -3 14 16 18 17 23 -16 -18 -15 -17 25 26 -25 -23 27 -2 -29 -30
right_child=8 2 -4 4 -6 -7 -8 9 -10 11 -12 -13 -14 20 15 21 19 -19 -20 -21 -22 22 -24 24 -26 -27 -28 28 29 -31
leaf_value=-0.096523583734567001 0.046375857884950196 -0.090828184179951865 0.10491331942507559 -0.049845810390828547 0.11312945532467673 -0.097019506595909022 0.080734083025477299 -0.091629270755781089 -0.05901636840821594 0.028002444485036956 0.07287700678456524 -0.088818069170632286 0.0085531136299998103 0.056645521340820584 -0.14778060367430454 0.040232742137241838 0 -0.10828035532021295 -0.015519055575244354 0.1009914020142204 -0.010270327712990331 -0.10993884012257092 0.047872283363488907 0.084820238898649272 -0.019278118616608334 -0.0025964458726897227 -0.074062876050532439 0.080185240147916448 -0.054125136328195655 0.023034435210858285
leaf_weight=12.327029488980768 11.429127015173433 4.0707674026489267 5.4526745975017539 8.3662260249257052 4.7503927871584901 15.187710449099539 5.8454236760735503 4.0593568980693835 7.4260142892599097 3.8104299977421734 7.1924239695072174 9.9966904073953629 9.0231678038835526 23.218744173645973 5.4217596724629376 10.036085627973081 6.5652603954076794 4.0212962105870238 4.5058750212192544 10.145240999758242 13.573997661471365 5.5698773711919767 3.4651394411921492 10.486646398901941 6.4977712035179129 4.1550101712346077 4.4630184620618811 4.5671155750751486 19.897334977984428 13.336879521608351
leaf_count=76 60 25 26 45 24 90 28 21 33 19 36 58 47 144 27 53 33 20 24 58 67 27 20 62 35 21 21 23 103 65
internal_value=-0.00571977 -0.0268475 0.0151104 -0.0378712 0.00883103 -0.0485251 -0.0310731 -0.04899 0.00550652 -0.024919 0.012362 -0.0558899 -0.0220398 0.00857268 0.00163356 -0.0286705 0.0127533 0.00150567 -0.0895014 0.0621293 0.0317262 -0.00196834 -0.034892 0.00803752 0.04453 -0.0655873 -0.00338128 0.00296084 -0.00998946 -0.0228848
internal_weight=258.864 90.0823 18.5466 71.5357 13.1166 58.4191 43.2314 37.3859 168.782 25.0589 11.2518 13.8071 13.0939 161.356 124.563 33.1537 91.4097 74.6992 9.92763 16.7105 36.7927 23.2261 13.19 70.6779 16.9844 9.72489 53.6935 49.2305 37.8013 33.2342
internal_count=1391 495 98 397 69 328 238 210 896 134 57 77 72 863 652 172 480 389 51 91 211 121 68 369 97 48 272 251 191 168
is_linear=0
shrinkage=0.1


Tree=23
num_leaves=31
num_cat=1
split_feature=13 3 21 18 20 21 13 19 7 17 10 2 19 16 20 16 0 13 20 20 12 7 0 12 13 23 4 13 7 13
split_gain=5.14733 3.58407 3.83921 3.51372 5.09554 3.04909 3.24399 4.20305 4.28204 3.14437 3.83419 3.04545 4.56887 4.50068 3.99264 5.4068 3.89184 3.64347 4.69013 6.18964 5.65883 4.38796 4.27054 2.97366 2.96266 2.63738 2.47441 2.44241 2.27399 2.25114
threshold=1046.4900512695315 9714.9301757812518 0.01220253109931946 674.73272705078136 0.015175783541053535 0.01379663869738579 756.42999267578136 0.028519758023321632 2.5000000000000004 89.718551635742202 12.500000000000002 0 0.037180593237280853 280.92321777343756 0.010475346818566324 13.176019191741945 32.500000000000007 2767.2500000000005 0.045969888567924506 0.039378609508275993 9.5000000000000018 24.500000000000004 36.500000000000007 3.5000000000000004 2197.970092773438 4.5000000000000009 8333.7275390625018 1904.0550537109377 23.500000000000004 827.66500854492199
decision_type=8 10 8 2 10 8 10 10 10 8 10 1 10 10 10 10 8 8 10 8 2 8 10 2 8 2 8 10 8 10
left_child=3 27 -3 5 26 -1 7 8 -7 10 -10 12 -4 14 15 16 -13 18 19 21 -20 -16 -19 -11 -23 -25 -5 -2 -29 -8
right_child=1 2 11 4 -6 6 29 -9 9 23 -12 13 -14 -15 17 -17 -18 22 20 -21 -22 24 -24 25 -26 -27 -28 28 -30 -31
leaf_value=-0.12305008651038601 0.080343711079668034 0.081482272047052967 0.079848672142151467 -0.086045541203308026 0.093545500419435684 0.065586018752087277 -0.13233521051688255 0.053204959902682751 0.081694926961626738 -0.098368673287409933 -0.055486355155889178 -0.075855812912126785 -0.0051423038280183657 -0.092691279890068839 -0.005516573723614005 -0.15148286292334506 0.028228749117514967 -0.058050304873598371 -0.015977800208198032 -0.081934418888943039 0.11212454016440761 0.089341445636239192 0.03240075990370677 0.00070774080614015354 -0.010081976909770404 -0.072104374244208833 0.0076860599714750249 0.063890639762851337 -0.03764204163909414 -0.045093930862051913
leaf_weight=3.7053995728492728 9.8375171571970004 5.4469663873314849 11.141490757465364 3.8828078135848054 5.5123928785324088 4.1660133376717559 4.1229672431945827 7.2055821791291228 4.1542141810059539 10.214862190186979 3.7528983578085899 6.483352132141591 13.974528945982454 6.2941973060369483 33.210837066173553 3.9444944784045211 7.6528975665569314 17.286555886268619 5.2895605191588393 7.7222310900688163 9.0741613209247571 10.106456786394116 7.2288694828748694 11.114396616816521 3.9734483063220987 8.5283930525183678 9.0469099953770638 3.8394937962293598 4.8468093797564515 12.978312425315378
leaf_count=23 57 29 62 25 26 22 24 35 21 59 22 31 78 28 173 21 40 81 30 40 55 62 37 61 22 52 47 23 27 78
internal_value=-0.00523297 0.00502861 -7.95401e-05 -0.0247596 0.0136239 -0.0350281 -0.0297752 -0.0163826 -0.0286769 -0.0394853 0.0154568 -0.00330231 0.0231498 -0.0101199 -0.00621365 -0.049129 -0.019003 0.00198762 0.0137982 0.000292482 0.0644741 0.0140751 -0.0309495 -0.0543723 0.060705 -0.030604 -0.0201385 0.0463871 0.00631537 -0.0673554
internal_weight=255.739 167.354 148.83 88.3851 18.4421 69.943 66.2376 49.1364 41.9308 37.7648 7.90711 143.383 25.116 118.267 111.973 18.0807 14.1362 93.8921 69.3767 55.013 14.3637 47.2907 24.5154 29.8577 14.0799 19.6428 12.9297 18.5238 8.6863 17.1013
internal_count=1391 896 789 495 98 397 374 272 237 215 43 760 140 620 592 92 71 500 382 297 85 257 118 172 84 113 72 107 50 102
cat_boundaries=0 1
cat_threshold=20
is_linear=0
shrinkage=0.1


Tree=24
num_leaves=31
num_cat=0
split_feature=13 11 4 16 10 4 4 16 21 0 5 18 16 5 9 7 7 9 9 9 4 21 4 21 12 16 12 21 5 13
split_gain=4.34185 3.43312 3.32983 3.40173 3.88293 3.70641 6.48764 4.81944 3.31692 4.83858 4.25475 3.97531 4.82925 4.73079 3.94843 3.57927 3.04558 4.48352 4.64042 4.82697 3.88299 4.2773 3.04174 3.78975 2.91363 2.81109 2.695 2.52513 3.90914 2.49578
threshold=1081.7249755859377 0.5900000035762788 808.60476684570324 73.803756713867202 24.500000000000004 2872.271606445313 1851.315368652344 280.92321777343756 0.047469386830925948 33.500000000000007 4.5000000000000009 261.29600524902349 56.030380249023445 6.5000000000000009 26.500000000000004 7.5000000000000009 8.5000000000000018 5.5000000000000009 7.5000000000000009 19.500000000000004 1376.486511230469 0.11372517421841623 7037.9240722656259 0.050422992557287223 4.5000000000000009 47.212854385375984 9.5000000000000018 0.031185855157673362 3.5000000000000004 2842.994995117188
decision_type=8 10 10 10 10 10 10 10 10 10 10 2 10 8 2 10 8 2 2 2 8 8 10 10 2 10 2 10 10 8
left_child=16 -2 25 8 5 6 26 -7 9 10 -4 13 15 -10 -11 -13 17 -1 -19 27 -18 22 23 -22 -21 -3 -5 28 -20 -28
right_child=1 2 3 4 -6 7 -8 -9 11 14 -12 12 -14 -15 -16 -17 20 18 19 24 21 -23 -24 -25 -26 -27 29 -29 -30 -31
leaf_value=-0.069318986303579647 0.080820208161438312 0.071732207729388778 0 -0.046384982990026982 0.089563979033823987 0.033381305597122712 -0.087831185742708429 -0.057139738362080909 -0.095123529767373247 -0.043396559024976564 -0.11012019189565876 -0.027768509127073099 -0.067086926960303203 0.020604986516565851 0.062491448780196392 0.080911869405289993 0.028855750943161364 0.10415398625705774 -0.053102890493843681 0.11922264564071745 -0.084787581301746212 -0.11546091219261026 0.015936805462902139 -0.0055257873213586904 0.00063989977706489093 -0.024084691245184177 0.10435321452166564 -0.06886331573654593 0.069025028752625589 -2.3326753882366313e-05
leaf_weight=7.8563280850648871 5.6468757241964331 11.305357173085211 4.9129262790083947 4.0873985141515758 5.7936316952109328 41.805370554327965 10.08003944903612 6.6807267516851416 7.1418964937329275 8.4948146790266019 12.177729763090609 3.7821737825870576 3.8982343524694434 6.6184932291507721 5.865924544632434 12.410836741328238 6.9450400471687308 4.7954457178711882 5.4900234118104034 4.1751447245478612 14.652027010917665 8.2375151365995389 8.6159352734684926 10.710726805031298 4.3569218665361404 3.9416412413120261 4.2481082528829548 8.7195783033967 4.8176933974027634 4.441468559205533
leaf_count=51 34 68 26 22 33 228 50 30 34 48 61 19 21 38 34 68 36 23 34 21 90 55 44 56 23 20 27 48 28 21
internal_value=-0.004792 0.0048545 0.00202124 -0.002679 0.0114523 0.00485257 -0.028084 0.020611 -0.019516 -0.0428573 -0.0786498 0.00193815 0.0305203 -0.0389917 0 0.0548992 -0.0225191 -0.00183191 0.0144101 -0.00116423 -0.039199 -0.0506728 -0.0343799 -0.0518611 0.0605355 0.0463146 0.0185914 -0.0295258 0.00313205 0.0504726
internal_weight=252.706 163.334 157.687 142.44 77.1367 71.3431 22.857 48.4861 65.303 31.4514 17.0907 33.8516 20.0912 13.7604 14.3607 16.193 89.3724 40.2111 32.3548 27.5594 49.1612 42.2162 33.9787 25.3628 8.53207 15.247 12.777 19.0273 10.3077 8.68958
internal_count=1391 882 848 760 411 378 120 258 349 169 87 180 108 72 82 87 509 228 177 154 281 245 190 146 44 88 70 110 62 48
is_linear=0
shrinkage=0.1


Tree=25
num_leaves=31
num_cat=0
split_feature=8 11 8 17 0 18 21 4 17 20 11 7 16 11 20 13 8 7 8 18 0 17 16 16 14 11 13 11 16 4
split_gain=5.94177 3.8867 4.95918 3.76218 3.82842 3.33382 4.08755 3.96272 5.66744 4.13984 3.37977 4.13174 3.44508 4.10602 4.0498 3.24798 6.59579 6.34169 5.41359 3.46198 3.11164 4.63289 4.56428 3.08727 2.95605 3.72569 3.24864 2.93694 2.86946 2.63461
threshold=4.5000000000000009 5.9449999332427987 8.5000000000000018 230.86643981933597 30.500000000000004 194.03132629394534 0.048409322276711471 1599.6945800781252 149.91893005371097 0.017910310998559002 12.105000019073488 2.5000000000000004 116.77669525146486 7.9700000286102304 0.019122215919196609 1127.8999633789065 1.5000000000000002 8.5000000000000018 1.5000000000000002 334.79750061035162 41.500000000000007 39.662296295166023 223.43878936767581 67.693725585937514 31.252664566040043 6.1349999904632577 1066.684997558594 7.0650000572204599 114.2806968688965 947.27313232421886
decision_type=10 10 10 10 8 2 8 8 8 10 10 10 10 8 8 10 10 10 8 2 8 8 10 10 2 10 10 10 10 10
left_child=5 2 -2 20 -5 -1 10 29 9 -9 11 -7 14 -14 24 17 -17 18 -10 -18 21 -3 28 -20 25 -13 -26 -16 -23 -8
right_child=1 3 -4 4 -6 6 7 8 15 -11 -12 12 13 -15 27 16 19 -19 23 -21 -22 22 -24 -25 26 -27 -28 -29 -30 -31
leaf_value=-0.092394356132068756 0.093326395020270334 -0.0604852636145937 -0.030930773388604334 -0.092158984442911249 0.020093969594620193 -0.09545403245698901 0.042365610499583539 0.1401695148948538 0.10694414412018829 0.010388169348861302 -0.06297960128057975 0.11266276280136173 -0.018498263656048654 0.077152745095944442 -0.11414476361686604 -0.044726731559138228 0.13894036493563117 -0.062007202597701205 -0.092096570629815397 0.027596077157391624 0.081055374654591908 0.021574294493839626 -0.0468293672514861 0.02857783217502945 -0.057991656341574938 -0.0042030980070167324 0.037164735585912136 -0.019342804990407234 0.081189606302923448 -0.043900279339623371
leaf_weight=4.3976029679179183 14.281428657472135 6.9152924641966811 3.9411112666130057 6.0675111636519405 5.7032197043299684 5.14727759361267 4.3037938550114658 6.4992713257670385 5.8743650838732728 4.2233189195394516 15.372646212577818 4.4885177090764063 7.9257250651717186 9.7684480324387568 6.1147492453455907 5.5352264791727093 6.0051742121577245 13.079014785587786 3.2517103850841522 5.7541290372610092 8.2611241340637189 27.894042067229748 7.016795687377452 5.521720290184021 9.9450264498591405 6.3287976458668709 5.3683093115687361 7.6499729380011559 11.779395766556261 16.494721822440624
leaf_count=30 96 36 24 29 29 33 25 33 30 21 87 24 46 52 35 28 30 82 20 28 44 150 33 30 59 33 31 44 64 87
internal_value=0.00424991 0.0245101 0.0658845 0.0140603 -0.0372161 -0.00739666 -0.00485694 0.0114747 0.025453 0.0905447 -0.020983 -0.0104495 -0.00252622 0.0338828 -0.0189685 0.00956235 0.0435632 -0.0113666 0.0332863 0.0859921 0.0240218 0.0149117 0.0263978 -0.0155548 0.00383653 0.0439608 -0.0239597 -0.0626978 0.0396857 -0.0254537
internal_weight=250.909 91.8599 18.2225 73.6374 11.7707 159.05 154.652 76.5424 55.7439 10.7226 78.1095 62.7368 57.5895 17.6942 39.8954 45.0213 17.2945 27.7268 14.6478 11.7593 61.8667 53.6055 46.6902 8.77343 26.1307 10.8173 15.3133 13.7647 39.6734 20.7985
internal_count=1393 505 120 385 58 888 858 414 302 54 444 357 324 98 226 248 86 162 80 58 327 283 247 50 147 57 90 79 214 112
is_linear=0
shrinkage=0.1


Tree=26
num_leaves=31
num_cat=1
split_feature=7 19 4 19 21 21 5 20 17 16 21 9 18 2 10 17 19 21 10 14 12 14 12 21 21 12 20 4 9 12
split_gain=4.50736 4.69859 3.23558 4.26142 4.03066 3.83032 3.27225 4.05078 3.89977 5.03626 3.48727 2.70634 2.75792 2.92413 6.08699 5.05731 4.74115 4.72684 4.21514 4.18077 3.7769 3.63754 5.50583 5.05813 4.1524 3.85761 3.55426 3.05137 3.04921 3.36069
threshold=20.500000000000004 0.037560999393463142 1476.5828857421877 0.25715500116348272 0.08223931118845941 0.059779269620776183 8.5000000000000018 0.054703874513506896 55.501707077026374 88.12802886962892 0.03075269237160683 52.500000000000007 119.23778533935548 0 18.500000000000004 42.192411422729499 0.016737062484025959 0.070485852658748641 5.5000000000000009 35.208507537841804 1.5000000000000002 37.921466827392585 7.5000000000000009 0.013411786407232286 0.027052214369177822 4.5000000000000009 0.036104621365666396 2562.270385742188 15.500000000000002 3.5000000000000004
decision_type=10 8 10 10 10 10 8 8 10 8 8 2 2 1 10 10 10 10 8 2 2 2 2 8 10 2 8 8 2 2
left_child=11 -2 3 -3 5 6 7 8 -4 -10 -8 12 -1 15 18 26 -16 20 28 -19 -17 23 -23 -20 -25 27 -14 -26 29 -15
right_child=1 2 4 -5 -6 -7 10 -9 9 -11 -12 -13 13 14 16 17 -18 19 21 -21 -22 22 -24 24 25 -27 -28 -29 -30 -31
leaf_value=-0.10543741339531948 0.085642015576681912 0.064267938319909554 0.088793039877013313 -0.039316117752584631 -0.064866735521046034 0.079046039392892856 -0.021521583555869767 -0.10422855769624167 -0.11034876288201528 0.03143627083617994 0.11553930060190339 0.057086868204642011 -0.010341662347115317 -0.038974222607297493 0.15938225548503243 0.015099894352472751 0.018002923588676282 0.047493707049635708 0.079257935800358323 -0.076211595704245627 -0.070496655701275099 0.070917650454475331 -0.067444233937291806 -0.075530059303558383 -0.092140563118574728 0.011225476133029932 0.095991229679338208 -0.002762947165075439 0.11729777062708908 0.061472486788231855
leaf_weight=2.7404427081346503 10.673859238624571 19.139681249856952 3.5974923595786192 4.8050700649619094 8.3314475417137128 6.7718774229288092 3.2599433213472322 4.9094875007867804 4.3964737281203243 5.4230446144938478 3.8485695272684097 6.6182702854275695 7.6304180175065968 5.7230385318398493 4.1942800655961019 5.9087204188108435 5.7782739773392677 9.5993910282850248 4.2496570274233809 3.6735818535089484 31.317851178348064 10.21782775968313 3.8330398499965659 15.805194739252327 8.6420655548572505 23.209914192557335 5.0642077103257188 7.2177782803773889 4.0247516930103293 7.5109199658036232
leaf_count=17 65 122 21 30 41 41 18 23 21 31 24 38 46 32 22 32 32 48 24 21 181 53 21 94 46 121 25 42 21 40
internal_value=0.00386647 0.0243186 0.013896 0.0429884 -0.00310541 0.0127131 -0.00479627 -0.0274809 0.000425775 -0.0315092 0.0518697 -0.00497181 -0.00753386 -0.0057694 0.00516551 -0.0208104 0.0794494 -0.0383611 -0.00242378 0.0121939 -0.0566385 -0.0130217 0.0322563 -0.0239871 -0.0322942 -0.0144002 0.0317144 -0.0523638 0.0417507 0.0173177
internal_weight=248.117 75.1569 64.4831 23.9448 40.5383 32.2069 25.435 18.3265 13.417 9.81952 7.10851 172.96 166.341 163.601 100.407 63.1942 9.97255 50.4995 90.4342 13.273 37.2266 73.1755 14.0509 59.1246 54.875 39.0698 12.6946 15.8598 17.2587 13.234
internal_count=1393 437 372 152 220 179 138 96 73 52 42 956 918 901 548 353 54 282 494 69 213 401 74 327 303 209 71 88 93 72
cat_boundaries=0 1
cat_threshold=34
is_linear=0
shrinkage=0.1


Tree=27
num_leaves=31
num_cat=0
split_feature=6 8 11 8 11 12 0 11 10 20 4 9 6 10 14 20 9 9 9 17 9 3 12 20 10 11 11 0 11 14
split_gain=4.55865 3.36052 3.51999 4.11419 2.95524 3.61397 3.65985 3.23372 2.86977 5.30396 3.07435 2.92196 6.16882 3.46646 2.8879 2.91552 3.02065 2.76937 2.74944 4.80302 4.69889 4.09129 3.41207 3.04958 5.09734 3.53709 3.96244 3.45078 3.02151 2.94405
threshold=2.5000000000000004 4.5000000000000009 5.9449999332427987 8.5000000000000018 9.7750000953674334 8.5000000000000018 36.500000000000007 11.045000076293947 7.5000000000000009 0.023842757567763332 3141.8620605468755 6.5000000000000009 5.5000000000000009 3.5000000000000004 40.595285415649421 0.0054802091326564559 25.500000000000004 10.500000000000002 8.5000000000000018 235.38165283203128 12.500000000000002 32296.365234375004 1.5000000000000002 0.017432235181331638 17.500000000000004 9.4250001907348651 7.4949998855590829 29.500000000000004 16.025000572204593 32.517236709594734
decision_type=8 10 10 10 10 2 8 10 8 10 8 2 10 8 2 10 2 2 2 8 2 8 2 10 10 8 8 8 10 2
left_child=-1 8 3 -3 5 -4 -7 -6 9 10 -2 -12 13 -13 15 16 -10 -9 19 29 21 -20 -22 24 -24 26 27 -25 -27 -17
right_child=1 2 4 -5 7 6 -8 17 14 -11 11 12 -14 -15 -16 18 -18 -19 20 -21 22 -23 23 25 -26 28 -28 -29 -30 -31
leaf_value=-0.10101059660206023 0.093255976731328474 0.08801810602267264 0.061696574604082156 -0.025521321720310842 0.10819558527462098 -0.085419381420816676 0.02447333400643123 0.097648920111318691 -0.074646812592257097 -0.046922420965824795 0.075558075369163938 -0.12767387265261662 0.084465205017379585 0 0.057429597695251425 -0.021986024280883511 0.017204091132840212 0.0082265714495759704 0.12917370474288753 0.032673766343000878 0.056500650768751305 0.0056564965178451266 -0.017321306704059337 -0.10755356704946893 0.09080699800395485 -0.086457862434873134 0.075635772662918418 0.0073090347388269673 -0.0012340469590406838 -0.13266512615163376
leaf_weight=3.9903628900647155 8.3244322985410708 13.297212503850462 3.5698941871523884 3.9764421954751006 3.9873929321765891 9.089691743254658 4.2853664159774789 3.6831126213073722 13.809585817158224 8.5372936949133855 6.1855408027768162 3.8138890191912624 4.5529973134398452 4.4678202942013749 5.6513600051403037 4.5904648378491366 4.5586034208536139 47.297801621258259 4.756710380315778 4.9771037995815286 6.732421174645423 6.4128426909446725 16.14869332313538 3.875198826193814 5.8243488743901244 14.921296007931227 4.7521488741040221 7.2014927119016656 6.0900057926774016 5.7268153131008148
leaf_count=36 42 96 22 24 24 48 29 19 90 47 32 23 24 26 29 26 23 242 24 26 33 39 90 23 33 85 29 41 35 33
internal_value=0.00355471 0.00536797 0.0207814 0.061309 0.0108361 -0.0252998 -0.0495473 0.0221829 -0.00362316 0.0209584 0.0426097 0.0195489 -0.00704645 -0.058957 -0.0113226 -0.0149821 -0.0513401 0.0150612 -0.00756734 -0.0461371 4.20139e-05 0.0598248 -0.0100688 -0.0179418 0.0111685 -0.0355584 0 -0.0325839 -0.0623528 -0.0850644
internal_weight=245.088 241.098 89.1869 17.2737 71.9133 16.945 13.3751 54.9683 151.911 35.882 27.3447 19.0202 12.8347 8.28171 116.029 110.378 18.3682 50.9809 92.0095 15.2944 76.7152 11.1696 65.5456 58.8132 21.973 36.8401 15.8288 11.0767 21.0113 10.3173
internal_count=1393 1357 504 120 384 99 77 285 853 194 147 105 73 49 659 630 113 261 517 85 432 63 369 336 123 213 93 64 120 59
is_linear=0
shrinkage=0.1


Tree=28
num_leaves=31
num_cat=2
split_feature=6 7 13 7 2 21 5 7 18 13 23 11 14 6 9 2 9 17 11 14 17 14 18 3 13 14 21 7 7 0
split_gain=3.96791 2.92633 4.72353 4.15538 3.2882 5.61051 3.86047 2.87506 3.46853 2.67392 2.90558 2.42182 2.31016 4.25861 2.82922 2.94167 4.89262 4.55725 2.70483 2.18281 3.75542 3.42935 3.40676 4.92554 3.439 3.21834 3.17711 2.83048 4.59873 3.94276
threshold=2.5000000000000004 20.500000000000004 2197.970092773438 28.500000000000004 0 0.032219151034951217 9.5000000000000018 26.500000000000004 250.61578369140628 2767.2500000000005 5.5000000000000009 13.72499990463257 25.21782207489014 4.5000000000000009 41.500000000000007 1 30.500000000000004 224.99509429931643 9.4749999046325701 39.543493270874031 102.17053604125978 33.741575241088874 665.22015380859386 43418.169921875007 496.83999633789068 34.602800369262702 0.028516693040728573 7.5000000000000009 15.500000000000002 34.500000000000007
decision_type=8 10 8 10 1 8 8 10 2 10 2 8 2 8 2 1 2 8 8 2 10 2 2 8 10 2 10 10 10 8
left_child=-1 12 3 -3 9 -6 7 8 -7 10 -4 -9 13 -2 15 17 19 -14 -15 21 -21 22 23 27 -25 -23 -22 -17 29 -29
right_child=1 2 4 -5 5 6 -8 11 -10 -11 -12 -13 14 18 -16 16 -18 -19 -20 20 26 25 -24 24 -26 -27 -28 28 -30 -31
leaf_value=-0.097507775384437445 0.024000268921042987 0.094431369379007452 0.0016978261733559053 0.014610635859441999 -0.11445458993130873 -0.049391778520435574 0.08967247147467021 -0.11314672936361055 0.077108217515037866 -0.01783710365506061 0.099376375181095572 -0.011537637722479432 -0.067286633718207117 -0.1424373090503622 0.052475117109909909 -0.0099487251388016423 -0.079879188473514329 0.02361305576646245 -0.034426864250501017 0.11863268150339108 -0.059346208420271107 -0.087083107048843561 0.083163061500638444 0.050034811701269923 -0.063784094059320603 -0.004856671413432781 0.065307680011325295 0.14411185901733078 -0.013365211304567713 0.039251045156486523
leaf_weight=3.7371366992592803 6.6576049551367786 13.333796530961992 5.0103503689169893 13.428463548421858 5.4363024085760143 3.7063725888729113 3.7177647501230267 4.3040048182010633 4.8073088079690933 5.2507533878087989 8.619491346180439 5.6096495389938354 17.170209169387821 3.9226193055510494 10.080833680927752 10.153937146067618 6.1684168577194205 7.84177042543888 6.4966072440147409 4.8022108078002912 3.7233609184622765 5.4930954352021208 7.7193329185247412 3.299785688519477 11.098494645208119 34.39632036536932 4.2579058408737183 6.2907049134373674 6.9742582589387885 9.2571953535079956
leaf_count=36 36 95 28 88 26 20 24 22 30 25 52 27 98 23 60 54 34 44 32 24 20 36 39 18 68 198 20 31 39 46
internal_value=0.00325408 0.0049114 0.0215602 0.0549556 0.00203288 -0.0179158 -0.00141316 -0.0207145 0.0209423 0.0269058 0.0644718 -0.0573392 -0.0023895 -0.0371365 0.00155521 -0.00211019 0.00534806 -0.02747 -0.0770087 0.0108998 0.049619 0.0055199 0.0218203 0.0113942 -0.0368442 -0.0166194 0.00590288 0.0330025 0.0527672 0.0829668
internal_weight=242.766 239.029 73.2243 26.7623 46.462 27.5814 22.1451 18.4273 8.51368 18.8806 13.6298 9.91365 165.805 17.0768 148.728 138.647 113.635 25.012 10.4192 107.467 12.7835 94.6831 54.7937 47.0744 14.3983 39.8894 7.98127 32.6761 22.5222 15.5479
internal_count=1393 1357 437 183 254 149 123 99 50 105 80 49 920 91 829 769 627 142 55 593 64 529 295 256 86 234 40 170 116 77
cat_boundaries=0 1 2
cat_threshold=52 32
is_linear=0
shrinkage=0.1


Tree=29
num_leaves=31
num_cat=0
split_feature=6 7 19 3 19 21 6 20 18 0 19 10 20 21 21 21 19 17 14 20 0 10 11 11 0 6 21 21 10 10
split_gain=3.45138 2.44555 3.88639 3.40681 3.79207 3.37182 2.8448 3.10887 3.11757 2.74318 2.60645 2.15282 2.81828 2.7392 3.01132 2.30208 2.221 4.5903 7.44708 4.14425 3.62732 3.31479 5.19083 4.47415 3.16934 2.82762 2.67895 4.09912 3.7848 2.70784
threshold=2.5000000000000004 20.500000000000004 0.037560999393463142 19101.040039062504 0.091523095965385451 0.08223931118845941 5.5000000000000009 0.043373722583055503 276.86009216308599 33.500000000000007 0.02623316086828709 5.5000000000000009 0.023681256920099262 0.083908002823591246 0.040440853685140617 0.066647935658693327 0.04302682168781758 135.02854919433597 30.835030555725101 0.033530766144394882 35.500000000000007 18.500000000000004 11.045000076293947 11.34500026702881 29.500000000000004 6.5000000000000009 0.019513842649757866 0.027052214369177822 11.500000000000002 10.500000000000002
decision_type=8 10 8 10 10 10 10 8 2 10 10 8 8 8 10 8 8 8 2 10 8 10 10 8 8 8 8 8 8 8
left_child=-1 11 10 4 -4 -5 -6 8 -8 -9 -3 12 13 14 -2 -14 21 20 19 -19 24 22 26 -23 25 -18 29 -28 -29 -13
right_child=1 2 3 5 6 -7 7 9 -10 -11 -12 16 15 -15 -16 -17 17 18 -20 -21 -22 23 -24 -25 -26 -27 27 28 -30 -31
leaf_value=-0.094057442750988526 0.030454088950181632 0.010919438911181661 0.097055475458746335 0.0054602123470602719 0.074832889899667396 -0.070677270389546257 -0.12304457478803828 0.094829412648335429 0.0041551980710530017 -0.025966890843346198 0.11908298380397882 -0.011492009728313398 -0.063604242629632421 -0.023482952494575632 0.1329771871704542 0.033552409653715233 -0.055824133975577256 -0.081668484202498948 0.10172642250944847 0.049905306709609833 -0.05685342823116072 -0.017397666505415063 -0.061707111541900554 0.11462685023561377 0.070797098275926937 0.036543021261011062 -0.095159536224656657 0.024801140543271691 -0.03852000127302322 0.098317018788225186
leaf_weight=3.5027111992239943 7.7280468568205887 3.8941672965884191 7.5009057670831707 27.591025307774544 5.3645853996276882 7.2092523649334899 3.4580617994070026 3.7556698471307763 3.8736260980367661 3.4152659922838211 5.9788526743650436 4.1396224349737141 5.1516373082995388 3.7242872044444075 4.8918846249580383 4.3295001089572915 7.4589706882834479 4.9216319471597689 10.983651638031004 4.4026623889803886 12.310863882303236 6.1281443350017053 24.867061145603657 4.1693227887153625 6.1869248673319808 5.6970854103565225 5.6245980635285369 20.44320235028863 17.295436382293701 4.4212472066283235
leaf_count=36 41 21 47 157 36 35 19 28 28 22 44 27 32 23 24 21 40 24 55 22 67 39 141 22 36 31 37 112 103 23
internal_value=0.00296126 0.00447691 0.0198472 0.0103472 0.036759 -0.0101833 0.0131211 -0.00937767 -0.0553426 0.0363571 0.0779605 -0.00218638 0.0241845 0.0494032 0.0717144 -0.0183074 -0.00716988 0.00905585 0.0461633 -0.0186117 -0.0145064 -0.016965 -0.0241924 0.0356841 0.0120849 -0.0150972 -0.00594981 -0.0162281 -0.00397946 0.0445445
internal_weight=240.42 236.917 72.0414 62.1684 27.3681 34.8003 19.8672 14.5026 7.33169 7.17094 9.87302 164.876 25.8254 16.3442 12.6199 9.48114 139.05 51.9618 20.3079 9.32429 31.6538 87.0886 76.7912 10.2975 19.343 13.1561 51.9241 43.3632 37.7386 8.56087
internal_count=1393 1357 437 372 180 192 133 97 47 50 65 920 141 88 65 53 779 275 101 46 174 504 443 61 107 71 302 252 215 50
is_linear=0
shrinkage=0.1


Tree=30
num_leaves=31
num_cat=0
split_feature=9 16 21 14 20 14 16 8 21 8 18 19 19 13 5 18 0 18 11 21 18 16 14 10 21 0 21 0 9 0
split_gain=4.24815 5.00716 5.20083 4.46288 4.14176 5.92679 3.78774 3.61895 2.88796 3.34526 3.00212 4.59248 3.23186 2.91655 3.81313 4.8601 3.20713 3.4858 2.86483 2.85781 2.83807 3.29953 4.64604 3.66876 3.58735 3.16357 2.38763 4.76452 2.32462 3.52769
threshold=18.500000000000004 225.75613403320315 0.016343659721314911 30.585835456848148 0.010475346818566324 24.710026741027836 13.176019191741945 6.5000000000000009 0.049753470346331603 1.0000000180025095e-35 346.38490295410162 0.028370487503707412 0.04258150793612004 580.73001098632824 2.5000000000000004 594.18710327148449 23.500000000000004 674.73272705078136 11.510000228881838 0.021417007781565193 589.13485717773449 23.460483551025394 30.285752296447757 23.500000000000004 0.012631177436560394 18.500000000000004 0.063509494066238417 27.500000000000004 15.500000000000002 26.500000000000004
decision_type=2 10 10 2 8 2 10 10 10 10 2 8 8 10 8 2 10 2 8 10 2 10 2 8 8 8 8 10 2 10
left_child=8 4 -3 -4 6 7 -2 -6 10 -10 28 13 -13 14 -12 -16 -15 -18 -5 -19 21 22 -7 24 -23 -26 27 -11 29 -1
right_child=1 2 3 18 5 20 -8 -9 9 26 11 12 -14 16 15 -17 17 19 -20 -21 -22 23 -24 -25 25 -27 -28 -29 -30 -31
leaf_value=0.049238343826719863 0.010216050296128317 0.048218220051671618 0 -0.046238503215673479 -0.092781836082866248 -0.11880860083523202 -0.10800802268963892 0.026686767100105025 -0.066338200685960497 -0.025428165603895405 0.067132429578921002 0.099841643318467885 -0.0015541032838782213 0.025232327620098589 0.02349434102113869 -0.11599538362084459 -0.109327738633136 -0.07371521970217336 -0.1706024109179414 0.053984988564342577 0.11081626934611066 -0.089936584169456546 0.017533622138666938 0.097872085483727667 -0.028537922593183041 0.042942856721936692 0.0015142398390066195 0.1149043129845525 -0.12264739487066381 -0.068609792351915069
leaf_weight=3.2260385081172016 6.4401442036032659 5.3512955754995373 5.9256659448146811 3.8830657079815847 6.142196372151373 3.143309272825717 4.4012289419770241 4.0334282368421555 5.2129918411374083 3.7784788161516172 5.523831866681574 4.9357758611440632 7.8585116788744935 3.7870787158608463 5.6403617486357671 4.2274453490972519 10.719278369098904 3.8103487938642493 4.2509667575359344 3.0152634233236313 4.7094210535287848 2.2507683187723151 10.533745557069777 9.3616551682353002 6.7267708405852309 55.346335761249065 24.405278123915195 6.0371983721852303 4.7121000140905371 9.8842711523175222
leaf_count=20 36 29 30 22 33 17 26 21 32 21 30 28 44 22 36 26 73 29 21 17 24 14 59 63 37 332 130 32 26 68
internal_value=0.000623761 0.0126208 -0.0339892 -0.0661041 0.0207324 0.0270259 -0.0374134 -0.0446547 -0.0141681 0.00711339 -0.0267708 -0.0137851 0.0372577 -0.0318925 0.000674159 -0.0358251 -0.0557505 -0.0738413 -0.11373 -0.0158939 0.0350962 0.0307781 -0.0137101 0.0391786 0.0303425 0.0350023 0.0187546 0.0601641 -0.0620141 -0.0387008
internal_weight=239.274 132.5 19.411 14.0597 113.089 102.248 10.8414 10.1756 106.774 39.4339 67.3403 49.5179 12.7943 36.7236 15.3916 9.86781 21.332 17.5449 8.13403 6.82561 92.072 87.3626 13.6771 73.6855 64.3239 62.0731 34.221 9.81568 17.8224 13.1103
internal_count=1398 764 102 73 662 600 62 54 634 215 419 305 72 233 92 62 141 119 43 46 546 522 76 446 383 369 183 53 114 88
is_linear=0
shrinkage=0.1


Tree=31
num_leaves=31
num_cat=0
split_feature=13 6 18 18 7 6 7 12 17 17 20 5 13 14 17 17 12 12 20 20 14 13 18 7 13 10 7 4 17 17
split_gain=3.75782 6.50316 4.69319 3.52079 2.86733 2.73001 3.10692 3.66406 3.17143 3.13639 2.93291 2.71395 2.62189 4.36117 2.66918 3.15977 2.5548 2.99913 2.55011 2.38161 3.40155 2.20509 2.17192 2.73957 2.27808 3.54576 2.59329 3.08567 3.75172 2.69221
threshold=1484.3850097656252 2.5000000000000004 167.06879425048831 215.60010528564456 27.500000000000004 6.5000000000000009 14.500000000000002 11.500000000000002 78.035179138183608 86.501861572265639 0.029462535865604881 5.5000000000000009 1736.924987792969 27.09781646728516 350.14645385742193 228.16062927246097 6.5000000000000009 5.5000000000000009 0.035736864432692535 0.048055797815322883 38.497932434082038 715.91000366210949 194.03132629394534 33.500000000000007 2197.970092773438 13.500000000000002 26.500000000000004 888.08563232421886 63.485801696777351 115.9383888244629
decision_type=10 10 2 2 8 10 10 2 8 8 10 8 10 2 10 10 2 2 8 8 2 10 2 8 10 8 10 10 10 10
left_child=1 -1 -3 -4 5 6 8 -8 11 -10 16 21 13 -2 15 22 17 -11 -12 20 -7 -5 -14 24 25 -24 27 -26 -29 -28
right_child=12 2 3 4 -6 19 7 -9 9 10 18 -13 14 -15 -16 -17 -18 -19 -20 -21 -22 -23 23 -25 26 -27 29 28 -30 -31
leaf_value=-0.11349631933998246 -0.030469206756665503 -0.094284154168761569 0.072650142611467738 0.027172351418403351 -0.052802889093228444 -0.0065121664809122855 -0.056567274085389779 0.043615395271053597 0.10522899426865584 -0.0029216104299011432 0.11129587775551414 -0.1083160834451741 0.083101987038819145 0.097207314664925798 0.093214964241243439 -0.051198860267454252 -0.048002285975988525 0.078556483823603612 0.00013535479819894514 0.077014795719694121 0.089765460780357659 -0.067457793523940504 -0.042985546848523987 0.083758798950839763 0.083648158281617938 0.06524828215090954 -0.01150838237364887 -0.072475663884567179 0.020184071452536485 -0.11749651842045988
leaf_weight=5.5923767648637286 3.5902659706771365 5.5019444897770873 6.112711437046527 5.8766162469983083 11.093872189521788 20.371803656220443 20.510329920798544 4.244499832391738 3.3549160063266745 30.005007520318031 4.4671073481440517 4.0647683814167967 4.1332926452159873 8.9784452952444536 3.5716444030404082 8.4462220966815931 9.9917629323899728 5.1790727376937857 4.0977796763181695 6.9269387349486342 4.3394096419215193 4.0211958512663841 4.0534576624631855 4.2905170843005171 4.0455740913748768 10.424786977469921 6.3217762559652311 6.5368245393037823 12.476051509380339 4.0425244718790054
leaf_count=52 22 31 36 33 61 114 121 25 18 172 23 26 21 68 21 45 56 25 22 39 24 27 23 23 26 76 36 36 75 21
internal_value=0.00053004 -0.00850767 -0.00445811 -0.000909799 -0.0042775 0 -0.00842799 -0.0388811 0.00208028 0.0126714 0.00652278 -0.0402998 0.0180398 0.0599944 0.0101016 0.00522774 -0.00348259 0.00897714 0.0598817 0.0254069 0.0102853 -0.0105631 0.0139422 0.00812543 0.000982197 0.0341732 -0.0131564 0.0051643 -0.0113626 -0.0545317
internal_weight=236.663 155.752 150.16 144.658 138.545 127.451 95.8131 24.7548 71.0582 57.0956 53.7407 13.9626 80.9114 12.5687 68.3427 64.771 45.1758 35.1841 8.56489 31.6382 24.7112 9.89781 56.3248 52.1915 47.901 14.4782 33.4228 23.0585 19.0129 10.3643
internal_count=1398 905 853 822 786 725 548 146 402 316 298 86 493 90 403 382 253 197 45 177 138 60 337 316 293 99 194 137 111 57
is_linear=0
shrinkage=0.1


Tree=32
num_leaves=31
num_cat=0
split_feature=19 6 16 20 18 21 20 14 0 18 14 19 19 0 11 4 18 7 11 21 7 18 9 3 18 11 11 16 16 16
split_gain=3.31445 5.58924 3.98934 3.36303 4.38359 4.84345 4.34592 3.44807 4.26239 2.9023 3.23632 2.6877 3.99237 3.54415 3.20173 3.25367 3.17194 2.63961 2.50438 2.50315 2.36835 2.33989 3.17098 2.50408 4.70583 2.26023 2.98498 2.19087 4.21031 2.45955
threshold=0.029227933846414093 2.5000000000000004 273.92692565917974 0.0054802091326564559 333.87400817871099 0.049487167969346053 0.044843586161732681 24.464081764221195 24.500000000000004 304.55943298339849 31.981287956237797 0.01577678602188826 0.01202303357422352 33.500000000000007 1.0000000180025095e-35 1376.486511230469 238.93094635009768 26.500000000000004 18.925000190734867 0.031984630972146995 20.500000000000004 362.26876831054693 14.500000000000002 57175.093750000007 242.12866973876956 16.845000267028812 8.7449998855590838 38.076835632324226 112.99977493286134 227.09317016601565
decision_type=10 10 10 8 2 8 8 2 8 2 2 10 10 8 10 8 2 8 10 10 10 2 2 8 2 8 10 10 8 8
left_child=1 -1 3 -2 5 6 9 -7 17 -5 -11 12 14 -14 -3 -16 -13 20 -6 -8 -9 23 -23 24 -17 26 -26 -24 -29 -30
right_child=2 11 -4 4 18 7 19 8 -10 10 -12 16 13 -15 15 21 -18 -19 -20 -21 -22 22 27 -25 25 -27 -28 28 29 -31
leaf_value=-0.12777698718521885 -0.061255578682114536 0.104871552277534 -0.086603343786164647 -0.14647149319892361 0.06607211083082612 -0.039144497483172377 -0.048514130240153788 -0.020213967050522502 0.052344175400869102 0.024803432639066959 -0.10493862683422067 0.05551462759662782 0.11446741984284506 0.0045437462198203108 0.058857873074851165 0.060973280069449423 -0.042704297462503378 -0.064071174085095536 -0.022502434822780748 0.047686269512269466 0.0785741039245475 -0.031530343649822982 0.078938491865256102 -0.08738450583439078 -0.081421690795763016 -0.11620209561379924 0.04625390536572882 -0.083639680989723089 0.088127969796926151 -0.010559078875601893
leaf_weight=3.8880101703107348 5.2081163004040709 2.3672940284013739 3.7953848242759696 3.7730037644505519 23.877910345792774 7.4335105419158927 4.1304382607340795 5.5326575189828837 34.742762345820665 3.8657078668475151 3.5004908442497253 3.5407139882445327 5.4423952475190136 6.6737759336829194 5.932725563645362 4.9587635248899486 28.758439887315035 5.7127637267112741 3.4484083205461493 7.2148062288761139 4.0451388880610466 18.514591231942177 5.5278180539608028 8.1111690849065763 3.6783555150032035 3.8575706109404555 3.3719635382294655 3.7782594189047787 4.9495720639824858 4.697041630744935
leaf_count=40 32 13 18 19 150 38 25 31 210 23 21 22 27 39 35 27 176 32 17 45 30 115 27 51 20 19 20 25 27 24
internal_value=0.000501476 -0.0112529 0.0125199 0.0160272 0.0199258 0.00793441 -0.0311352 0.023422 0.0329766 -0.0753392 -0.0360916 -0.00708855 0.00244415 0.0552712 -0.00665582 -0.0108721 -0.0314905 -0.0104342 0.0544887 0.0116712 0.0208562 -0.0178519 -0.00193501 -0.0421967 -0.0180675 -0.0551356 -0.0191667 0.0264651 0.0036954 0.0394348
internal_weight=234.33 118.048 116.281 112.486 107.278 79.9513 22.4844 57.4668 50.0333 11.1392 7.3662 114.16 81.8613 12.1162 69.7451 67.3778 32.2992 15.2906 27.3263 11.3452 9.5778 61.4451 37.4673 23.9778 15.8667 10.9079 7.05032 18.9527 13.4249 9.64661
internal_count=1398 707 691 673 641 474 133 341 303 63 44 667 469 66 403 390 198 93 167 70 61 355 218 137 86 59 40 103 76 51
is_linear=0
shrinkage=0.1


Tree=33
num_leaves=31
num_cat=0
split_feature=13 11 13 13 20 17 14 10 17 20 4 18 17 17 17 10 17 10 4 4 11 13 18 4 17 18 18 8 18 17
split_gain=3.20156 3.43144 3.45 3.28256 3.12528 3.25609 3.05257 4.00375 3.07718 4.83301 4.68708 2.97791 4.13469 3.75035 2.95939 2.85708 2.7279 2.68213 2.4539 4.65477 3.29694 5.19227 2.37005 3.65445 2.68424 3.73962 3.96113 2.50407 2.41178 2.88729
threshold=206.1549987792969 7.6749999523162851 96.110000610351577 262.83999633789068 0.0058143083006143579 393.83894348144537 24.751639366149906 24.500000000000004 81.694877624511733 0.06372424960136415 8587.7968750000018 665.22015380859386 204.15991973876956 112.5975914001465 181.38150024414065 21.500000000000004 90.297130584716811 17.500000000000004 6946.4018554687509 4603.9516601562509 17.244999885559086 1634.5750122070315 341.69599914550787 808.60476684570324 63.053777694702156 301.32731628417974 318.58305358886724 5.5000000000000009 522.17855834960949 54.637750625610359
decision_type=8 8 10 8 10 10 2 10 8 8 10 2 10 8 8 8 10 8 8 10 10 10 2 10 10 2 2 8 2 8
left_child=1 -1 -3 -2 11 6 14 8 15 10 16 13 -13 -5 17 22 -10 -6 19 -18 21 -21 23 27 25 -25 -27 -8 29 -24
right_child=3 2 -4 4 5 -7 7 -9 9 -11 -12 12 -14 -15 -16 -17 18 -19 -20 20 -22 -23 28 24 -26 26 -28 -29 -30 -31
leaf_value=-0.10220526761837023 0.090004178265828405 0.059333625435863582 -0.067630475634879381 0.012847387698734298 0.037263776494441812 0.10187385552469555 -0.038113204099501669 0.084432016614414629 0.067472749853171907 -0.065020601150502802 -0.051468320714231963 0.089431150114829175 -0.053756399048116993 -0.070103337527203657 -0.093487615377607067 0.047578615386409603 0.029648203644529761 -0.060051412137956055 0.088365371539948848 -0.050581851772451315 -0.10559114579844871 0.079481687640598639 0.079662208636418042 -0.15370998224573149 -0.0055552593979666005 0.013986217184936737 -0.11615614677153924 0.07884836659656963 -0.062763756501987275 -0.020108428472356544
leaf_weight=5.9956272691488248 4.2038862705230704 4.2278086319565755 4.1207633353769779 7.6888957433402565 6.3646337836980829 3.4491292387247077 3.5128666125237968 6.7034051530063143 14.627365469932554 6.8134978748857966 7.9631643481552592 4.4473273493349543 3.4526881575584412 16.992423295974731 5.6760122478008261 6.1727214641869059 53.584222704172134 4.9090618044137964 4.8588267639279357 8.5790737792849558 4.2091518491506568 4.6368329897522917 5.7737486436963055 5.2862292230129269 6.0701810866594306 4.8946508318185789 4.1534823216497898 3.504903007298708 3.5259618610143653 5.4285738803446302
leaf_count=40 22 24 26 50 35 20 25 49 93 38 50 26 22 104 28 43 315 26 26 51 21 31 34 27 36 29 24 24 23 36
internal_value=0.000424939 -0.0451166 -0.00220956 0.00349397 0.00170054 0.00688801 0.00492687 0.00924983 0.00585077 0.0154831 0.0212159 -0.0266965 0.0257116 -0.0439109 -0.0351848 -0.0149153 0.0277719 -0.00438772 0.0199072 0.0149646 -0.0295303 -0.00394356 -0.0243949 -0.0417793 -0.0632253 -0.0867464 -0.0452783 0.0191834 0.007362 0.0306791
internal_weight=231.827 14.3442 8.34857 217.483 213.279 180.698 177.249 160.299 153.595 105.272 98.4586 32.5813 7.90002 24.6813 16.9497 48.3233 90.4955 11.2737 75.8681 71.0093 17.4251 13.2159 42.1506 27.4223 20.4045 14.3344 9.04813 7.01777 14.7283 11.2023
internal_count=1398 90 50 1308 1286 1084 1064 975 926 625 587 202 48 154 89 301 537 61 444 418 103 82 258 165 116 80 53 49 93 70
is_linear=0
shrinkage=0.1


end of trees

feature_importances:
Amount_invested_monthly=85
Changed_Credit_Limit=78
Delay_from_due_date=72
monthly_debt_service_ratio=70
Interest_Rate=68
Outstanding_Debt=68
investment_rate=67
Credit_Utilization_Ratio=56
Total_EMI_per_month=55
Monthly_Balance=53
debt_to_income_ratio=53
Age=50
Num_of_Delayed_Payment=45
Num_Credit_Inquiries=38
Annual_Income=35
Num_Credit_Card=31
Num_Bank_Accounts=29
Monthly_Inhand_Salary=27
Num_of_Loan=21
financial_risk_score=13
occupation_category=6

parameters:
[boosting: gbdt]
[objective: binary]
[metric: auc]
[tree_learner: serial]
[device_type: cpu]
[data_sample_strategy: bagging]
[data: ]
[valid: ]
[num_iterations: 1000]
[learning_rate: 0.1]
[num_leaves: 31]
[num_threads: -1]
[seed: 42]
[deterministic: 0]
[force_col_wise: 1]
[force_row_wise: 0]
[histogram_pool_size: -1]
[max_depth: -1]
[min_data_in_leaf: 20]
[min_sum_hessian_in_leaf: 0.001]
[bagging_fraction: 0.8]
[pos_bagging_fraction: 1]
[neg_bagging_fraction: 1]
[bagging_freq: 5]
[bagging_seed: 400]
[bagging_by_query: 0]
[feature_fraction: 0.8]
[feature_fraction_bynode: 1]
[feature_fraction_seed: 30056]
[extra_trees: 0]
[extra_seed: 12879]
[early_stopping_round: 0]
[early_stopping_min_delta: 0]
[first_metric_only: 0]
[max_delta_step: 0]
[lambda_l1: 0.1]
[lambda_l2: 0.1]
[linear_lambda: 0]
[min_gain_to_split: 0]
[drop_rate: 0.1]
[max_drop: 50]
[skip_drop: 0.5]
[xgboost_dart_mode: 0]
[uniform_drop: 0]
[drop_seed: 17869]
[top_rate: 0.2]
[other_rate: 0.1]
[min_data_per_group: 100]
[max_cat_threshold: 32]
[cat_l2: 10]
[cat_smooth: 10]
[max_cat_to_onehot: 4]
[top_k: 20]
[monotone_constraints: ]
[monotone_constraints_method: basic]
[monotone_penalty: 0]
[feature_contri: ]
[forcedsplits_filename: ]
[refit_decay_rate: 0.9]
[cegb_tradeoff: 1]
[cegb_penalty_split: 0]
[cegb_penalty_feature_lazy: ]
[cegb_penalty_feature_coupled: ]
[path_smooth: 0]
[interaction_constraints: ]
[verbosity: -1]
[saved_feature_importance_type: 0]
[use_quantized_grad: 0]
[num_grad_quant_bins: 4]
[quant_train_renew_leaf: 0]
[stochastic_rounding: 1]
[linear_tree: 0]
[max_bin: 255]
[max_bin_by_feature: ]
[min_data_in_bin: 3]
[bin_construct_sample_cnt: 200000]
[data_random_seed: 175]
[is_enable_sparse: 1]
[enable_bundle: 1]
[use_missing: 1]
[zero_as_missing: 0]
[feature_pre_filter: 1]
[pre_partition: 0]
[two_round: 0]
[header: 0]
[label_column: ]
[weight_column: ]
[group_column: ]
[ignore_column: ]
[categorical_feature: 1,2,15,22]
[forcedbins_filename: ]
[precise_float_parser: 0]
[parser_config_file: ]
[objective_seed: 16083]
[num_class: 1]
[is_unbalance: 1]
[scale_pos_weight: 1]
[sigmoid: 1]
[boost_from_average: 1]
[reg_sqrt: 0]
[alpha: 0.9]
[fair_c: 1]
[poisson_max_delta_step: 0.7]
[tweedie_variance_power: 1.5]
[lambdarank_truncation_level: 30]
[lambdarank_norm: 1]
[label_gain: ]
[lambdarank_position_bias_regularization: 0]
[eval_at: ]
[multi_error_top_k: 1]
[auc_mu_weights: ]
[num_machines: 1]
[local_listen_port: 12400]
[time_out: 120]
[machine_list_filename: ]
[machines: ]
[gpu_platform_id: -1]
[gpu_device_id: -1]
[gpu_use_dp: 0]
[num_gpu: 1]

end of parameters

pandas_categorical:[["Adult", "Middle", "Senior", "Unknown", "Young"], ["Education_Media", "Management", "Other", "Professional", "Skilled_Trade", "Technical"], ["0 Years and 10 Months", "0 Years and 11 Months", "0 Years and 8 Months", "0 Years and 9 Months", "1 Years and 0 Months", "1 Years and 10 Months", "1 Years and 11 Months", "1 Years and 2 Months", "1 Years and 3 Months", "1 Years and 4 Months", "1 Years and 5 Months", "1 Years and 6 Months", "1 Years and 7 Months", "1 Years and 8 Months", "1 Years and 9 Months", "10 Years and 0 Months", "10 Years and 1 Months", "10 Years and 10 Months", "10 Years and 11 Months", "10 Years and 2 Months", "10 Years and 3 Months", "10 Years and 4 Months", "10 Years and 5 Months", "10 Years and 6 Months", "10 Years and 7 Months", "10 Years and 8 Months", "10 Years and 9 Months", "11 Years and 0 Months", "11 Years and 1 Months", "11 Years and 10 Months", "11 Years and 11 Months", "11 Years and 2 Months", "11 Years and 3 Months", "11 Years and 4 Months", "11 Years and 5 Months", "11 Years and 6 Months", "11 Years and 7 Months", "11 Years and 8 Months", "11 Years and 9 Months", "12 Years and 0 Months", "12 Years and 10 Months", "12 Years and 11 Months", "12 Years and 2 Months", "12 Years and 3 Months", "12 Years and 4 Months", "12 Years and 5 Months", "12 Years and 6 Months", "12 Years and 7 Months", "12 Years and 8 Months", "12 Years and 9 Months", "13 Years and 0 Months", "13 Years and 1 Months", "13 Years and 10 Months", "13 Years and 11 Months", "13 Years and 2 Months", "13 Years and 3 Months", "13 Years and 4 Months", "13 Years and 5 Months", "13 Years and 6 Months", "13 Years and 7 Months", "13 Years and 8 Months", "13 Years and 9 Months", "14 Years and 0 Months", "14 Years and 1 Months", "14 Years and 10 Months", "14 Years and 11 Months", "14 Years and 2 Months", "14 Years and 3 Months", "14 Years and 4 Months", "14 Years and 5 Months", "14 Years and 6 Months", "14 Years and 8 Months", "14 Years and 9 Months", "15 Years and 0 Months", "15 Years and 1 Months", "15 Years and 10 Months", "15 Years and 11 Months", "15 Years and 2 Months", "15 Years and 3 Months", "15 Years and 4 Months", "15 Years and 5 Months", "15 Years and 6 Months", "15 Years and 8 Months", "15 Years and 9 Months", "16 Years and 0 Months", "16 Years and 1 Months", "16 Years and 10 Months", "16 Years and 11 Months", "16 Years and 2 Months", "16 Years and 3 Months", "16 Years and 4 Months", "16 Years and 5 Months", "16 Years and 6 Months", "16 Years and 7 Months", "16 Years and 8 Months", "16 Years and 9 Months", "17 Years and 0 Months", "17 Years and 1 Months", "17 Years and 10 Months", "17 Years and 11 Months", "17 Years and 2 Months", "17 Years and 3 Months", "17 Years and 4 Months", "17 Years and 5 Months", "17 Years and 6 Months", "17 Years and 7 Months", "17 Years and 8 Months", "17 Years and 9 Months", "18 Years and 0 Months", "18 Years and 1 Months", "18 Years and 10 Months", "18 Years and 11 Months", "18 Years and 2 Months", "18 Years and 3 Months", "18 Years and 4 Months", "18 Years and 5 Months", "18 Years and 6 Months", "18 Years and 7 Months", "18 Years and 8 Months", "18 Years and 9 Months", "19 Years and 0 Months", "19 Years and 1 Months", "19 Years and 10 Months", "19 Years and 11 Months", "19 Years and 2 Months", "19 Years and 3 Months", "19 Years and 4 Months", "19 Years and 5 Months", "19 Years and 6 Months", "19 Years and 7 Months", "19 Years and 8 Months", "19 Years and 9 Months", "2 Years and 0 Months", "2 Years and 10 Months", "2 Years and 11 Months", "2 Years and 2 Months", "2 Years and 3 Months", "2 Years and 4 Months", "2 Years and 5 Months", "2 Years and 6 Months", "2 Years and 8 Months", "2 Years and 9 Months", "20 Years and 0 Months", "20 Years and 1 Months", "20 Years and 10 Months", "20 Years and 11 Months", "20 Years and 2 Months", "20 Years and 3 Months", "20 Years and 4 Months", "20 Years and 5 Months", "20 Years and 6 Months", "20 Years and 7 Months", "20 Years and 8 Months", "20 Years and 9 Months", "21 Years and 0 Months", "21 Years and 1 Months", "21 Years and 10 Months", "21 Years and 11 Months", "21 Years and 2 Months", "21 Years and 3 Months", "21 Years and 4 Months", "21 Years and 5 Months", "21 Years and 6 Months", "21 Years and 7 Months", "21 Years and 8 Months", "21 Years and 9 Months", "22 Years and 0 Months", "22 Years and 1 Months", "22 Years and 10 Months", "22 Years and 11 Months", "22 Years and 2 Months", "22 Years and 3 Months", "22 Years and 4 Months", "22 Years and 5 Months", "22 Years and 6 Months", "22 Years and 7 Months", "22 Years and 8 Months", "22 Years and 9 Months", "23 Years and 0 Months", "23 Years and 1 Months", "23 Years and 10 Months", "23 Years and 11 Months", "23 Years and 2 Months", "23 Years and 3 Months", "23 Years and 4 Months", "23 Years and 5 Months", "23 Years and 6 Months", "23 Years and 7 Months", "23 Years and 8 Months", "23 Years and 9 Months", "24 Years and 0 Months", "24 Years and 1 Months", "24 Years and 10 Months", "24 Years and 11 Months", "24 Years and 2 Months", "24 Years and 3 Months", "24 Years and 4 Months", "24 Years and 5 Months", "24 Years and 6 Months", "24 Years and 7 Months", "24 Years and 8 Months", "24 Years and 9 Months", "25 Years and 0 Months", "25 Years and 1 Months", "25 Years and 10 Months", "25 Years and 11 Months", "25 Years and 2 Months", "25 Years and 3 Months", "25 Years and 4 Months", "25 Years and 5 Months", "25 Years and 6 Months", "25 Years and 7 Months", "25 Years and 8 Months", "25 Years and 9 Months", "26 Years and 0 Months", "26 Years and 1 Months", "26 Years and 10 Months", "26 Years and 11 Months", "26 Years and 2 Months", "26 Years and 3 Months", "26 Years and 4 Months", "26 Years and 5 Months", "26 Years and 6 Months", "26 Years and 8 Months", "26 Years and 9 Months", "27 Years and 0 Months", "27 Years and 10 Months", "27 Years and 11 Months", "27 Years and 2 Months", "27 Years and 3 Months", "27 Years and 4 Months", "27 Years and 5 Months", "27 Years and 6 Months", "27 Years and 8 Months", "27 Years and 9 Months", "28 Years and 0 Months", "28 Years and 10 Months", "28 Years and 11 Months", "28 Years and 2 Months", "28 Years and 3 Months", "28 Years and 4 Months", "28 Years and 5 Months", "28 Years and 6 Months", "28 Years and 7 Months", "28 Years and 8 Months", "28 Years and 9 Months", "29 Years and 0 Months", "29 Years and 1 Months", "29 Years and 10 Months", "29 Years and 11 Months", "29 Years and 2 Months", "29 Years and 3 Months", "29 Years and 4 Months", "29 Years and 5 Months", "29 Years and 6 Months", "29 Years and 7 Months", "29 Years and 8 Months", "29 Years and 9 Months", "3 Years and 0 Months", "3 Years and 10 Months", "3 Years and 11 Months", "3 Years and 2 Months", "3 Years and 3 Months", "3 Years and 4 Months", "3 Years and 5 Months", "3 Years and 6 Months", "3 Years and 7 Months", "3 Years and 8 Months", "3 Years and 9 Months", "30 Years and 0 Months", "30 Years and 1 Months", "30 Years and 10 Months", "30 Years and 11 Months", "30 Years and 2 Months", "30 Years and 3 Months", "30 Years and 4 Months", "30 Years and 5 Months", "30 Years and 6 Months", "30 Years and 7 Months", "30 Years and 8 Months", "30 Years and 9 Months", "31 Years and 0 Months", "31 Years and 1 Months", "31 Years and 10 Months", "31 Years and 11 Months", "31 Years and 2 Months", "31 Years and 3 Months", "31 Years and 4 Months", "31 Years and 5 Months", "31 Years and 6 Months", "31 Years and 7 Months", "31 Years and 8 Months", "31 Years and 9 Months", "32 Years and 0 Months", "32 Years and 1 Months", "32 Years and 10 Months", "32 Years and 11 Months", "32 Years and 2 Months", "32 Years and 3 Months", "32 Years and 4 Months", "32 Years and 5 Months", "32 Years and 6 Months", "32 Years and 7 Months", "32 Years and 8 Months", "32 Years and 9 Months", "33 Years and 0 Months", "33 Years and 1 Months", "33 Years and 2 Months", "33 Years and 3 Months", "33 Years and 4 Months", "33 Years and 5 Months", "33 Years and 6 Months", "33 Years and 7 Months", "33 Years and 8 Months", "4 Years and 0 Months", "4 Years and 1 Months", "4 Years and 10 Months", "4 Years and 11 Months", "4 Years and 2 Months", "4 Years and 3 Months", "4 Years and 4 Months", "4 Years and 5 Months", "4 Years and 6 Months", "4 Years and 8 Months", "4 Years and 9 Months", "5 Years and 0 Months", "5 Years and 1 Months", "5 Years and 10 Months", "5 Years and 11 Months", "5 Years and 2 Months", "5 Years and 3 Months", "5 Years and 4 Months", "5 Years and 5 Months", "5 Years and 6 Months", "5 Years and 7 Months", "5 Years and 8 Months", "5 Years and 9 Months", "6 Years and 0 Months", "6 Years and 1 Months", "6 Years and 10 Months", "6 Years and 11 Months", "6 Years and 2 Months", "6 Years and 3 Months", "6 Years and 4 Months", "6 Years and 5 Months", "6 Years and 6 Months", "6 Years and 7 Months", "6 Years and 8 Months", "6 Years and 9 Months", "7 Years and 0 Months", "7 Years and 1 Months", "7 Years and 10 Months", "7 Years and 11 Months", "7 Years and 2 Months", "7 Years and 3 Months", "7 Years and 4 Months", "7 Years and 5 Months", "7 Years and 6 Months", "7 Years and 8 Months", "7 Years and 9 Months", "8 Years and 0 Months", "8 Years and 1 Months", "8 Years and 10 Months", "8 Years and 11 Months", "8 Years and 2 Months", "8 Years and 3 Months", "8 Years and 4 Months", "8 Years and 5 Months", "8 Years and 6 Months", "8 Years and 8 Months", "8 Years and 9 Months", "9 Years and 0 Months", "9 Years and 1 Months", "9 Years and 10 Months", "9 Years and 11 Months", "9 Years and 2 Months", "9 Years and 3 Months", "9 Years and 4 Months", "9 Years and 5 Months", "9 Years and 6 Months", "9 Years and 7 Months", "9 Years and 8 Months", "9 Years and 9 Months"], ["Very_High"]]
