tree
version=v4
num_class=1
num_tree_per_iteration=1
label_index=0
max_feature_idx=23
objective=binary sigmoid:1
feature_names=Age age_group occupation_category Annual_Income Monthly_Inhand_Salary Num_Bank_Accounts Num_Credit_Card Interest_Rate Num_of_Loan Delay_from_due_date Num_of_Delayed_Payment Changed_Credit_Limit Num_Credit_Inquiries Outstanding_Debt Credit_Utilization_Ratio Credit_History_Age Total_EMI_per_month Amount_invested_monthly Monthly_Balance debt_to_income_ratio monthly_debt_service_ratio investment_rate credit_utilization_category financial_risk_score
feature_infos=[14:56] -1:1:0:4:2:3 -1:3:0:5:1:4:2 [7006.03515625:165774.5625] [333.5966796875:13627.169921875] [-1:10] [0:21] [1:99] [0:9] [-5:67] [0:28] [-6.4899997711181641:33.740001678466797] [0:2457] [0.54000002145767212:4579.43994140625] [20.10076904296875:47.178447723388672] -1:143:84:127:88:94:119:74:106:91:111:125:49:87:99:103:107:112:113:116:122:151:51:95:108:118:123:128:131:149:150:342:351:59:102:114:126:89:98:147:235:256:83:86:104:120:148:153:161:170:186:282:299:370:34:75:124:165:169:172:245:276:279:364:44:47:110:191:194:231:244:277:292:313:332:357:362:385:19:31:96:130:184:197:203:221:223:232:247:251:252:259:346:348:355:369:15:40:52:67:115:157:158:171:193:201:209:219:240:255:272:301:314:350:374:384:30:82:92:100:154:181:185:195:208:220:288:290:295:298:304:306:312:340:360:367:372:379:22:28:29:41:45:56:57:69:101:145:146:160:167:214:222:230:239:243:254:274:278:283:284:294:300:303:343:344:345:366:368:377:382:17:21:24:26:43:55:61:76:77:78:80:90:175:207:253:275:280:296:347:349:356:361:376:380:381:32:33:37:60:65:66:163:174:177:178:183:187:189:196:217:218:227:233:234:236:237:241:257:260:302:310:353:354:365:20:25:36:39:42:54:63:68:70:71:141:162:173:182:213:215:226:229:242:289:291:359:18:53:179:198:202:210:238:268:286:287:307:308:333:358:378:64:79:136:137:155:159:166:190:211:225:249:311:331:339:1:6:8:14:38:72:199:206:337:338:373:10:13:23:48:132:135:248:261:262:9:138:142:205:263:271:325:327:329:335:336:3:144:270:297:305:320:321:323 [0:391.62936401367188] [0:489.45126342773438] [3.9678335189819336:1422.5675048828125] [4.1678899833641481e-06:0.56294429302215576] [0:0.19103126227855682] [0:0.1471019983291626] none [2:8]
tree_sizes=3449 3361 3361 3509 3448 3545 3392 3604 3384 3528 3545 3373 3629 3696 3650 3592 3521 3628 3400 3379 3610 3657 3683 3387 3633 3788 3550 3577 3666 3638 3697 3620 3420 3659 3403

Tree=0
num_leaves=31
num_cat=1
split_feature=13 7 15 11 9 21 20 7 10 9 9 4 17 13 17 8 9 19 5 7 14 9 20 12 20 13 10 4 19 7
split_gain=962.162 230.184 132.552 56.3081 51.7894 47.1767 46.3612 37.9508 27.295 26.4959 25.7546 19.9148 19.5217 17.8919 14.7724 14.0429 15.3263 13.7732 12.1974 14.2771 14.7065 18.0574 16.6422 13.9889 13.9254 12.1508 18.2019 12.147 17.9846 11.8638
threshold=1494.495056152344 20.500000000000004 0 16.899999618530277 33.500000000000007 0.02963846176862717 0.050044720992445953 14.500000000000002 5.5000000000000009 24.500000000000004 14.500000000000002 9817.9946289062518 44.750694274902351 1156.8049926757815 56.625555038452156 1.0000000180025095e-35 16.500000000000004 0.049520328640937812 6.5000000000000009 12.500000000000002 26.024858474731449 3.5000000000000004 0.028756252489984039 5.5000000000000009 0.034841010347008712 2489.025024414063 16.500000000000004 1546.2492675781252 0.049520328640937812 3.5000000000000004
decision_type=8 10 9 10 2 10 8 8 8 2 2 8 10 10 10 10 2 8 8 10 2 2 10 2 10 10 10 10 8 8
left_child=1 2 9 7 5 8 27 -2 10 11 29 12 -1 18 -9 -15 -17 -14 19 20 -7 -22 23 -23 -24 -8 -27 -5 -29 -4
right_child=3 -3 4 6 -6 13 25 14 -10 -11 -12 -13 17 15 -16 16 -18 -19 -20 -21 21 22 24 -25 -26 26 -28 28 -30 -31
leaf_value=-1.0001352264552419 -0.88278491827242234 -0.66880265306926012 -0.88278491827242234 -0.67006187364852876 -0.69018046543882994 -0.8455288017619178 -0.78755704437970309 -0.72358980970108044 -1.0311445061796465 -0.73123309789462332 -0.74674646843365344 -0.75610868052838165 -0.84245113246973913 -0.9970971544116044 -0.66592725602595837 -0.92362100434805428 -0.81383147148777013 -1.0003449610900483 -1.0183058660030599 -1.0181183236875719 -1.0851928066398826 -0.99355986786552297 -0.74345453723473343 -0.87803435967038834 -0.92703451889529842 -0.77309793589918252 -0.93332763579319256 -0.64864810513581572 -0.80244659468339674 -1.0141636204190123
leaf_weight=11.936616137623785 9.9923759847879392 32.578648760914803 9.9923759847879428 32.058849647641182 6.4050221145153037 16.967174515128136 26.574707686901093 66.564237713813782 145.7858866751194 19.4662154763937 5.9689393788576117 14.704307079315184 49.375865280628204 11.534272477030752 173.77528610825539 29.792194351553917 22.533770233392715 6.0688939839601508 29.908387184143066 22.4312903881073 8.4492168724536878 35.726132035255432 7.4108812659978893 14.686806231737135 9.5562932491302472 10.579653248190878 21.644103914499283 11.083214133977888 27.060767725110054 21.224259406328201
leaf_count=53 37 78 37 77 16 59 83 182 674 54 17 43 171 51 414 118 74 27 136 102 42 157 21 54 38 32 87 25 87 96
internal_value=-0.839211 -0.925942 -0.942772 -0.717523 -0.969404 -0.97457 -0.771731 -0.68971 -1.01164 -0.846421 -0.935423 -0.861575 -0.884991 -0.942151 -0.681755 -0.898054 -0.875982 -0.859975 -0.961506 -0.946803 -0.929401 -0.948412 -0.930936 -0.959631 -0.845529 -0.837862 -0.88003 -0.716722 -0.756828 -0.971712
internal_weight=911.837 532.503 499.925 379.333 398.373 391.968 129.001 250.332 182.971 101.552 37.1856 82.0857 67.3814 208.996 240.34 63.8602 52.326 55.4448 145.136 115.228 92.7965 75.8293 67.3801 50.4129 16.9672 58.7985 32.2238 70.2028 38.144 31.2166
internal_count=3142 2118 2040 1024 1692 1676 391 633 824 348 150 294 251 852 596 243 192 198 609 473 371 312 270 211 59 202 119 189 112 133
cat_boundaries=0 10
cat_threshold=0 0 1311744 1352188032 73400332 35336 1346373632 1073742976 2097152 65668
is_linear=0
shrinkage=1


Tree=1
num_leaves=31
num_cat=0
split_feature=13 7 9 6 10 9 21 11 20 6 4 7 0 5 10 4 0 3 20 13 0 21 12 19 7 7 20 11 11 13
split_gain=668.395 163.697 65.3243 40.8921 42.1715 51.1451 48.0293 35.0567 29.9602 24.2601 20.3472 20.1219 19.5268 18.7146 18.471 18.002 17.1665 19.4397 16.1404 15.4464 15.3138 14.6165 14.5971 15.3416 13.5006 12.5522 13.9276 10.0748 13.5148 14.0602
threshold=1494.495056152344 20.500000000000004 33.500000000000007 2.5000000000000004 5.5000000000000009 16.500000000000004 0.02963846176862717 18.335000038146976 0.050044720992445953 7.5000000000000009 8081.2673339843759 14.500000000000002 39.500000000000007 5.5000000000000009 13.500000000000002 1437.970397949219 41.500000000000007 29238.844726562504 0.020744554698467258 630.32000732421886 51.500000000000007 0.011095311027020218 3.5000000000000004 0.020732869394123558 9.5000000000000018 12.500000000000002 0.016558750532567505 2.554999947547913 7.7950000762939462 1347.8750000000002
decision_type=8 10 2 8 8 2 10 10 8 8 10 8 10 8 8 10 10 10 8 10 8 10 2 8 10 8 10 10 10 8
left_child=1 2 3 -1 5 20 10 11 -9 12 -6 -2 13 27 15 -14 -17 -18 19 -12 24 -21 -19 -24 -5 26 -16 -8 -29 -30
right_child=7 -3 -4 4 6 -7 9 8 -10 -11 18 -13 14 -15 25 16 17 22 -20 21 -22 -23 23 -25 -26 -27 -28 28 29 -31
leaf_value=-0.12605973655337466 0.081218501657558728 0.22537698917256341 0.24498508066268576 -0.0081180971806797727 -0.067903301971309574 0.26193712187910323 -0.066590371709187732 0.18719687240811325 0.080954972024756044 0.17969255281732369 -0.043006425564078229 0.21232910960371296 0.21135242760370943 -0.058676482938673641 -0.040222823406953274 0.19642139032867589 -0.10458474590187726 0.15757172038818223 -0.071576078483640435 0.02451584213392104 0.1490548125438261 0.19694975927906511 -0.099821690319229731 0.11857682774879873 0.10122064442070422 -0.078905266478775174 0.14436308223532243 0.091809359506709223 -0.025608454746137196 0.13421533331427479
leaf_weight=24.27754545211792 12.624081030488012 36.276075437664986 11.049577981233595 45.171860843896866 123.7513627409935 11.972666099667547 10.867627933621405 60.685398265719414 48.366152510046959 9.5447505563497526 11.000318184494974 293.45471151173115 10.201764553785322 45.358532518148422 7.9942592233419481 7.5661579370498648 7.9937931597232845 11.126561135053636 16.127038955688477 11.000739991664888 10.623978480696676 9.0670743286609632 6.8568248450756046 5.8811563402414331 14.894941329956053 13.203464120626448 8.066163241863249 26.599977299571037 34.035647228360176 6.4625251442193976
leaf_count=121 43 78 23 186 578 26 49 151 164 27 49 666 28 204 35 21 38 33 76 44 33 25 32 19 51 61 25 92 144 20
internal_value=0.0942447 0.0205446 0.00564228 0.000171826 0.00680427 0.0715414 -0.0071677 0.189524 0.140286 0.0246264 -0.0466024 0.206982 0.0171725 -0.00761395 0.0560069 0.0931175 0.0618119 0.0290155 0.00906529 0.0513413 0.038829 0.103511 0.0744338 0.000372686 0.0189519 -0.00668831 0.0521842 0.022002 0.0365775 0
internal_weight=952.103 536.972 500.696 489.647 465.369 82.6634 382.706 415.13 109.052 211.759 170.947 306.079 202.214 123.324 78.8901 49.6263 39.4245 31.8583 47.1952 31.0681 70.6908 20.0678 23.8645 12.738 60.0668 29.2639 16.0604 77.9658 67.0981 40.4982
internal_count=3142 2118 2040 2017 1896 296 1600 1024 315 828 772 709 801 509 292 171 143 122 194 118 270 69 84 51 237 121 60 305 256 164
is_linear=0
shrinkage=0.1


Tree=2
num_leaves=31
num_cat=0
split_feature=13 7 10 6 21 13 12 14 4 20 7 6 20 13 18 17 8 21 7 21 3 8 12 10 7 18 7 21 21 10
split_gain=500.791 141.891 30.6378 32.9716 25.1771 20.9302 23.9742 18.1883 17.8608 17.2627 16.8411 19.6371 15.268 18.2271 16.4769 14.474 14.3556 14.1835 17.5297 13.9 11.8036 11.8016 11.5671 18.0948 16.8929 24.8503 18.775 16.6201 14.4041 14.5503
threshold=1237.7149658203127 14.500000000000002 5.5000000000000009 2.5000000000000004 0.04180616699159146 2697.3950195312505 4.5000000000000009 38.973613739013679 8081.2673339843759 0.038826815783977515 12.500000000000002 5.5000000000000009 0.026347337290644649 368.22999572753912 484.04899597167974 119.84378051757814 2.5000000000000004 0.066527172923088088 27.500000000000004 0.042305674403905875 16484.945312500004 8.5000000000000018 2.5000000000000004 13.500000000000002 7.5000000000000009 313.76029968261724 15.500000000000002 0.10078625753521921 0.063112791627645506 12.500000000000002
decision_type=8 8 10 10 10 8 2 2 10 8 10 10 8 10 8 10 10 10 8 8 10 8 2 10 8 10 10 8 10 10
left_child=2 10 3 -1 8 6 -3 9 -4 -5 11 15 13 -10 -15 20 -13 18 21 -20 -2 -7 28 24 27 26 -26 -24 -6 -30
right_child=1 5 4 7 22 17 -8 -9 12 -11 -12 16 -14 14 -16 -17 -18 -19 19 -21 -22 -23 23 -25 25 -27 -28 -29 29 -31
leaf_value=-0.13172591676601525 0.053133246205665889 0.016791550136140906 -0.060369198546966145 0.016926074713325034 0.1533527157184007 0.15706430454435785 0.179438501324931 0.17295566265449308 -0.097913298595652648 0.14259722632738064 -0.10927414883359132 0.02917823420923912 -0.10498106989423624 -0.084316835620027383 0.10926728803946291 0.049267011094988662 0.16648732095491983 0.16852865181149226 0.085788180307209902 -0.063953886704605403 -0.10547209170390213 0.054171313507359778 -0.089838087082155946 -0.062977710449044211 -0.088743336399342107 0.16716500965442677 0.11221497527929321 0.12086402494638425 -0.078762060416670179 0.10507198786869952
leaf_weight=9.0636913329362851 6.406504929065707 9.476321727037428 142.99457834661007 48.543055295944214 12.158496320247652 50.982385590672493 335.40558890998363 13.717066958546637 7.5525468438863745 14.116266295313833 8.5399641990661603 15.175317242741587 8.9999552667140943 5.2163519114255932 24.50649519264698 25.499541774392128 15.722105294466017 60.145073682069778 20.183006629347805 8.7683594673871976 16.304775670170784 14.857565343379973 15.579034373164179 31.090849310159683 10.769810244441034 15.756655141711233 8.0197800844907743 4.793253317475318 8.7134293168783206 8.2947517633438093
leaf_count=48 22 36 672 187 37 124 733 38 38 40 40 59 45 25 81 93 45 141 58 34 79 47 72 142 51 46 26 15 40 28
internal_value=0.0822641 0.140572 -0.00557972 0.0472665 -0.020454 0.161152 0.175005 0.068783 -0.0428932 0.0455795 0.0230482 0.037579 0.010907 0.0393612 0.0747892 -0.00213868 0.0996821 0.130159 0.105556 0.0400283 -0.0602568 0.134114 0.016339 -0.00202381 0.0323538 0.0749638 -0.00230086 -0.0394268 0.0706525 0.0103979
internal_weight=977.353 587.467 389.886 85.4401 304.446 499.818 344.882 76.3764 189.27 62.6593 87.6482 79.1082 46.2753 37.2754 29.7228 48.2108 30.8974 154.936 94.7913 28.9514 22.7113 65.84 115.176 86.0094 54.9185 34.5462 18.7896 20.3723 29.1667 17.0082
internal_count=3142 1511 1631 313 1318 1173 769 265 861 227 338 298 189 144 106 194 104 404 263 92 101 171 457 352 210 123 77 87 105 68
is_linear=0
shrinkage=0.1


Tree=3
num_leaves=31
num_cat=2
split_feature=13 7 15 15 0 11 18 7 13 9 13 7 8 8 11 19 0 7 8 8 6 13 13 10 6 18 18 11 9 11
split_gain=385.549 107.256 92.5588 23.1345 21.5313 20.59 18.8131 15.0156 15.4671 19.8389 14.9388 15.6864 13.6771 13.6508 13.3809 12.6017 14.7502 14.3261 17.9648 11.945 13.9244 11.8061 12.1255 11.7931 14.8528 11.4388 11.0691 14.2781 14.2452 13.9793
threshold=1237.7149658203127 14.500000000000002 0 1 53.500000000000007 17.845000267028812 779.19781494140636 18.500000000000004 1500.6399536132815 33.500000000000007 1258.029968261719 12.500000000000002 3.5000000000000004 4.5000000000000009 18.960000038146976 0.03186153061687947 53.500000000000007 11.500000000000002 3.5000000000000004 1.0000000180025095e-35 6.5000000000000009 993.16000366210949 804.96499633789074 10.500000000000002 8.5000000000000018 347.66189575195318 307.38618469238287 8.4299998283386248 6.5000000000000009 12.789999961853029
decision_type=8 8 9 9 10 10 10 10 8 2 10 8 10 10 10 10 8 8 10 10 10 10 10 10 8 10 10 8 2 10
left_child=2 10 21 4 6 7 12 8 9 13 -2 19 -4 -3 15 23 17 18 25 -12 -21 22 -1 24 26 -17 -5 -28 -29 -30
right_child=1 5 3 14 -6 -7 -8 -9 -10 -11 11 -13 -14 -15 -16 16 -18 -19 -20 20 -22 -23 -24 -25 -26 -27 27 28 29 -31
leaf_value=0.095419831471734634 0.15274449818062796 -0.089760402134612394 -0.052249368011396062 -0.11061647120992153 0.20457311423473556 0.10542874672999325 0.16375907917112384 0.16315600717566253 0.14002917715109772 0.18591052148524995 -0.070742960120893955 -0.13396022224688317 0.10123336207265671 0.090299562288745139 0.070997259406325675 0.10401995632081594 0.15946764676383784 -0.10039576172483061 -0.13103136707897645 0.015644484483485984 0.13656337189148901 0.026398009919525112 0.20660610277217539 -0.083723423527604701 0.14025943871009833 -0.051954956875207438 -0.061545298228658153 -0.098954494226294987 0.091039102776592398 -0.08463749729681308
leaf_weight=45.031978994607925 7.689955160021781 9.6955431997776085 27.148376271128654 19.751652538776398 6.5423242747783652 132.2910475730896 6.5883386731147757 289.34165966510773 71.507501721382141 7.0690527260303488 11.674012973904608 7.027582883834838 7.2539566755294791 7.2626531571149817 9.792333170771597 16.75056970119477 4.9942152798175803 14.733914807438849 6.0787994116544715 50.100552409887314 11.749762505292891 17.65557274222374 12.946614459156988 96.131555184721947 4.4886904358863822 6.3549366146326056 50.167758375406265 7.5536271184682837 21.960866898298267 5.5589627027511588
leaf_count=148 22 43 124 98 17 349 19 592 155 13 54 36 24 21 37 57 14 73 32 192 34 64 31 477 14 30 230 38 76 28
internal_value=0.0726502 0.122497 -0.00521689 -0.0295781 0.0309696 0.139884 0.0101247 0.151671 0.116647 0.046354 0.0204403 0.00751209 -0.0193971 -0.011983 -0.0412421 -0.0472454 -0.00140957 -0.0202518 0.0200726 0.0213337 0.0389603 0.0873713 0.120733 -0.0580946 -0.0354437 0.0606507 -0.0431769 -0.0273217 0.021382 0.0550127
internal_weight=992.894 605.409 387.485 311.851 47.533 517.167 40.9907 384.876 95.5348 24.0272 88.2419 80.5519 34.4023 16.9582 264.318 254.526 48.9124 43.9182 29.1843 73.5243 61.8503 75.6342 57.9786 205.613 109.482 23.1055 104.993 85.2412 35.0735 27.5198
internal_count=3142 1511 1631 1388 184 1173 167 824 232 77 338 316 148 64 1204 1167 206 192 119 280 226 243 179 961 484 87 470 372 142 104
cat_boundaries=0 10 20
cat_threshold=0 0 1311744 10010760 37748744 35336 1073743872 134217856 2097152 65920 0 0 0 1073742080 67108864 83886082 339739172 1073743872 0 67112981
is_linear=0
shrinkage=0.1


Tree=4
num_leaves=31
num_cat=1
split_feature=13 15 5 13 21 10 20 11 11 5 6 21 20 17 18 0 4 18 16 13 0 21 10 17 10 0 14 17 0 18
split_gain=303.586 78.8119 49.3936 36.1014 20.7196 18.9922 18.8098 17.6116 16.8369 15.2689 15.5685 15.0068 13.9769 14.4341 13.1264 15.7676 12.9314 16.7475 11.5082 11.4024 11.0822 10.9235 9.90134 11.1327 11.044 22.0947 11.1272 9.77429 13.8854 9.61455
threshold=1237.7149658203127 0 5.5000000000000009 1687.1450195312502 0.044642636552453048 5.5000000000000009 0.0051962770521640786 18.204999923706058 18.960000038146976 1.0000000180025095e-35 inf 0.12589346617460254 0.050044720992445953 71.64697647094728 273.49453735351568 48.500000000000007 3428.4128417968755 573.96945190429699 178.27700805664065 537.68499755859386 29.500000000000004 0.11950207874178888 4.5000000000000009 245.32210540771487 8.5000000000000018 36.500000000000007 34.392118453979499 208.50205993652347 51.500000000000007 808.82675170898449
decision_type=8 9 8 10 10 10 10 10 8 8 8 8 8 10 10 10 10 10 8 10 8 10 8 10 10 10 2 10 8 10
left_child=1 22 3 6 5 16 -2 -4 9 -7 -11 12 -9 20 15 21 19 -18 -15 -3 -14 -6 -1 24 25 -24 -26 28 -8 -19
right_child=2 4 7 -5 14 8 27 11 -10 10 -12 -13 13 18 -16 -17 17 29 -20 -21 -22 -23 23 -25 26 -27 -28 -29 -30 -31
leaf_value=0.16652332372634415 -0.08774069501931063 0.13701324505154464 0.1336188657455277 0.12460861608867127 -0.11006436580457879 0.061620755286380363 -0.010681085947974945 0.12975105841998724 0.056422799544547368 -0.089628214362842573 0.074018081865587199 -0.037597625888283831 0.067004596969956809 0.15084522940548364 0.032067026684598231 0.085544485116127042 -0.13567891093285617 0.078285116812419606 0.03336832294352534 -0.010577258264629411 -0.095756037744935574 0.027011451995609399 0.12468995917813952 -0.022665971892070362 0.15765661773682249 -0.13763287095524177 0.043446621786411149 0.099490304378546765 0.14221722637063869 -0.069779100753715864
leaf_weight=14.250984787940977 15.284983381628988 10.802636235952379 367.50566935539246 43.706697046756744 21.995629563927654 7.6670694053173083 40.569790840148926 65.23644545674324 10.446614593267439 127.05138137936592 5.9523000270128241 8.4774569571018201 7.922952368855479 18.067869633436203 70.861837148666382 7.652465656399726 10.696517482399942 11.272159591317179 16.030447497963905 9.8188124150037748 8.5891851633787137 7.6980585753917685 7.3192011564969999 9.9704133719205839 25.238348349928856 5.5511975586414337 13.426701739430426 17.252101927995682 6.8425659090280524 6.99283243715763
leaf_count=34 73 32 792 96 114 30 156 146 40 665 22 30 23 42 274 25 55 37 50 40 34 31 20 37 70 27 47 51 18 31
internal_value=0.0647636 -0.00490333 0.108314 0.0516186 -0.0275789 -0.0474866 0.0114858 0.122534 -0.0651029 -0.0742325 -0.0821793 0.089607 0.0990263 0.0590473 0.00671614 -0.0410756 0.00602563 -0.036802 0.096168 0.0665442 -0.0171241 -0.0742206 0.0803812 0.0730694 0.0917927 0.0105864 0.118469 0.035194 0.0114277 0.0209823
internal_weight=1000.15 384.665 615.486 123.656 308.908 200.7 79.9494 491.83 151.117 140.671 133.004 124.324 115.847 50.6105 108.208 37.3462 49.583 28.9615 34.0983 20.6214 16.5121 29.6937 75.7568 61.5059 51.5354 12.8704 38.6651 64.6645 47.4124 18.265
internal_count=3142 1631 1511 394 1396 952 298 1117 757 717 687 325 295 149 444 170 195 123 92 72 57 145 235 201 164 47 117 225 174 68
cat_boundaries=0 10
cat_threshold=0 0 1311744 10011016 33554440 35336 1073743872 134217856 2097152 65668
is_linear=0
shrinkage=0.1


Tree=5
num_leaves=31
num_cat=2
split_feature=7 15 13 15 10 13 11 9 10 19 11 11 5 16 13 23 21 12 5 14 0 20 14 17 17 10 0 17 7 21
split_gain=189.727 73.9639 46.2334 32.2723 28.9996 20.4349 21.8466 16.6324 16.3817 15.8351 15.1682 18.2451 14.5604 13.6404 19.3525 13.5029 12.5853 19.2467 12.3452 12.3155 12.0991 12.0581 15.8713 19.3124 19.3332 14.0873 13.1906 11.0387 10.8283 10.8179
threshold=18.500000000000004 0 1500.6399536132815 1 6.5000000000000009 1246.5650024414065 16.224999427795414 16.500000000000004 17.500000000000004 0.0062243680004030475 2.554999947547913 11.404999732971193 5.5000000000000009 130.47748565673831 2697.3950195312505 4.5000000000000009 0.057321535423398025 1.5000000000000002 3.5000000000000004 36.390981674194343 38.500000000000007 0.021524413488805298 39.511503219604499 119.11833953857423 133.07517242431643 10.500000000000002 24.500000000000004 215.6449890136719 12.500000000000002 0.051527528092265136
decision_type=10 9 8 9 8 8 8 2 10 10 8 10 8 8 10 2 10 2 8 2 10 8 2 10 10 8 8 10 10 8
left_child=1 7 3 4 9 -2 -7 10 21 -3 -1 20 -4 -8 -15 -10 17 -6 -17 -16 -12 22 23 25 -25 -5 29 -19 -13 -26
right_child=5 2 12 8 16 6 13 -9 15 -11 11 28 -14 14 19 18 -18 27 -20 -21 -22 -23 -24 24 26 -27 -28 -29 -30 -31
leaf_value=-0.056977886941384365 0.019138852742267218 0.20921667745627617 -0.036176496263017416 -0.029894097700457235 0.10472992400401643 0.13397015096115203 0.10736343768816103 0.13795821100620775 0.10605054554883804 0.062824702758917564 0.15542229528804113 -0.10234458792376887 0.085608312291859001 0.097799953549873517 -0.078620287007257539 0.095884465727878343 0.063834013135284112 -0.09005220564052703 -0.052224392929168917 0.079371023069127175 0.038005588430567588 -0.064281104568172084 0.082346467655201316 0.13360416769818204 0.15518544158718284 -0.13061436815590804 -0.046639433162278587 0.054393381299708915 0.085911676962593261 -0.022049978954736225
leaf_weight=9.0032415390014631 23.203838288784027 11.907672390341757 11.103030279278753 33.579447582364082 8.3990523368120176 254.69340984523296 93.727220371365547 55.499867886304855 14.521520853042601 20.330704227089882 26.07492932677269 7.1827103793621045 75.425890281796455 27.724937915802002 15.036994114518167 7.5901994258165377 21.504279226064682 28.077198922634125 20.740081682801247 7.1783264875411978 13.707328066229818 105.78852424025536 13.728313937783239 10.139369934797285 6.8522368371486637 24.09531868994236 38.441327914595604 6.3510332852601996 5.1291836649179459 6.6129934191703805
leaf_count=39 101 27 37 152 31 502 218 148 52 67 73 35 180 66 56 28 72 141 99 19 49 503 50 32 21 135 170 23 15 28
internal_value=0.05989 0.0228453 0.00383928 -0.01113 0.0366404 0.110973 0.11629 0.0904408 -0.0278382 0.117686 0.061737 0.0825155 0.0698422 0.0848071 0.0421439 0.0279297 0.00143823 -0.0297345 -0.0119939 -0.0269943 0.115413 -0.0390396 -0.018922 -0.0306769 0.00790625 -0.0722993 -0.0166648 -0.0630361 -0.0230503 0.0678842
internal_weight=1003.35 581.785 465.188 378.659 96.5699 421.565 398.361 116.597 282.089 32.2384 61.0974 52.0942 86.5289 143.667 49.9403 42.8518 64.3316 42.8273 28.3303 22.2153 39.7823 239.238 133.449 119.721 62.0459 57.6748 51.9066 34.4282 12.3119 13.4652
internal_count=3169 2207 1848 1631 361 962 861 359 1270 94 211 172 217 359 141 179 267 195 127 75 122 1091 588 538 251 287 219 164 50 49
cat_boundaries=0 12 22
cat_threshold=0 134217728 169608192 1620738432 67108868 536873482 4194312 32896 2 260 0 131584 0 0 3221225472 138428416 585138176 17077248 268470288 1051648 6291456 100933761
is_linear=0
shrinkage=0.1


Tree=6
num_leaves=31
num_cat=0
split_feature=7 6 13 16 17 18 13 20 11 20 17 17 11 16 13 12 7 14 17 17 17 20 18 5 7 19 6 3 11 16
split_gain=153.861 47.3469 28.7554 19.4145 22.8496 21.2073 17.1963 16.6277 15.277 17.4331 17.1504 12.6894 12.3698 12.9248 12.2305 12.2157 12.1662 20.7879 11.17 17.7619 13.1822 12.6845 12.3042 12.1951 16.6757 23.0746 12.9917 23.8374 11.9177 17.0086
threshold=18.500000000000004 2.5000000000000004 1494.495056152344 228.96723937988284 40.047178268432624 214.71630859375003 1246.5650024414065 0.030211077071726326 24.994999885559086 0.069773904979228987 149.69215393066409 43.233371734619148 6.7249999046325692 271.48091125488287 2160.2500000000005 11.500000000000002 24.500000000000004 32.532640457153327 206.82011413574222 313.67506408691412 193.85234069824222 0.013327197171747686 383.92834472656256 4.5000000000000009 14.500000000000002 0.055410128086805351 6.5000000000000009 33246.589843750007 7.4199998378753671 192.73540496826175
decision_type=10 8 8 8 8 10 10 8 8 8 8 10 10 10 8 2 10 2 10 10 10 8 10 8 8 10 10 10 10 8
left_child=1 -1 3 4 -3 -6 7 -2 9 -8 15 14 -5 -14 -4 -10 -11 -18 20 22 23 -21 -20 26 -25 -26 28 -28 29 -7
right_child=6 2 11 12 5 18 8 -9 10 16 -12 -13 13 -15 -16 -17 17 -19 19 21 -22 -23 -24 24 25 -27 27 -29 -30 -31
leaf_value=-0.12937189631813759 -0.026402105080511093 -0.082173597829248643 0.076341628788376428 -0.10199380639229179 -0.080265499560307083 -0.0180555631957512 0.12610230986087415 0.082102728247501297 0.13316687526781984 0.11462975397876772 -0.094079860208414232 0.089617809371571322 -0.046719809026882379 0.077402238823471567 -0.076999508333336908 -0.012353969386528954 -0.094416748801869121 0.096768239858731037 0.030836682276411388 0.057024965844091238 -0.087889080869062178 -0.089997329339347218 0.13044446301333651 -0.018429178384934766 4.3567861787065203e-05 0.17639308620211525 -0.0084067948073415395 0.17349010719351923 0.063286976759116514 0.15194226964906657
leaf_weight=20.234916657209396 17.859151348471642 19.567193761467934 10.658252641558649 20.244291201233864 17.035719886422157 53.640649870038033 265.99075493216515 64.508776098489761 16.240199670195587 18.987315028905869 6.9501990824937812 85.768835380673409 24.858071401715279 12.52297383546829 9.9641574621200544 8.7075150907039625 10.712723493576052 11.88404396176338 19.118438929319382 13.548895448446276 10.015273243188856 10.177728965878485 37.264209493994713 87.088236019015312 20.040422469377521 11.788913264870642 11.36282327771187 19.077334985136986 60.933098137378693 6.5088772028684607
leaf_count=116 79 100 26 101 82 228 527 164 35 41 26 198 116 46 35 26 38 26 73 46 47 48 110 379 87 25 47 55 225 17
internal_value=0.0538395 0.0204546 0.0258969 0.0149129 0.0228001 0.0282866 0.0998142 0.0584518 0.109801 0.116654 0.0432492 0.0726984 -0.0392199 -0.00477548 0.00175498 0.0821299 0.0558186 0.00567361 0.033464 0.0664505 0.0239857 -0.00573478 0.0969605 0.0281967 0.00412705 0.0660208 0.0470059 0.105458 0.0321535 0.000395855
internal_weight=1003.26 581.419 561.184 454.793 397.168 377.601 421.841 82.3679 339.473 307.575 31.8979 106.391 57.6253 37.381 20.6224 24.9477 41.5841 22.5968 360.565 80.1093 280.456 23.7266 56.3826 270.44 118.918 31.8293 151.523 30.4402 121.083 60.1495
internal_count=3169 2207 2091 1832 1569 1469 962 243 719 632 87 259 263 162 61 61 105 64 1387 277 1110 94 183 1063 491 112 572 102 470 245
is_linear=0
shrinkage=0.1


Tree=7
num_leaves=31
num_cat=3
split_feature=15 7 15 6 15 10 9 4 16 11 10 17 14 16 9 10 14 11 11 3 19 11 21 19 19 17 11 7 0 0
split_gain=131.933 89.5275 49.2443 21.6859 18.2463 17.5311 16.0749 22.2408 15.2886 14.6646 20.6252 13.8816 14.3808 12.0056 12.9442 11.9541 16.7251 15.1852 11.8715 15.8394 11.6926 11.6179 11.3839 11.3347 11.2869 11.5692 15.4449 10.4736 12.7783 11.7568
threshold=0 18.500000000000004 1 2.5000000000000004 2 5.5000000000000009 13.500000000000002 6692.4511718750009 31.807611465454105 15.605000019073488 14.500000000000002 45.734151840209968 38.454893112182624 132.15212249755862 36.500000000000007 6.5000000000000009 37.458923339843757 3.0349999666213994 7.9149999618530282 29646.439453125004 0.061534518375992782 11.144999980926515 0.04737218655645848 0.072674550116062178 0.061534518375992782 149.69215393066409 8.0250000953674334 16.500000000000004 42.500000000000007 30.500000000000004
decision_type=9 10 9 8 9 10 2 10 8 10 10 10 2 10 2 8 2 10 10 10 10 10 10 10 10 10 8 8 8 10
left_child=6 2 5 -4 15 -2 7 -1 18 -3 -11 12 -6 -12 -15 -5 17 -17 -7 -20 -16 -10 -23 -13 25 -19 -27 28 29 -25
right_child=1 9 3 4 11 8 -8 -9 21 10 13 23 -14 14 20 16 -18 24 19 -21 -22 22 -24 27 -26 26 -28 -29 -30 -31
leaf_value=0.10331761607385902 0.14075786131079601 0.089356016370580313 -0.12530202335636917 0.096826264955900798 -0.078062112297208275 -0.089657088849318542 0.14723469633639683 -0.13732244140602487 0.10160489113547791 0.1251206836519877 0.046052153184658523 -0.015715134570088902 0.051330285189467362 -0.11185950205367423 0.094601774796733221 0.13912135563191158 -0.11149008335592621 -0.087361875595372396 0.14457813698830613 -0.086203884031531453 -0.079754509014275721 -0.069402077397912695 0.093238598256974614 0.025856822718562218 0.1101394563530544 -0.092813983611672438 0.11939548140516527 0.11697985859282059 0.11786062920347756 -0.16521669889033566
leaf_weight=21.950732737779621 25.165782198309898 198.58224536478519 16.023709565401077 23.696462899446487 57.083650931715965 12.379634603857996 143.78852812945843 4.5292633175849906 41.26110015809536 25.167299121618271 66.986575797200203 208.63704931735992 9.9391632974147779 11.655903950333597 9.7119202166795713 10.890427455306051 9.0546107441186887 14.396102234721186 7.0843704640865308 4.9340744316577911 6.1854903250932685 9.4688937813043612 7.7127747833728781 7.3295110166072899 7.8913628011941901 5.3867160975933057 8.9494491964578611 12.975306555628775 6.1707494854927054 5.5152283757925034
leaf_count=62 63 455 99 66 287 56 290 23 124 51 176 878 36 45 22 30 45 72 22 23 23 41 21 22 20 25 24 27 16 25
internal_value=0.0485452 0.0306266 0.00507821 -0.0113486 -0.00687715 0.0618852 0.126563 0.0614194 0.0451249 0.0726353 0.0447624 -0.0178627 -0.058677 0.0231551 -0.0321148 0.0331705 0.0120584 0.0359974 -0.020987 0.0490778 0.0260623 0.0728842 0.00314501 -0.00717547 0.0047647 -0.0241114 0.0388759 0.0480822 0.000180405 -0.0560557
internal_weight=1000.5 830.236 511.946 403.939 387.916 108.007 170.269 26.48 82.8408 318.289 119.707 307.651 67.0228 94.5399 27.5533 80.2651 56.5687 47.5141 24.3981 12.0184 15.8974 58.4428 17.1817 240.628 36.6236 28.7323 14.3362 31.9908 19.0155 12.8447
internal_count=3169 2794 2022 1672 1573 350 375 85 287 772 317 1291 323 266 90 282 216 171 101 45 45 186 62 968 141 121 49 90 63 47
cat_boundaries=0 12 24 37
cat_threshold=2214625280 2326278432 34087948 1081664 0 0 8 0 0 0 1048576 1476411938 0 0 134479872 1619656832 608206852 537136650 4196352 34944 2 33554692 0 131072 0 0 2156920832 2554331144 35651584 16814080 268468240 1049600 6291456 67379329 0 1024 2
is_linear=0
shrinkage=0.1


Tree=8
num_leaves=31
num_cat=0
split_feature=7 6 17 16 12 19 23 9 5 10 23 6 7 11 18 19 5 3 11 12 17 14 19 16 3 16 9 20 18 17
split_gain=105.932 32.2633 17.7144 19.0568 16.508 22.1368 15.2781 31.6533 21.6751 17.7698 17.004 16.962 15.4419 14.2261 14.2203 13.2446 12.0662 11.7289 11.3437 15.5819 12.5437 10.9672 15.3824 10.3297 10.1501 14.0051 11.3975 10.018 9.79828 9.51892
threshold=15.500000000000002 2.5000000000000004 58.803253173828132 239.45257568359378 8.5000000000000018 0.053487155586481101 4.5000000000000009 16.500000000000004 2.5000000000000004 7.5000000000000009 5.5000000000000009 5.5000000000000009 11.500000000000002 13.300000190734865 339.56506347656256 0.026989223435521129 3.5000000000000004 20869.623046875004 24.994999885559086 11.500000000000002 84.224826812744155 35.969472885131843 0.017778966575860981 113.02697753906251 37151.154296875007 30.920023918151859 17.500000000000004 0.005316004855558277 217.64559173583987 108.00756072998048
decision_type=10 8 8 8 2 10 2 2 8 10 2 10 10 10 10 8 8 8 10 2 10 2 10 8 10 10 2 10 10 10
left_child=1 -1 17 6 5 24 7 11 -9 -10 12 -4 16 21 -13 -5 -8 -3 -6 23 -21 -11 -23 -20 25 26 -2 -26 -7 -27
right_child=4 2 3 15 18 28 10 8 9 13 -12 14 -14 -15 -16 -17 -18 -19 19 20 -22 22 -24 -25 27 29 -28 -29 -30 -31
leaf_value=-0.12321479988598937 0.13618683297866349 0.00044436307914727231 -0.0041752983763952761 -0.074562987350808296 0.09294964969390121 -0.029524437460153676 0.090371517106692639 0.21786609279954772 0.17308268321386225 0.10469871034069206 0.12178160768944973 -0.011727469859416613 -0.061429806868585568 -0.081978949232088622 0.097798493559011726 0.035152841691481605 -0.0054401024414772832 -0.09162317355045374 0.13054995786222856 -0.14025237919846981 0.041794121721484348 -0.13029850602018575 0.11674252398311109 -0.018290114037368944 -0.043852471927766694 -0.1544555478485562 -0.052474030772638236 0.060681334510440568 0.097270237749799093 -0.01544949681010368
leaf_weight=17.590228922665119 7.0552196353673917 32.871731460094452 99.258161202073097 31.752291038632393 319.94158005714417 6.4679695069789878 17.038097411394123 13.102403178811072 13.706375703215597 24.563167929649353 10.641361609101294 16.779720544815063 38.19214554131031 7.4876498878002158 38.905449569225311 16.593064934015274 55.682496026158333 23.528577372431755 15.738721042871477 7.0884003788232786 7.8013212978839874 5.5047667026519758 4.4616230130195618 6.4194115698337546 11.23989988863468 9.4106251150369662 5.6255920976400375 46.20753638446331 74.043863609433174 10.641901627182959
leaf_count=115 22 128 399 157 697 21 55 25 29 73 21 66 175 34 124 59 236 126 32 28 21 30 12 20 48 47 26 140 166 37
internal_value=0.0438815 0.00919976 0.0144234 0.0219501 0.0745917 0.0488304 0.030199 0.0456976 0.102116 0.0743783 0.0015713 0.0205224 -0.00997134 0.0416081 0.0646537 -0.0367051 0.0169641 -0.0378807 0.0868642 0.0339331 -0.0445613 0.0688558 -0.0186519 0.0870919 0.014641 -0.0295713 0.051953 0.0400143 0.0869361 -0.0816238
internal_weight=995.341 467.659 450.069 393.669 527.682 170.693 345.323 223.769 68.826 55.7236 121.554 154.943 110.913 42.0172 55.6852 48.3454 72.7206 56.4003 356.989 37.0479 14.8897 34.5296 9.96639 22.1581 90.1808 32.7333 12.6808 57.4474 80.5118 20.0525
internal_count=3169 1864 1749 1495 1305 507 1279 792 203 178 487 589 466 149 190 216 291 254 798 101 49 115 42 52 320 132 48 188 187 84
is_linear=0
shrinkage=0.1


Tree=9
num_leaves=31
num_cat=2
split_feature=15 7 15 6 17 13 20 16 20 7 9 14 10 13 21 6 14 7 9 17 10 13 18 13 20 16 7 12 14 4
split_gain=105.361 61.1377 42.1507 16.2586 14.5643 14.4465 13.4319 13.3423 12.9849 11.7209 10.9801 10.6864 9.55244 12.4586 13.3997 9.37332 18.1678 13.6508 14.6199 10.5684 12.4495 21.7873 13.9446 12.5414 9.64425 13.1389 11.2547 11.7899 9.90586 9.48913
threshold=0 18.500000000000004 1 2.5000000000000004 49.019451141357429 1246.5650024414065 0.034275788813829429 inf 0.008266299497336151 24.500000000000004 1.0000000180025095e-35 38.973613739013679 13.500000000000002 458.94999694824224 0.029950934462249282 6.5000000000000009 26.619136810302738 11.500000000000002 25.500000000000004 295.30201721191412 8.5000000000000018 1339.2449951171877 526.70239257812511 46.164999008178718 0.018645743839442733 105.32052993774415 17.500000000000004 2.5000000000000004 37.901334762573249 1449.2258300781252
decision_type=9 10 9 8 10 10 8 8 10 10 2 2 10 10 8 8 2 10 2 10 8 10 10 10 8 10 10 2 2 10
left_child=8 2 12 -4 11 -3 -7 10 -1 -8 -6 -5 -2 -14 -15 16 17 -12 -19 20 22 23 -17 -22 25 29 27 28 -26 -18
right_child=1 5 3 4 7 6 9 -9 -10 -11 15 -13 13 14 -16 19 24 18 -20 -21 21 -23 -24 -25 26 -27 -28 -29 -30 -31
leaf_value=0.032311577908936122 0.081173316984029006 0.017018130119574249 -0.1192851939522272 -0.057985456647778835 -0.133255535887596 0.099350655829877454 0.086101569339221806 -0.0800461935011062 0.12636295822873539 0.029301962113931969 0.10229286988658144 0.046783372292685949 -0.10000850615399044 0.13592986921722525 -0.016310517454803032 0.040947592499192262 0.086538288261840887 -0.13702801298907769 0.10358200291209255 -0.086167608513946295 0.078677504562339032 0.086132984002392318 0.20813099809469163 -0.077941876800710908 -0.035925242426457817 0.12148419936969268 0.073969849884195027 -0.074526361838995039 0.11824392848273224 -0.021115147678943527
leaf_weight=16.698696836829185 73.626720935106277 66.668424800038338 13.735703624784945 76.693117335438728 5.3640329837799063 95.103050202131271 59.667168796062469 18.673481360077858 149.05519413948059 95.188772320747375 25.106502205133438 10.9662479609251 7.1539277285337475 10.102203667163851 13.071115806698797 11.64807513356209 9.389666870236395 5.8331721276044828 4.2667160928249359 6.1631340086460105 6.6301455944776562 27.563913106918335 8.9674680829048139 20.733318150043488 11.724978700280191 9.0370191484689695 7.6645079106092444 56.770173266530037 6.3032880872488013 59.042956709861755
leaf_count=52 223 208 99 380 28 195 131 91 316 245 77 39 35 27 51 39 29 32 11 26 17 64 20 101 51 26 21 261 18 256
internal_value=0.0397322 0.0238587 0.00256813 -0.0123935 -0.00887816 0.0586086 0.0696503 0.00154409 0.110322 0.0512933 0.00700469 -0.0447265 0.0562992 0.0140171 0.0499265 0.00980556 -0.00205643 0.0628143 -0.0343825 0.0382257 0.048607 0.0234156 0.114806 -0.0394807 -0.0164294 0.00879739 -0.0402318 -0.0521505 0.0177808 -0.00609334
internal_weight=988.613 822.859 506.232 402.278 388.542 316.627 249.959 300.883 165.754 154.856 282.209 87.6594 103.954 30.3272 23.1733 276.845 195.139 35.2064 10.0999 81.7061 75.5429 54.9274 20.6155 27.3635 159.933 77.4696 82.4629 74.7984 18.0283 68.4326
internal_count=3169 2801 2022 1686 1587 779 571 1168 368 376 1077 419 336 113 78 1049 782 120 43 267 241 182 59 118 662 311 351 330 69 285
cat_boundaries=0 12 22
cat_threshold=2214625280 2292724000 34088076 1081600 0 0 8 0 0 0 537919488 1476411938 0 0 134479872 1619656832 604012548 537169418 4194304 35968 4194306 8452
is_linear=0
shrinkage=0.1


Tree=10
num_leaves=31
num_cat=4
split_feature=15 13 15 5 7 13 20 15 13 21 7 9 17 14 17 20 16 18 9 21 18 1 3 7 18 9 5 21 17 9
split_gain=98.6109 54.5541 42.8768 20.1583 15.5106 20.03 14.6719 14.4082 14.0053 12.2211 15.1578 11.3403 17.8392 11.1831 12.0253 14.0695 10.0143 11.3568 9.83609 9.68562 14.4254 9.59644 10.7312 9.87337 10.3092 13.602 9.84554 10.8258 9.18423 12.0899
threshold=0 1165.080017089844 1 4.5000000000000009 14.500000000000002 1181.2000122070315 0.039386251941323287 2 885.43002319335949 0.090064525604248061 9.5000000000000018 15.500000000000002 86.003417968750014 39.033733367919929 56.625555038452156 0.038826815783977515 13.696386814117433 282.33584594726568 10.500000000000002 0.12439942732453348 266.29844665527349 3 19287.365234375004 8.5000000000000018 590.71917724609386 12.500000000000002 7.5000000000000009 0.045094950124621398 140.18106079101565 18.500000000000004
decision_type=9 8 9 8 10 8 10 9 8 8 10 2 10 2 8 10 10 10 2 10 10 1 8 8 10 2 10 8 8 2
left_child=-1 2 3 11 5 -3 9 28 -5 10 -7 12 -2 14 -9 19 -6 -18 -17 20 -16 22 -22 24 25 -24 -23 -28 29 -4
right_child=1 4 7 8 16 6 -8 13 -10 -11 -12 -13 -14 -15 15 18 17 -19 -20 -21 21 26 23 -25 -26 -27 27 -29 -30 -31
leaf_value=0.11337350936721023 -0.056178105436965955 0.18569384769008099 -0.11211123858003508 0.032325470251747049 0.0012893834495133923 0.06043781134212467 -0.10991316995098083 -0.11421949615387035 -0.14305396510733498 -0.048450549441050733 -0.050725781144217302 0.16816396311146384 0.11354098829703617 0.019900379252731349 -0.12918134923573918 0.14993698901325456 0.039815098834171642 0.075784502598704784 -0.0092076359492504218 0.083189317970193799 0.10844069604069483 -0.076973152412169121 -0.13051444528331949 -0.070315897055664017 0.10779476921203712 0.054620527443168677 -0.069592528249734414 0.14331457443701609 0.060201345341372219 0.06605180470393883
leaf_weight=133.89903947710991 8.5339619889855403 6.0681751891970626 8.6569775715470296 20.244301393628124 33.985300466418266 52.671295896172523 10.735369727015494 22.988771677017212 5.7593935430049887 23.726101227104664 15.80226983129978 17.035207957029343 21.431414797902107 29.170309670269489 20.398237846791744 6.1460569947958019 172.36022773385048 183.57345415651798 9.9593363702297193 5.4459747523069373 7.7110964655876151 71.066845141351223 6.8572652712464359 20.252587027847767 9.0920902714133245 9.0689989328384382 4.879121080040929 4.4464857280254373 30.095982894301414 6.58407337963581
leaf_count=284 38 18 43 73 101 169 47 146 29 107 69 39 60 122 123 22 430 421 46 19 23 361 38 108 31 36 29 15 100 21
internal_value=0.0365223 0.0227062 -0.00752339 0.0560815 0.044132 0.0106576 7.17138e-05 -0.0257074 -0.00653434 0.0130915 0.0346012 0.102784 0.0648473 -0.0360325 -0.0461321 -0.0370874 0.0534591 0.0584105 0.0514577 -0.0461334 -0.0508295 -0.0386837 0 -0.0184581 0.023236 -0.0247848 -0.0571635 0.0313049 0.0230456 -0.0345648
internal_weight=978.646 844.747 345.824 73.0043 498.922 109.003 102.935 272.82 26.0037 92.1997 68.4736 47.0006 29.9654 227.483 198.313 175.324 389.919 355.934 16.1054 159.219 153.773 133.374 52.982 45.2709 25.0184 15.9263 80.3925 9.32561 45.337 15.2411
internal_count=3168 2884 1522 239 1362 410 392 1283 102 345 238 137 98 1119 997 851 952 851 68 783 764 641 236 213 105 74 405 44 164 64
cat_boundaries=0 12 22 32 33
cat_threshold=2147909632 2241280 524292 269484292 256 0 0 0 0 0 269484032 1509949986 0 0 135528448 4882560 71565312 687899139 2056 1073774720 2097152 4 0 0 0 1082411008 570425352 100666368 262656 2048 0 384 28
is_linear=0
shrinkage=0.1


Tree=11
num_leaves=31
num_cat=0
split_feature=13 6 10 6 19 6 9 5 4 0 19 21 12 20 17 21 10 17 9 5 16 4 4 9 5 13 20 19 12 9
split_gain=78.6806 22.77 16.8554 18.9119 16.7858 15.1455 22.7373 15.3951 11.8342 15.8644 14.6026 10.5214 11.8859 10.3297 9.98387 9.88144 13.5233 9.12639 12.9082 12.3364 8.60104 9.40199 12.5579 9.10415 8.47346 9.2919 8.17822 10.5589 19.8202 12.0961
threshold=1165.080017089844 4.5000000000000009 11.500000000000002 2.5000000000000004 0.091666445136070265 6.5000000000000009 4.5000000000000009 4.5000000000000009 1469.6604003906252 49.500000000000007 0.022596609778702263 0.10219555720686914 4.5000000000000009 0.088607694953680052 118.37132263183595 0.12439942732453348 17.500000000000004 34.714239120483406 27.500000000000004 7.5000000000000009 239.45257568359378 8081.2673339843759 3465.209106445313 10.500000000000002 2.5000000000000004 1443.840026855469 0.033196246251463897 0.20364090055227282 12.500000000000002 46.500000000000007
decision_type=8 8 10 8 8 10 2 10 8 8 10 8 2 10 10 10 10 10 2 10 8 10 8 2 8 10 8 8 2 2
left_child=2 4 3 -1 14 6 -5 -7 -8 10 -10 13 -13 17 -2 16 -4 18 19 -3 21 22 23 -18 -16 -26 -14 28 29 -28
right_child=1 11 15 5 -6 7 8 -9 9 -11 -12 12 26 -15 24 -17 20 -19 -20 -21 -22 -23 -24 -25 25 -27 27 -29 -30 -31
leaf_value=-0.11620913073560557 -0.074980613328266207 -0.14955381616154836 -0.059865278822194425 -0.079889889324982963 0.078190091088487568 0.10927875710852744 0.087703681176754325 -0.043938326717380703 0.042475252236462702 -0.074396920590119778 -0.058142734722392009 -0.083714863633568004 0.086706938728524446 -0.025604851490619387 0.11186198725708958 0.10512543798044416 0.15883317530832416 0.075178352265599727 0.074408627777202155 0.028904570192191704 -0.12352336388090544 0.11383439475066533 -0.080321488888898063 0.007024713381562942 -0.074762759492343484 0.060265930508788194 -0.12142171983089226 0.071692718879850223 0.10435268994602441 0.034706181738520255
leaf_weight=10.583927094936369 24.185526207089424 6.5432096719741812 86.475619442760944 25.359443672001362 20.659676641225815 30.468103781342506 23.315348997712135 8.1839922964572889 85.208062961697578 18.714589588344097 17.195156373083591 8.1240909695625287 27.322408333420753 11.191448092460631 6.4979407414793968 5.0093259811401358 5.0837335884571102 402.0850627720356 20.504279628396034 9.0644656568765622 4.5264794304966918 8.4565107077360135 13.112739592790602 17.316438511013985 12.0693895444274 8.6145562529563886 14.80222880840302 22.264046773314476 9.163640692830084 7.2561785429716101
leaf_count=85 111 28 448 125 54 91 69 40 317 90 83 37 64 35 20 16 18 951 46 24 28 27 66 76 50 25 55 52 19 18
internal_value=0.0332616 0.05511 -0.00385978 0.0134291 0.00215855 0.0201121 0.0071681 0.0765497 0.0225675 0.00988424 0.0254421 0.0621746 0.0304957 0.0684133 -0.0283191 -0.0309734 -0.0361727 0.0708427 0.0222168 -0.0457498 0.00590532 0.0197065 -0.00268365 0.042475 0.0129548 -0.0180248 0.0421907 0.0191444 -0.0181171 -0.0696868
internal_weight=969.358 610.348 359.009 219.029 72.0271 208.445 169.793 38.6521 144.433 121.118 102.403 538.321 88.9326 449.388 51.3674 139.981 134.972 438.197 36.112 15.6077 48.4959 43.9694 35.5129 22.4002 27.1819 20.6839 80.8085 53.4861 31.222 22.0584
internal_count=3168 1589 1579 900 260 815 684 131 559 490 400 1329 245 1084 206 679 663 1049 98 52 215 187 160 94 95 75 208 144 92 73
is_linear=0
shrinkage=0.1


Tree=12
num_leaves=31
num_cat=5
split_feature=15 15 7 15 11 11 19 15 17 20 17 11 18 2 7 0 3 19 17 17 20 9 17 9 9 11 17 4 11 7
split_gain=82.701 40.8459 34.2109 27.9334 18.5483 15.7439 12.2486 12.4356 12.2678 11.1934 10.084 12.5089 10.3855 10.0488 16.934 12.1878 11.4188 21.6423 15.0476 13.6252 9.14224 8.22932 7.55722 10.808 7.31549 8.61754 9.02919 11.2463 8.59779 7.29989
threshold=0 1 20.500000000000004 2 15.875000000000002 17.664999961853031 0.072674550116062178 3 151.43302154541018 0.021169768646359447 61.601835250854499 21.255000114440922 597.63998413085949 4 8.5000000000000018 44.500000000000007 20869.623046875004 0.016220067627727989 313.67506408691412 174.72869110107425 0.069773904979228987 25.500000000000004 98.602275848388686 15.500000000000002 39.500000000000007 1.2799999713897707 56.625555038452156 1156.8891601562502 0.86000001430511486 15.500000000000002
decision_type=9 9 10 9 8 10 8 9 8 8 10 8 10 1 10 10 8 10 8 8 10 2 8 2 2 10 8 8 10 8
left_child=-1 10 3 4 13 -4 7 8 9 -5 21 12 -12 14 15 -3 -15 18 -18 -19 22 -2 29 -24 25 28 -27 -28 -9 -8
right_child=1 2 5 6 -6 -7 20 24 -10 -11 11 -13 -14 16 -16 -17 17 19 -20 -21 -22 -23 23 -25 -26 26 27 -29 -30 -31
leaf_value=0.10069326728285702 -0.020103478685740531 0.0008434519534706663 0.060704007392052645 0.024479133776061323 -0.095673427048661733 0 -0.062119043632023002 -0.024454163194198856 0.064824388201021904 -0.13550151310376865 0.1163233787314441 -0.0305754736084985 0.00091663807896055012 0.15711268235119161 -0.073205930449003281 0.17382371486915238 0.14225856846965093 -0.11755905680165435 -0.018357738689024398 0.077482190577543783 -0.10626358549915585 0.077535699507063141 -0.024506556973800487 0.089029526291235589 0.059972316450196843 -0.10563864309442934 0.083450244328240775 -0.043775327911109461 0.099557343342607574 0.024271660789510541
leaf_weight=132.73860523104668 17.380852550268173 10.800126202404501 141.95177119970322 10.435493007302286 8.9519543498754484 61.273615851998329 15.029149286448954 17.273711703717712 27.748923122882843 7.3029396981000891 71.702701702713966 7.4285946339368811 8.94568023085594 15.924026086926458 16.719141475856304 6.5568125694990149 24.546080060303211 9.0380644053220713 7.4751915782690039 5.7440496832132348 5.7571819871664038 16.758347503840923 11.841994307935236 27.364121273159981 7.3757548928260794 23.032336503267288 7.0557479411363593 200.20609819144011 8.103688105940817 27.439382620155811
leaf_count=289 68 40 324 38 42 172 61 80 89 40 163 24 31 35 74 14 62 43 32 16 22 40 53 64 17 151 21 961 29 73
internal_value=0.0302103 0.0174486 0.00770987 -0.00618511 0.0373931 0.0424283 -0.0183369 -0.0281715 0.0190705 -0.0412149 0.0686698 0.0922059 0.103663 0.0537465 -0.00101764 0.0673833 0.0722692 0.0583242 0.104512 -0.0410864 0.0141511 0.0276203 0.0228809 0.0545071 -0.0357491 -0.0399697 -0.0460731 -0.0393578 0.0149889 -0.00614026
internal_weight=959.902 827.164 704.947 501.722 105.755 203.225 395.967 308.535 45.4874 17.7384 122.216 88.077 80.6484 96.8035 34.0761 17.3569 62.7274 46.8034 32.0213 14.7821 87.4318 34.1392 81.6746 39.2061 263.047 255.672 230.294 207.262 25.3774 42.4685
internal_count=3168 2879 2553 2057 358 496 1699 1426 167 78 326 218 194 316 128 54 188 153 94 59 273 108 251 117 1259 1242 1133 982 109 134
cat_boundaries=0 12 24 36 46 47
cat_threshold=2147909632 2149724928 524292 269484288 256 0 0 0 0 4 269484032 1509949986 33554432 143654912 1079001112 537397252 67108868 0 262144 0 2 0 41951232 4211800 0 0 0 1086554240 12845056 738493449 1073743896 1073774720 6291456 270337 0 131072 0 0 262144 67387392 536870920 16783874 0 1049600 0 33554688 22
is_linear=0
shrinkage=0.1


Tree=13
num_leaves=31
num_cat=4
split_feature=15 15 15 6 15 4 14 19 4 6 17 21 9 11 8 20 21 10 10 16 17 11 8 11 11 14 16 20 18 20
split_gain=70.8624 33.4331 22.3703 17.7288 15.2822 12.6834 12.6565 11.3625 14.0584 10.2714 14.1707 10.197 9.76764 9.34412 12.9113 14.4122 9.30362 9.2703 10.9431 8.69682 8.41262 8.40686 9.27091 9.83745 9.17653 11.1714 10.8734 8.93514 7.90677 9.08628
threshold=0 1 2 2.5000000000000004 3 662.21920776367199 25.812498092651371 0.0083563984371721762 850.47061157226574 6.5000000000000009 49.019451141357429 0.043716812506318099 25.500000000000004 19.144999504089359 5.5000000000000009 0.021931479685008529 0.024649781174957756 16.500000000000004 6.5000000000000009 74.214397430419936 59.395963668823249 18.204999923706058 6.5000000000000009 2.2649999856948857 5.3949999809265146 31.547525405883793 33.52464675903321 0.030857884325087074 235.17115020751956 0.041307281702756889
decision_type=9 9 9 8 9 8 2 8 8 8 8 10 2 10 10 10 8 10 8 10 10 8 8 8 10 2 10 10 10 8
left_child=-1 7 11 -4 6 -6 12 -2 -9 10 -7 -3 -5 14 15 -12 20 18 -17 -20 -11 22 23 -18 -25 26 -26 -28 -23 -30
right_child=1 2 3 4 5 9 -8 8 -10 16 13 -13 -14 -15 -16 17 21 -19 19 -21 -22 28 -24 24 25 -27 27 -29 29 -31
leaf_value=0.093810804665536679 -0.019450109063862277 0.018773462434304958 -0.11656596456559565 -0.046469325068640301 0.090151346182921088 -0.085378762361129096 -0.075444078945134121 -0.035600386216603129 0.089090621678498738 0.0011043312940927465 0.0107309933962377 0.077068505891562986 0.13377407920713988 -0.083253381085825362 0.066743135235327378 0.0038774401723514294 -0.10475914773099514 0.009988947476459481 -0.028059808933636989 -0.13804992194590487 0.090928789720783429 -0.10913988174087985 0.073206094972687513 0.086622214296500868 -0.16896216824708901 0.033859739851683369 0.049827400297582293 -0.10462261707545617 -0.072165231295504409 0.054919960369807889
leaf_weight=129.05119237303734 13.275975294411181 60.987552411854267 13.001131661236284 6.0750513002276403 17.639632850885391 21.483671084046364 45.345384426414967 9.7722222506999952 99.369048774242401 15.952396303415297 171.49341830611229 60.235139533877373 5.6844935715198517 13.152029380202292 28.136069245636463 14.268634811043738 7.225111186504364 21.81549184769392 11.303972244262694 21.279704861342907 31.305638454854488 9.8711076974868757 27.289670422673225 14.805119372904299 6.1804080456495312 34.034760408103466 9.1743838936090452 6.1564470380544654 10.106149524450304 12.424708560109137
leaf_count=283 56 196 108 29 40 122 196 30 255 56 695 150 13 52 72 57 32 75 45 122 80 36 64 45 31 112 27 23 34 32
internal_value=0.0276391 0.0158489 0.00693207 -0.00153607 0.00109919 0.00692898 -0.0437724 0.0621062 0.0778122 0.00402115 -0.00728292 0.0442175 0.0402094 -0.00125796 0.00275375 -0.00472596 0.0226269 -0.0434336 -0.0684896 -0.100401 0.0608852 0.00934797 0.0231602 0.00535476 0.0169381 -0.00157792 -0.0580068 -0.0118236 -0.03498 -0.00170885
internal_weight=947.896 818.845 696.427 575.205 562.203 505.099 57.1049 122.417 109.141 487.459 302.933 121.223 11.7595 281.449 268.297 240.161 184.526 68.6678 46.8523 32.5837 47.258 137.268 104.866 77.5762 70.3511 55.546 21.5112 15.3308 32.402 22.5309
internal_count=3168 2885 2544 2198 2090 1852 238 341 285 1812 1240 346 42 1118 1066 994 572 299 224 167 136 436 334 270 238 193 81 50 102 66
cat_boundaries=0 12 24 36 48
cat_threshold=2147909632 2149724928 524292 269484288 256 0 0 0 0 0 269492224 1509949986 33554432 143654912 1112555544 541591556 67108868 0 262144 0 2 4 33554432 4210776 4194304 38 336034 229472 294920 32768 8 1073741952 0 0 566231040 263168 536870912 32768 2147485696 2164266000 1 0 0 0 67108865 2048 2147487744 536871168
is_linear=0
shrinkage=0.1


Tree=14
num_leaves=31
num_cat=3
split_feature=15 7 15 15 11 6 19 20 16 11 10 21 19 12 12 0 20 7 10 18 21 7 19 14 21 21 4 0 0 19
split_gain=62.5197 28.7805 29.8044 15.1885 13.4427 12.58 12.4641 10.5196 14.4393 14.3579 9.87522 10.8096 12.283 10.8491 9.86041 9.47789 10.1409 8.72818 9.48763 8.39971 8.17944 8.02419 8.19812 15.5808 8.76874 9.44648 7.85857 7.61225 10.2459 8.21007
threshold=0 21.500000000000004 1 2 17.664999961853031 6.5000000000000009 0.014744430780410768 0.073518808931112303 50.196382522583015 6.2750000953674325 15.500000000000002 0.03404799476265908 0.0088526047766208666 3.5000000000000004 2.5000000000000004 29.500000000000004 0.065057471394538893 13.500000000000002 20.500000000000004 284.71574401855474 0.050986323505640037 4.5000000000000009 0.085044380277395262 39.033733367919929 0.055398175492882736 0.026990637183189396 2733.5617675781255 51.500000000000007 28.500000000000004 0.0082292482256889361
decision_type=9 10 9 9 10 10 8 10 10 10 10 8 8 2 2 10 8 10 10 10 8 10 8 2 10 10 10 10 8 10
left_child=-1 2 5 27 -3 10 -5 8 14 -10 11 12 -2 -13 -8 -6 20 19 -19 -11 -17 -16 23 -23 25 -24 -21 28 -4 -30
right_child=1 4 3 6 15 -7 7 -9 9 17 -12 13 -14 -15 21 16 -18 18 -20 26 -22 22 24 -25 -26 -27 -28 -29 29 -31
leaf_value=0.089105018047405712 0.063471040718154986 0.060475018213691847 0.061442750769845803 -0.042302811955481717 0.046834965763709033 0.10527209697046765 -0.0843417666010252 -0.098041170316333595 0.077373156342802285 -0.13789087501233571 -0.051858067693672787 0.0098757571569368235 -0.10396829713661027 0.11132322688079473 0.051135577897168688 -0.069349652791537097 -0.1410668152677434 0.047964005355362355 -0.057630133047439094 0.053609536514810055 0.0408110121780823 -0.067481039215749869 0.044462085856619482 0.11985472638975048 0.057130355010252737 -0.10606004270216834 -0.073197235970710456 0.10745264958402928 -0.068954571400409601 0.01552905096849479
leaf_weight=122.37562175095081 8.5652171671390551 160.32203878462315 33.780948892235756 132.19063481688499 30.707929849624634 32.071634605526924 21.730433970689774 11.333741724491118 36.674206763505936 7.047336213290694 12.11837701499462 17.507714673876762 8.7076688930392248 27.380721613764763 17.513791441917419 11.092805653810503 6.4870115816593161 40.213381916284561 10.621020987629889 9.5104434937238711 16.81347282230854 45.275455519556999 7.2093589305877712 4.7951757758855811 20.208016894757748 9.452044263482092 9.792961969971655 10.591804482042788 15.827810689806936 41.027120776474476
leaf_count=274 26 371 105 690 76 79 114 53 114 38 48 65 42 72 67 36 26 110 34 34 42 230 23 16 51 36 46 29 75 146
internal_value=0.0252072 0.0143424 0.00290435 -0.00788726 0.0449144 0.0483512 -0.017005 -0.00432674 9.53587e-05 0.0259443 0.0300322 0.046215 -0.020476 0.0720881 -0.0231517 0.0064066 -0.0294309 0.0013102 0.0256357 -0.0451586 -0.00271229 -0.0102577 -0.0227846 -0.0491378 0.0127701 -0.0404561 -0.0102521 0.0249801 0.0178773 -0.00789449
internal_weight=938.946 816.57 591.147 484.796 225.423 106.351 383.568 251.377 240.044 113.859 74.2797 62.1613 17.2729 44.8884 126.184 65.1012 34.3933 77.1851 50.8344 26.3507 27.9063 104.454 86.9401 50.0706 36.8694 16.6614 19.3034 101.228 90.6359 56.8549
internal_count=3168 2894 2343 2011 551 332 1656 966 913 376 253 205 68 137 537 180 104 262 144 118 78 423 356 246 110 59 80 355 326 221
cat_boundaries=0 12 24 37
cat_threshold=2147909632 2149724928 4 269484288 256 0 0 0 0 4 269492224 436208226 0 134217728 5242880 1682473092 67371012 604013568 262168 1073741952 2097154 0 8388608 16392 0 1048576 34340864 8849408 549453824 134481931 1077938176 9469952 4194304 33824769 0 132096 2
is_linear=0
shrinkage=0.1


Tree=15
num_leaves=31
num_cat=3
split_feature=15 7 15 11 16 15 9 10 6 5 6 13 16 19 13 19 8 7 19 14 10 6 21 7 13 18 10 21 18 13
split_gain=70.7796 38.1096 39.7716 18.5011 22.1046 14.1171 12.4063 11.6456 12.6883 15.0627 10.9002 10.4273 22.411 11.7772 9.88394 9.9922 8.49151 8.23838 8.20548 7.97069 8.17996 8.51417 11.3931 9.85686 7.68836 7.65122 7.5512 10.1999 8.74277 8.431
threshold=0 15.500000000000002 1 16.010000228881839 52.064281463623054 2 28.500000000000004 8.5000000000000018 6.5000000000000009 7.5000000000000009 4.5000000000000009 1246.5650024414065 30.920023918151859 0.0088526047766208666 2130.6550292968755 0.02818449400365353 1.0000000180025095e-35 19.500000000000004 0.012614257633686067 34.03106880187989 20.500000000000004 3.5000000000000004 0.034322394058108337 4.5000000000000009 1347.8750000000002 247.93782043457034 5.5000000000000009 0.034552060067653663 753.85098266601574 820.26998901367199
decision_type=9 8 9 10 8 9 2 8 8 8 8 8 8 10 10 8 10 8 8 2 10 10 8 10 10 10 10 10 8 8
left_child=-1 2 24 11 -5 10 7 8 9 25 -4 12 13 -3 15 -8 -10 -14 -19 20 21 22 -9 -23 26 -7 -2 28 29 -28
right_child=1 3 5 4 -6 6 14 19 16 -11 -12 -13 17 -15 -16 -17 -18 18 -20 -21 -22 23 -24 -25 -26 -27 27 -29 -30 -31
leaf_value=0.092476925868525489 0.11973569218161009 0.17950974444072498 -0.033098195498939172 0.064286243976915611 -0.020604217268208644 0.047395225226030971 -0.019736783341704488 0.09632198650064544 0.14577123461750688 0.14283063484612676 0.066669507888004714 0.058045625159304483 -0.08677916753740661 0.022297393185568573 -0.095166363977657265 0.1090927594258301 0.010266794956701195 0.080689071356079223 -0.082901390231379435 -0.089484876128088586 0.091910781651253409 0.029476256598174089 -0.053839549606901238 -0.084271887806054616 -0.034350734819657218 -0.057369902276192042 -0.13014486838545 0.095192104151730988 0.088693018201265253 0.027678131221731531
leaf_weight=125.94231773167849 22.713381692767143 8.5131693035364169 17.308168232440948 44.016432508826256 100.41101122647524 7.6410211771726599 10.298510566353803 8.4219188243150729 6.5167189091444042 4.370561718940734 29.061204500496387 236.06927485764027 18.575666919350628 11.118198730051516 5.2963115423917762 13.933899179100989 16.038428291678429 7.8196969106793377 4.871704265475274 56.306953683495522 4.2883514016866675 8.7834116891026479 12.27476020157337 50.163951486349106 7.216380074620246 63.960966855287552 6.6530227214097986 21.135602377355099 6.5848313719034186 6.5640090778470048
leaf_count=299 54 26 78 107 305 33 49 34 16 13 94 566 102 45 18 33 60 30 27 317 13 36 66 275 27 320 40 65 18 26
internal_value=0.0255514 0.0139094 -0.00874607 0.0344992 0.00522481 -0.0239957 -0.0329062 -0.0417101 -0.015204 -0.0348319 0.0240482 0.0491908 0.00789235 0.0915438 0.0267381 0.0540745 0.0503293 -0.0444347 0.0169545 -0.060237 -0.0404136 -0.0477702 0.00695287 -0.0671324 0.0544688 -0.0459999 0.0732776 0.0470286 -0.0040964 -0.0513946
internal_weight=942.87 816.928 385.532 431.395 144.427 314.665 268.296 238.767 98.5277 75.9725 46.3694 286.968 50.8984 19.6314 29.5287 24.2324 22.5551 31.2671 12.6914 140.239 83.9324 79.644 20.6967 58.9474 70.8672 71.602 63.6508 40.9375 19.8019 13.217
internal_count=3192 2893 1685 1208 412 1455 1283 1183 442 366 172 796 230 71 100 82 76 159 57 741 424 411 100 311 230 353 203 149 84 66
cat_boundaries=0 12 22 32
cat_threshold=67108864 36184448 1074290724 1081344 256 0 268435464 32768 0 4 17827840 436207658 0 0 2281963520 541589640 105119752 536870913 1080295440 128 16777218 256 0 0 1024 134545408 536870916 251658248 0 1082133504 0 33554560
is_linear=0
shrinkage=0.1


Tree=16
num_leaves=31
num_cat=3
split_feature=15 7 15 11 16 6 9 17 17 16 16 18 18 11 6 17 0 17 16 4 16 16 2 0 11 4 19 4 4 4
split_gain=66.0117 29.8033 35.4094 14.1091 16.1559 12.815 10.6872 11.9968 12.298 9.8821 8.80738 11.1169 14.6987 10.7095 11.8686 10.1241 9.28586 8.66959 14.281 8.05776 9.01054 18.305 7.89154 15.2969 14.5568 9.26214 11.0044 7.83029 7.4415 7.24572
threshold=0 15.500000000000002 1 14.515000343322756 46.210784912109382 6.5000000000000009 28.500000000000004 181.24754333496097 328.72315979003912 185.80651855468753 46.210784912109382 321.28558349609381 354.31752014160162 5.1250000000000009 4.5000000000000009 89.759166717529311 49.500000000000007 167.07286071777347 14.35468626022339 8081.2673339843759 85.670028686523452 132.15212249755862 2 28.500000000000004 7.8550000190734872 7023.2102050781259 0.0083563984371721762 1620.9687500000002 5649.8684082031259 1362.7280883789065
decision_type=9 8 9 10 8 8 2 10 10 8 8 10 10 10 10 8 10 10 8 10 10 10 1 8 10 8 8 10 10 10
left_child=28 2 17 22 -5 6 7 10 9 -9 16 -12 -13 -14 15 -15 -4 18 -2 20 -7 -22 23 -3 -25 -24 -27 -18 -1 -20
right_child=1 3 5 4 -6 19 -8 8 -10 -11 11 12 13 14 -16 -17 27 -19 29 -21 21 -23 25 24 -26 26 -28 -29 -30 -31
leaf_value=0.10212491972544568 -0.092268557074594304 0.055663129300073055 -0.10500053679306892 0.061718417461606258 -0.010797795829859336 -0.029801405261761723 0.030449072920338771 0.037658754274452838 -0.086811046322320895 -0.076937873965685424 -0.10663345883342745 0.092224754881365723 -0.1058337518433755 -0.076449623451672388 -0.071941170450658051 0.086732611225022363 0.090032407003597936 0.10273416258172514 0.14885216213169042 0.081710148104781818 0.12075254910716349 -0.073819828043821326 0.059176609050171407 0.012556237986758145 -0.15476912629664025 0.041625797673433614 -0.15669834194929033 -0.085279542017368537 0.034922549189062506 0.034707168868605323
leaf_weight=113.85675939917564 7.7258096337318412 23.098735556006432 51.789924882352352 40.749789021909237 123.40008569508791 43.270553074777126 21.525931760668755 40.629667051136494 14.909641556441782 9.0957207679748517 17.848909735679626 10.155213691294191 16.190527595579624 4.9907638281583813 15.77110008895397 14.520774871110914 4.8746587932109815 26.544774547219276 6.8211799263954154 13.197864033281801 13.23616683483124 7.4363169223070136 200.28219111263752 11.401668913662435 9.2867691516876203 7.389589719474313 4.331562191247941 5.1222192719578743 19.982214346528053 31.268699385225773
leaf_count=266 36 58 305 100 369 189 78 164 81 50 107 37 99 32 85 62 16 67 16 41 33 36 535 37 40 29 23 28 61 112
internal_value=0.0233863 0.0116596 -0.00858544 0.0301302 0.0071699 -0.0234888 -0.0362125 -0.0432417 -0.00736345 0.0163838 -0.0595701 -0.037261 -0.0168671 -0.038721 -0.00742948 0.0443061 -0.0879984 0.0502569 0.0304226 0.0108506 -0.00372339 0.050261 0.0448169 0 -0.0624561 0.0516664 -0.0315247 0 0.0857943 0.0557465
internal_weight=930.706 796.867 376.926 419.94 164.15 304.566 227.425 205.899 64.635 49.7254 141.264 79.4773 61.6284 51.4732 35.2826 19.5115 61.7868 72.3605 45.8157 77.1409 63.943 20.6725 255.791 43.7872 20.6884 212.003 11.7212 9.99688 133.839 38.0899
internal_count=3192 2865 1674 1191 469 1443 1144 1066 295 214 771 422 315 278 179 94 349 231 164 299 258 69 722 135 77 587 52 44 327 128
cat_boundaries=0 12 22 23
cat_threshold=2214625280 33563008 1074290692 1081344 256 0 1342177288 32768 0 262148 17827840 1509949994 0 524288 2281964544 541589640 105119752 536870913 6553600 128 16777218 256 2
is_linear=0
shrinkage=0.1


Tree=17
num_leaves=31
num_cat=3
split_feature=15 15 13 15 9 23 9 11 16 21 9 16 16 17 20 20 9 20 8 0 21 16 0 23 21 20 17 0 8 9
split_gain=52.8322 26.6195 22.2117 36.9209 21.9383 15.1659 14.5421 13.9045 15.4032 12.4602 10.6403 11.3837 12.1629 15.2556 13.1551 10.2757 9.24626 8.73517 11.097 9.29142 9.92157 8.61141 8.26163 8.14503 8.05349 9.58239 8.44197 8.59303 7.43585 11.0825
threshold=0 1 1500.6399536132815 2 33.500000000000007 4.5000000000000009 7.5000000000000009 17.134999275207523 47.835611343383796 0.033522931858897216 25.500000000000004 185.80651855468753 93.061576843261733 328.72315979003912 0.010830193758010866 0.005829139845445753 13.500000000000002 0.028384539298713211 3.5000000000000004 28.500000000000004 0.076835114508867278 286.88043212890631 30.500000000000004 5.5000000000000009 0.038923447951674468 0.0079378965310752409 192.15296936035159 37.500000000000007 1.0000000180025095e-35 16.500000000000004
decision_type=9 9 8 9 2 2 2 10 8 10 2 8 10 8 8 10 2 10 10 10 10 10 8 2 10 10 10 10 8 2
left_child=-1 6 3 28 5 10 9 17 -9 -2 11 12 14 16 24 -12 -14 -4 -19 20 -20 -13 -17 -7 25 26 27 -5 29 -3
right_child=1 2 7 4 -6 23 -8 8 -10 -11 15 21 13 -15 -16 22 -18 18 19 -21 -22 -23 -24 -25 -26 -27 -28 -29 -30 -31
leaf_value=0.080135645999586391 0.037047415570996715 -0.13159315991418599 0.070381641782357035 -0.1056897956495563 0.087995883708845243 -0.071606206445045992 0.067770332494591717 0.064863365015865995 -0.025840565743769119 -0.1780444140335789 0.14399937157975073 -0.11786062930912232 0.095393765856091883 -0.093064058871429434 -0.07762379417967559 -0.093218676872056427 -0.037224619136737039 -0.091723736154282198 0.083922203078496946 0.0045553179974379774 -0.025445625017888818 0.03708270228133656 0.062763378841053097 0.050211348247523692 -0.055493560029608952 0.13108608115873266 0.090107578025306459 0.029666103731596366 0.056646505701367089 0.054450096723274416
leaf_weight=121.36729915440083 6.2576218545436841 5.4875382184982282 64.975649923086166 8.9990524612367206 14.799525097012518 104.9461358487606 110.15995420515537 24.261377915740013 80.572274342179298 4.5221172869205475 7.2627859786152866 19.763305313885215 23.019610010087494 7.4992230162024489 39.9439402744174 5.7275121286511395 6.6209072172641745 7.5468678921461096 42.728092700242996 57.429671168327332 10.076398402452467 4.2161901518702498 8.0273141115903854 5.625399336218833 17.441628575325012 7.0205144062638274 7.3281843066215506 9.4428072422742826 78.620506137609482 7.3301958441734314
leaf_count=306 20 33 153 54 33 579 294 56 243 21 22 132 76 46 219 29 31 25 97 157 29 19 27 14 88 24 26 39 275 25
internal_value=0.0212958 0.0111769 0.00310602 -0.0124052 -0.0291338 -0.0363554 0.0525409 0.0242331 -0.00471208 -0.0530719 -0.0177105 -0.0270195 -0.014987 0.0329774 -0.0348669 0.0486372 0.0654085 0.0408849 0.0244819 0.0326041 0.0628545 -0.0901616 -0.00166984 -0.0652785 -0.000581943 0.028402 0 -0.0360578 0.0406599 -0.0248269
internal_weight=919.02 797.652 676.713 389.122 297.684 282.885 120.94 287.59 104.834 10.7797 172.313 151.295 127.316 37.1397 90.1761 21.0176 29.6405 182.757 117.781 110.234 52.8045 23.9795 13.7548 110.572 50.2322 32.7906 25.77 18.4419 91.4382 12.8177
internal_count=3192 2886 2551 1791 1458 1425 335 760 299 41 832 754 603 153 450 78 107 461 308 283 126 151 56 593 231 143 119 93 333 58
cat_boundaries=0 12 24 34
cat_threshold=67108864 33563008 614436 1048832 2097152 0 1342177288 32768 0 262148 17827840 436208170 2147909632 2625568 3221488640 12632132 260 32768 262144 1073741952 2 0 0 1090519104 0 4 4194304 262280 106168328 788529161 73498644 536873984 2164260864 256
is_linear=0
shrinkage=0.1


Tree=18
num_leaves=31
num_cat=1
split_feature=7 6 9 5 7 19 18 17 17 2 19 4 16 16 11 23 21 3 16 18 11 7 19 6 17 12 17 17 7 16
split_gain=32.074 14.4722 13.3993 23.848 13.6407 14.6111 16.8543 11.5597 11.6043 11.9452 11.7586 13.5537 14.1535 13.0591 11.0917 10.0323 18.434 9.96149 9.8289 9.80319 10.6489 9.78933 9.62184 8.25785 7.86125 7.60536 7.40749 13.0999 9.54107 14.9721
threshold=15.500000000000002 6.5000000000000009 16.500000000000004 2.5000000000000004 4.5000000000000009 0.027832492254674438 317.24644470214849 86.003417968750014 355.95005798339849 0 0.050095804035663612 2485.4987792968755 54.201320648193366 188.84902191162112 16.010000228881839 4.5000000000000009 0.042937433347105987 17560.310546875004 49.315999984741218 313.76029968261724 3.8750000000000004 10.500000000000002 0.0059166285209357747 4.5000000000000009 260.90000915527349 1.5000000000000002 178.4348068237305 206.82011413574222 22.500000000000004 271.48091125488287
decision_type=8 10 2 8 10 8 10 8 10 1 8 10 10 10 10 2 8 10 8 10 8 8 10 10 10 2 8 8 8 10
left_child=1 2 7 -4 -5 25 17 -1 9 22 11 -11 -13 19 26 -3 -17 -7 -16 -14 -21 -18 23 -9 -22 -6 -2 -28 29 -29
right_child=14 15 3 4 5 6 -8 8 -10 10 -12 12 13 -15 18 16 21 -19 -20 20 24 -23 -24 -25 -26 -27 27 28 -30 -31
leaf_value=-0.076491654784942742 0.056569678878757523 0.060296978918837091 0.14355851674437958 0.1070359067140365 0.041583341097677494 -0.10622594899075735 0.091325614335547228 -0.073450452373618094 -0.12956863612920128 0.085333774408838062 -0.075522520152118466 -0.063678586807097606 -0.061808636202741601 -0.071238813421414332 0.055123397024139632 -0.09846215594692552 -0.036838882361592516 0.030772039670068571 0.0010112131019689591 -0.039204255559669672 0.064527947274695852 0.099117476122809717 -0.10342852966532648 0.074970867493898516 0.17891358124543277 -0.067230079098005865 -0.063349428115033621 -0.019453311328535665 0.077579095768317285 0.15273279756134955
leaf_weight=38.094493642449379 238.03517522662878 55.66702789068222 12.873637706041334 10.48935244977474 7.4173256307840338 9.9378602430224436 21.71931167691946 7.5311980769038183 8.3385444059967977 24.568085260689259 14.370963163673876 23.899203956127167 6.2942447364330283 10.464710034430025 46.102502956986427 13.671798095107077 8.2548019066452998 11.02818191796541 124.20380624383688 6.9274785891175332 22.651977173984047 14.072921939194201 23.477787390351295 7.2672282010316849 8.471330948173998 41.192292034626007 14.650635018944739 34.007082723081112 35.052783399820328 5.8222825378179541
leaf_count=233 641 178 28 29 32 50 70 43 51 84 75 130 36 57 115 71 36 39 362 35 81 42 124 23 18 224 55 127 90 13
internal_value=0.0195033 -0.00123459 -0.0113784 0.0158703 -0.000306523 -0.0128527 0.0296554 -0.0268675 -0.0152586 -0.00900232 0.00808016 0.0206536 0.000254876 0.0283797 0.036543 0.0337115 -0.00717456 -0.033886 0.015742 0.0522204 0.0714575 0.0484669 -0.0505786 0 0.0964557 -0.0503697 0.0473191 0.0225778 0.0395848 0.00578599
internal_weight=906.556 408.682 317.015 114.658 101.784 91.295 42.6854 202.357 164.263 155.924 117.648 103.277 78.7089 54.8097 497.874 91.6665 35.9995 20.966 170.306 44.345 38.0508 22.3277 38.2762 14.7984 31.1233 48.6096 327.568 89.5328 74.8821 39.8294
internal_count=3192 1789 1462 472 444 415 159 990 757 706 516 441 357 227 1403 327 149 89 477 170 134 78 190 66 99 256 926 285 230 140
cat_boundaries=0 1
cat_threshold=8
is_linear=0
shrinkage=0.1


Tree=19
num_leaves=31
num_cat=3
split_feature=7 6 12 9 7 5 21 18 2 17 13 19 4 11 11 6 21 2 19 4 4 2 0 5 10 6 21 18 3 3
split_gain=26.4863 11.8346 12.4132 12.5297 21.8584 12.7914 11.7824 11.2416 10.932 10.5026 10.4667 9.67943 11.3488 9.71508 12.1211 9.49909 9.14491 9.0101 10.9447 11.8914 8.75743 9.58759 12.3248 8.506 9.94543 12.6223 8.4551 8.41998 11.2832 8.34414
threshold=15.500000000000002 6.5000000000000009 867.50000000000011 18.500000000000004 4.5000000000000009 2.5000000000000004 0.024828908964991573 300.82833862304693 0 355.95005798339849 1246.5650024414065 0.012614257633686067 1481.1149902343752 13.534999847412111 18.654999732971195 3.5000000000000004 0.12589346617460254 1 0.045735891908407218 1449.2258300781252 6199.7658691406259 2 27.500000000000004 2.5000000000000004 10.500000000000002 4.5000000000000009 0.066995363682508483 420.13807678222662 17560.310546875004 53465.628906250007
decision_type=8 10 2 2 10 8 8 10 1 10 10 10 10 10 10 10 10 1 8 10 8 1 10 8 10 10 8 10 10 8
left_child=1 2 3 6 -5 -6 -1 -8 29 17 11 13 -13 26 -15 -10 20 23 19 -19 21 -12 -23 -9 25 -25 -2 28 -17 -7
right_child=10 -3 -4 4 5 8 7 9 15 -11 16 12 -14 14 -16 27 -18 18 -20 -21 -22 22 -24 24 -26 -27 -28 -29 -30 -31
leaf_value=-0.074372418034156895 0.08793108656285066 0.030366053936413829 0.15856953239721794 0.14331296426171941 0.13118364630526391 0.095677492536723044 -0.05577807972087432 -0.13372195738966852 0.024236531413365042 -0.12633769127997777 0.060717201784472485 0.03506000046625108 -0.092285897736401723 -0.071814110294322261 0.026316844663322337 -0.14512602710452374 -0.060519926162271788 0.16133750974927172 -0.048832613145335296 0.027978758975352874 -0.023520779940836845 0.054133507120620178 -0.010059604411968506 -0.062436327319879414 -0.1060237513519332 0.1327028200406247 -0.0076978090836938755 -0.13389591513582502 0.00440509398833087 -0.036493096342609381
leaf_weight=41.277074389159679 30.722978509962559 91.442587718367577 4.1739333048462859 11.906716376543043 6.6305802166461962 15.408956073224546 47.994246806949377 7.9806318581104279 15.930865257978438 6.0324099883437148 213.96172964572906 11.407536827027799 17.494949959218502 17.691963717341423 42.872398480772972 6.6566254794597652 8.3007291555404645 7.4138834029436103 16.088132716715336 65.638264987617731 17.631086394190788 57.533969178795815 61.683190315961838 6.1651893667876774 7.1358370557427397 6.8633181005716324 12.921725325286387 12.642257273197172 19.44759701192379 6.70713136345148
leaf_count=246 95 327 11 26 15 52 251 48 70 38 526 39 96 67 117 38 27 20 86 274 57 145 182 34 41 16 52 79 82 35
internal_value=0.0177443 -0.00122372 -0.0105182 -0.0128935 0.0171543 -0.000882022 -0.0264164 -0.0147666 -0.0125708 0.00114595 0.0333121 0.00925544 -0.0417313 0.023519 -0.0022553 -0.0339942 0.0421963 0.00789013 0.0227835 0.0418518 0.0446718 0.0483163 0.0192427 -0.0346412 -0.0115619 0.0398276 0.0594371 -0.0669453 -0.0337523 0.0380383
internal_weight=895.758 403.536 312.094 307.92 95.3307 83.424 212.589 171.312 76.7934 123.318 492.222 133.112 28.9025 104.209 60.5644 54.6773 359.111 117.285 89.1403 73.0521 350.81 333.179 119.217 28.145 20.1643 13.0285 43.6447 38.7465 26.1042 22.1161
internal_count=3192 1789 1462 1451 397 371 1054 808 356 557 1403 466 135 331 184 269 937 519 380 294 910 853 327 139 91 50 147 199 120 87
cat_boundaries=0 1 2 3
cat_threshold=8 8 41
is_linear=0
shrinkage=0.1


Tree=20
num_leaves=31
num_cat=3
split_feature=15 15 14 15 9 9 10 0 14 7 14 13 21 3 9 7 21 11 11 6 11 11 0 9 4 4 21 9 13 4
split_gain=44.8229 30.9546 19.661 14.7228 15.754 15.3975 15.0286 10.9458 10.0285 9.95456 9.80953 9.63059 13.3663 11.6159 11.1191 10.6661 10.2218 9.22285 10.1981 8.98637 13.3212 8.59521 13.8812 10.358 12.8478 8.20651 7.9376 7.79827 7.61463 9.96599
threshold=0 1 26.490154266357425 2 16.500000000000004 13.500000000000002 7.5000000000000009 51.500000000000007 35.885999679565437 2.5000000000000004 29.050822257995609 1459.5650024414065 0.092143632471561446 79893.683593750015 32.500000000000007 27.500000000000004 0.029039558954536918 2.554999947547913 17.765000343322757 4.5000000000000009 9.6649999618530291 16.535000801086429 30.500000000000004 50.500000000000007 4775.1943359375009 5409.5217285156259 0.017762356437742714 27.500000000000004 1608.5400390625002 1469.6604003906252
decision_type=9 9 2 9 2 2 8 10 2 10 2 8 8 8 2 10 8 8 8 8 8 8 10 2 10 10 8 2 10 8
left_child=8 2 -2 17 5 7 -6 9 -1 26 -7 13 21 14 16 -14 -8 -3 -19 20 -11 -13 -23 24 -24 -12 -5 -20 29 -4
right_child=1 3 28 4 6 10 11 -9 -10 19 25 12 15 -15 -16 -17 -18 18 27 -21 -22 22 23 -25 -26 -27 -28 -29 -30 -31
leaf_value=0.092769218082205479 0.040819914945970211 -0.046406541766462854 0.016276862386308873 0.053960291002013154 0.10805265157448821 -0.15471044841124976 -0.10130431509443015 0.060966212313719209 0.022263096387101826 -0.077332587246641854 -0.014716756187420283 0.056345581649475091 0.0087875152046621632 0.047128737796274522 0.071131283005757814 -0.10413044984880976 -0.018075441573429413 0.074146943872112556 0.053811610877009808 0.016725315735111632 0.015235957774468149 0.049384855166243385 -0.13009338923563291 0.045025600150968785 0.029011506401246463 -0.1343038185983749 -0.10898086857298404 -0.059496193958019 -0.16458729342355394 -0.1108991745493092
leaf_weight=90.388647943735123 12.084808774292467 9.2890348657965642 8.6239656358957308 3.5334584414958981 17.995016604661942 9.9213987886905652 19.533486679196358 24.170983120799065 26.573901385068893 31.650643531233072 26.618402414023876 106.96019762009382 26.29721200466156 28.524509266018867 10.323817074298857 12.068358123302458 61.496936686336994 78.665888927876949 12.658866241574289 96.429308399558067 30.119265105575323 42.995186492800713 14.628999814391138 10.279922947287558 7.5574409961700431 7.3200974836945525 15.690617896616457 11.493029564619063 13.75308573246002 20.232023246586323
leaf_count=227 38 39 29 15 45 61 130 92 82 196 117 271 74 119 25 42 266 227 35 397 137 105 54 26 20 47 92 38 54 110
internal_value=0.0157783 0.00640499 -0.0599665 0.0122506 0.00569261 -0.0137067 0.0191554 -0.00196118 0.0708187 -0.0106198 -0.067338 0.0143999 0.0267958 -0.00835025 -0.025815 -0.0266506 -0.0383623 0.0441168 0.056716 -0.00227706 -0.0320825 0.0380995 0.0120646 -0.0370514 -0.0755613 -0.0411227 -0.0783899 0 -0.102855 -0.0726208
internal_weight=887.879 770.916 54.6939 716.222 604.115 245.454 358.661 201.594 116.963 177.423 43.8599 340.666 220.787 119.879 91.3542 38.3656 81.0304 112.107 102.818 158.199 61.7699 182.422 75.4616 32.4664 22.1864 33.9385 19.2241 24.1519 42.6091 28.856
internal_count=3210 2901 231 2670 2331 1154 1177 929 309 837 225 1132 592 540 421 116 396 339 300 730 333 476 205 100 74 164 107 73 193 139
cat_boundaries=0 12 25 37
cat_threshold=2215018496 10490240 1152 268435588 256 536875008 0 1024 2 0 3221233664 440401986 268435456 33792 788480 5120 0 0 0 0 75497473 0 67112960 537002368 1 4718592 167774208 8388612 1082163200 68157444 3592 1073741832 65536 2097152 262400 588251136 32
is_linear=0
shrinkage=0.1


Tree=21
num_leaves=31
num_cat=3
split_feature=15 15 15 17 12 20 18 10 14 3 14 16 7 10 3 14 16 20 19 20 21 16 17 0 21 20 19 10 20 7
split_gain=36.7717 25.5757 13.0051 12.1795 11.8913 11.4238 10.9776 10.3045 10.0506 9.19249 8.92874 9.72353 8.783 13.0982 10.5208 10.1586 11.3312 9.92183 9.41084 9.37205 8.82471 8.59243 8.11576 8.30755 7.84889 13.0341 14.0654 9.23193 8.87215 8.8501
threshold=0 1 2 59.395963668823249 7.5000000000000009 0.0091237043961882609 198.77729797363284 12.500000000000002 33.266777038574226 22316.955078125004 27.514126777648929 210.39072418212893 21.500000000000004 24.500000000000004 125990.90234375001 31.405456542968754 63.713190078735359 0.032185660675168044 0.13939180225133899 0.024749828502535823 0.014213046059012415 40.802419662475593 37.211559295654304 53.500000000000007 0.092143632471561446 0.07516497373580934 0.026251645758748058 10.500000000000002 0.03051782958209515 6.5000000000000009
decision_type=9 9 9 10 2 10 8 8 2 10 2 10 10 10 8 2 10 8 10 10 8 10 8 8 10 10 8 10 8 8
left_child=5 10 4 6 7 8 -4 21 -1 -9 -2 -12 13 14 15 18 20 19 22 -18 -17 -3 -8 -24 25 26 27 28 -5 -26
right_child=1 2 3 24 -6 -7 12 9 -10 -11 11 -13 -14 -15 -16 16 17 -19 -20 -21 -22 -23 23 -25 29 -27 -28 -29 -30 -31
leaf_value=0.045873240884992596 0.0039123264701902832 -0.015101154347936374 -0.14015452597887787 0.036892355887176632 0.076565843208954709 0.082836268642758948 0.020106538498331491 0.026934932065839346 -0.10054695735554948 -0.10490781643169163 -0.056480147115226267 -0.19252663044025184 0.024990202328648226 0.14835592946716583 0.047967183098479908 -0.12759263901680146 -0.096914162747230179 -0.17040275197866542 -0.21894364056474178 0.097642135559041152 0.028926133743041316 0.084259634245714476 -0.12532173867482083 0.041128355478866216 0.05549773955357365 -0.11973330677319849 0.042029079999520096 -0.026064075030424034 -0.053135588204993638 -0.037816315334903546
leaf_weight=16.425064235925678 21.785720981657505 14.201438225805758 6.9563442766666403 71.795781627297401 58.625496782362461 99.252317577600479 7.566710319370034 9.7119834572076815 6.4373322501778594 11.188159644603727 52.247594736516476 5.8672438338398925 44.171073734760284 3.9330193102359763 13.092466279864309 3.9379152692854396 6.1026932075619715 7.699141100049018 4.8478727042675009 3.9956637099385262 32.533373229205608 21.680448994040489 18.44576779007912 3.4255758821964255 12.6958140283823 6.3740578740835181 183.08563581854105 69.180113308131695 12.742084942758082 48.422704838216305
leaf_count=47 75 58 46 271 153 255 39 31 28 60 219 30 119 7 61 32 38 44 21 14 137 67 123 16 48 32 551 341 65 182
internal_value=0.0143521 0.00556881 0.012087 0.00541434 0.0413974 0.0630091 -0.0181197 0.0121183 0.00395209 -0.0433298 -0.0446645 -0.0706942 -0.0122944 -0.0279965 -0.0350575 -0.0474854 -0.0202592 -0.0854988 -0.0901049 -0.01875 0.0114502 0.0447237 -0.0678797 -0.098728 0.0146971 0.0205905 0.0233106 0.000938193 0.0231579 -0.0182104
internal_weight=878.427 756.312 676.411 561.004 115.408 122.115 156.708 56.782 22.8624 20.9001 79.9006 58.1148 149.751 105.58 101.647 88.5547 54.2688 17.7975 34.2859 10.0984 36.4713 35.8819 29.4381 21.8713 404.296 343.178 336.804 153.718 84.5379 61.1185
internal_count=3210 2880 2556 2187 369 330 697 216 75 91 324 249 651 532 525 464 265 96 199 52 169 125 178 139 1490 1260 1228 677 336 230
cat_boundaries=0 12 25 37
cat_threshold=2215018496 10490240 1152 268468356 256 536875520 0 1024 2 0 2684362752 171966530 1344274432 33792 135006240 5120 565248 0 0 0 75497473 0 67112960 537002368 1 4718592 167774208 46137348 1073741856 70254596 3080 1073741832 65536 2097152 264448 1125122048 268435488
is_linear=0
shrinkage=0.1


Tree=22
num_leaves=31
num_cat=4
split_feature=15 15 14 13 15 18 15 16 4 13 0 7 13 7 16 0 12 10 14 12 19 16 13 14 10 0 4 4 19 13
split_gain=32.0141 21.3445 16.1202 13.627 21.0636 19.6583 10.1715 10.881 13.421 9.12573 10.1374 9.94302 9.7256 9.34563 9.3405 10.7022 8.80267 9.65709 9.31014 8.56644 8.33413 10.5701 10.4422 7.84238 7.86614 7.71359 7.61681 7.56924 7.47796 7.37751
threshold=0 1 26.490154266357425 1459.5650024414065 2 188.43912506103518 3 140.64021301269534 1437.970397949219 973.23999023437511 44.500000000000007 10.500000000000002 1347.8750000000002 17.500000000000004 17.155560493469242 26.500000000000004 1.5000000000000002 7.5000000000000009 30.219976425170902 11.500000000000002 0.050095804035663612 98.671779632568374 2311.6049804687505 26.553092002868656 3.5000000000000004 33.500000000000007 3946.2600097656255 1325.0517578125002 0.10527826473116876 671.31500244140636
decision_type=9 9 2 10 9 10 9 10 10 8 10 10 10 8 8 8 2 10 2 2 8 10 8 2 8 8 8 8 8 8
left_child=-1 2 -2 4 19 -5 7 8 27 13 11 -11 -12 14 15 -8 -16 18 -18 23 -7 -22 -23 25 -25 -3 28 -6 -24 -26
right_child=1 3 -4 5 6 20 9 -9 -10 10 12 -13 -14 -15 16 -17 17 -19 -20 -21 21 22 26 24 29 -27 -28 -29 -30 -31
leaf_value=0.059461872241800107 0.036121927607653252 0.16314814739030975 -0.09214099373180544 -0.08560934374200678 0.011597573381406483 0.066679284728974622 0.099573624547934753 0.092894277533882463 -0.030846625940712632 -0.060343663870374445 0.075099210625835688 0.002686659250634394 -0.068422726636512318 -0.11432610739586857 0.030877144197820418 -0.022782507481611484 -0.12295863801261751 -0.085641260489430424 0.021743194687487571 0.15696461950849433 0.036619745544824271 -0.13425181143965267 0.0739795127009239 0.092782276642833575 0.040645672798879262 0.028973714532418329 -0.090865383924489784 0.15650330042234961 -0.041519295408048384 -0.029005022250741554
leaf_weight=116.91782236099243 12.794050149619578 8.4347115382552165 39.839764852076769 14.115548118948935 7.73138655722141 62.668794445693493 10.16439228504896 16.889381125569344 37.659528855234385 36.514787219464779 24.55323234573007 78.194283064454794 5.6860570833086959 14.977374762296675 12.117800727486609 23.256382122635841 5.5897475965321091 50.297474648803473 20.059844400733709 6.0821855366230002 140.04531212151051 6.8095377162098876 14.355413377285009 12.207372173666952 29.591025300323963 9.1457787752151471 6.7208529859781256 6.9606737717986116 8.9567519277334195 30.992004137486219
leaf_count=323 40 19 191 50 26 164 42 51 163 196 88 257 28 87 61 121 40 349 85 12 379 26 35 34 109 34 23 16 29 132
internal_value=0.0130214 0.00493971 -0.0510782 0.00982709 -0.000515641 0.0284762 -0.0120531 0.0204095 0.000592733 -0.0205052 -0.00367863 -0.0173255 0.0476458 -0.0397905 -0.0304326 0.0143179 -0.0475259 -0.0601912 -0.00975799 0.0385497 0.0352731 0.0240585 -0.0233883 0.0345658 0.0198503 0.0944718 0.00177862 0.0815197 0.0291889 0.00486112
internal_weight=870.329 753.411 52.6338 700.778 447.105 253.672 350.652 69.241 52.3516 281.411 144.948 114.709 30.2393 136.463 121.486 33.4208 88.0649 75.9471 25.6496 96.4531 239.557 176.888 36.8426 90.3709 72.7904 17.5805 30.033 14.6921 23.3122 60.583
internal_count=3210 2887 231 2656 1950 706 1610 256 205 1354 569 453 116 785 698 163 535 474 125 340 656 492 113 328 275 53 87 42 64 241
cat_boundaries=0 12 25 37 49
cat_threshold=2215018496 10490240 132 268435588 0 536877576 0 1024 2 0 2701139968 171966530 0 33792 526336 5120 32768 0 0 0 75497473 0 67112960 537002368 1 0 512 2147484672 1078231040 100925452 67142656 1073807384 1208027136 2097152 264452 0 16384 0 0 5242880 537002240 547356672 33554434 339773440 32768 2147483648 65665 0 1073745952
is_linear=0
shrinkage=0.1


Tree=23
num_leaves=31
num_cat=0
split_feature=9 10 13 13 4 16 0 20 13 17 12 19 16 7 13 21 23 13 19 16 20 7 7 0 12 0 10 10 12 20
split_gain=11.9727 10.9865 9.72853 12.9124 9.4693 10.1935 8.85517 8.60777 9.4515 8.3323 11.3809 8.66606 8.13745 9.91793 9.59283 7.8822 8.90689 7.75984 12.5703 8.29231 8.04838 11.4583 7.88419 8.79687 7.34997 7.34778 7.41874 7.20354 7.02879 6.53155
threshold=16.500000000000004 7.5000000000000009 1237.7149658203127 1025.8550415039065 8656.9101562500018 200.54589843750003 51.500000000000007 0.012496851850301029 2489.025024414063 170.97544097900393 2.5000000000000004 0.041460881009697921 37.738992691040046 2.5000000000000004 297.44000244140631 0.093798190355300917 5.5000000000000009 264.19500732421881 0.033024374395608909 21.702665328979496 0.011589159257709982 20.500000000000004 3.5000000000000004 24.500000000000004 7.5000000000000009 27.500000000000004 8.5000000000000018 11.500000000000002 4.5000000000000009 0.026501893065869812
decision_type=2 8 8 10 10 8 10 8 8 10 2 10 10 8 8 8 2 8 10 8 8 8 8 10 2 8 8 8 2 8
left_child=6 -2 3 4 5 9 12 -4 -9 11 -11 -3 13 -1 25 -10 -17 -15 19 22 -20 -22 -19 -24 -6 26 -14 -5 -12 -8
right_child=1 2 7 27 24 -7 29 8 15 10 28 -13 14 17 -16 16 -18 18 20 -21 21 -23 23 -25 -26 -27 -28 -29 -30 -31
leaf_value=-0.131233964780711 0.089888580278088118 -0.037188611696490785 -0.062827200226163143 0.0019468897580015487 0.02103663464965231 -0.12465182286673165 0.067693229659314694 0.043570117276558601 0.021705853108175011 0.14533428091405115 0.070431794903788494 0.062083447500523581 0.080514966293579682 0.040226450626478706 0.013124543634811629 -0.12941030821422747 -0.0042180323370173542 0.1051878229600624 0.053255193007597103 -0.12229786863712622 -0.080819794975944603 0.05866130852475418 0.034860397887549195 -0.093018686009535209 0.1683058565692597 -0.10994725265875829 -0.087339259060423641 -0.13522229893975141 -0.090911399622298703 -0.03390724030249951
leaf_weight=8.6847480461001378 22.421635530889034 42.076252959668636 10.507265970110891 5.6089294776320484 8.664278991520403 6.6371876597404471 27.508923530578613 195.39011570066214 149.0024991184473 8.572285361588003 5.3603603690862638 10.961064912378786 5.731383055448533 17.476598720997572 164.741285931319 7.2251508235931388 26.207605019211769 3.4061127603054073 19.689502075314522 17.809141833335161 16.597660269588236 8.9338158071041089 7.5326954647898701 17.577432084828615 5.7070154398679724 11.898243326693771 4.6908108517527589 11.052997197955845 5.2162780538201332 7.9960373342037192
leaf_count=57 57 241 45 25 35 49 93 542 408 24 18 39 21 78 664 28 76 10 75 118 82 24 35 106 15 79 28 66 30 42
internal_value=0.0119124 0.0214472 0.0183295 -0.00786865 0.00655781 -0.00696773 -0.00264821 0.0257666 0.0282728 0.00387191 0.060349 -0.0164059 -0.00818648 -0.0287858 0.00473056 0.0118195 -0.0318768 -0.0204204 -0.0321385 -0.068706 0.0051704 -0.0315848 -0.0345766 -0.0542739 0.080969 -0.0565594 0.00390486 -0.0887141 -0.00831042 0.0445001
internal_weight=860.885 520.611 498.189 109.857 93.1947 78.8234 340.274 388.333 377.825 72.1862 19.1489 53.0373 304.769 117.708 187.062 182.435 33.4328 109.023 91.5464 46.3254 45.221 25.5315 28.5162 25.1101 14.3713 22.3204 10.4222 16.6619 10.5766 35.505
internal_count=3210 1698 1641 542 451 401 1512 1099 1054 352 72 280 1377 585 792 512 104 528 450 269 181 106 151 141 50 128 49 91 48 135
is_linear=0
shrinkage=0.1


Tree=24
num_leaves=31
num_cat=3
split_feature=15 15 13 15 21 13 0 4 4 20 11 9 9 8 20 10 10 11 11 20 11 12 6 11 11 21 10 7 11 21
split_gain=28.2451 18.8168 11.4103 19.4929 11.1758 11.5932 9.10491 11.8927 12.1629 11.1637 12.2496 9.27111 9.02624 7.69063 7.28731 12.9414 7.20615 6.93276 7.5254 11.3681 9.42846 7.42631 6.90753 7.68 6.90161 8.8259 10.0212 8.77952 8.65652 11.4609
threshold=0 1 1494.495056152344 2 0.11585145816206933 2087.085083007813 42.500000000000007 1286.5379028320315 1425.987487792969 0.045664606615901 13.404999732971193 18.500000000000004 21.500000000000004 3.5000000000000004 0.050689522176980979 5.5000000000000009 7.5000000000000009 2.1650000810623173 5.8350000381469735 0.02604030724614859 8.1649999618530291 6.5000000000000009 7.5000000000000009 19.57499980926514 9.4149999618530291 0.018934636376798156 9.5000000000000018 9.5000000000000018 9.9250001907348651 0.047794289886951453
decision_type=9 9 10 9 8 10 10 8 10 10 8 2 2 10 8 10 10 8 8 8 10 2 8 10 10 10 10 10 8 10
left_child=-1 -2 3 17 -4 -6 7 13 14 10 11 24 -11 -5 -9 -16 -13 -3 -19 20 -20 -22 23 -12 25 -10 27 -27 -26 -30
right_child=1 2 4 6 5 -7 -8 8 9 12 22 16 -14 -15 15 -17 -18 18 19 -21 21 -23 -24 -25 28 26 -28 -29 29 -31
leaf_value=0.054084993920991357 -0.039698451575607106 -0.055559606478150815 0.0355957992941821 -0.14592382693006306 0.033754658396976771 -0.11607678838740623 0.012956426243515779 0.099181166520761532 -0.12564129066379282 -0.059186043461342819 -0.085999417511134046 0.11870889457136768 0.073812852154807485 -0.0399163782367375 0.10143542120741936 -0.11280014479814082 0.0026334156063489546 0.095236019866629773 -0.098710146964003043 0.078992274754687175 0.048672329780733548 -0.06555695962982086 -0.18637503429738086 0.042163345246298271 0.10773763436885692 -0.042117270435438142 -0.10677933767096207 0.076247038338967288 -0.081660560352594808 0.080050725866776737
leaf_weight=118.08803478628397 80.701711755245924 6.7877304032444954 191.35396603494883 11.498104102909567 10.014733508229257 10.328081011772154 102.92408141493797 13.886706255376341 14.22429298609495 6.8199569657444981 27.017444260418415 6.1831105574965468 18.836282137781382 17.87046530097723 5.3445849195122701 5.7325087524950504 37.333023644983768 24.70782694965601 8.2651460878550989 27.823942571878433 23.422485839575533 7.357826553285121 5.4887749254703513 5.4724786430597296 6.1149109825491905 16.921036042273048 12.483057796955107 9.8135471493005735 13.055506318807607 6.4310351833701125
leaf_count=341 327 32 523 65 27 38 460 39 108 40 157 14 52 67 16 37 172 79 39 86 81 34 23 18 21 88 81 36 83 26
internal_value=0.0107983 0.00303835 0.00885482 -0.000135199 0.0280737 -0.0420216 -0.0115279 -0.0225267 -0.0141569 -0.022987 -0.0328099 -0.0172982 0.0379782 -0.0821131 0.0511329 -0.00855626 0.0195899 0.0369331 0.0479795 0.0302531 -0.00433621 0.0209189 -0.0824277 -0.0640422 -0.0377318 -0.0581663 -0.0331813 0.00108066 0.00459538 -0.0276451
internal_weight=852.302 734.214 653.513 441.816 211.697 20.3428 343.451 240.527 211.158 186.194 160.538 122.56 25.6562 29.3686 24.9638 11.0771 43.5161 98.365 91.5772 66.8694 39.0455 30.7803 37.9787 32.4899 79.0434 53.4419 39.2176 26.7346 25.6015 19.4865
internal_count=3210 2869 2542 1954 588 65 1603 1143 1011 919 827 629 92 132 92 53 186 351 319 240 154 115 198 175 443 313 205 124 130 109
cat_boundaries=0 12 25 37
cat_threshold=2147909632 10488192 132 1342210180 1048576 536877064 0 1024 2 0 3222282240 171966530 1344274432 16811009 135006208 5120 565248 0 0 0 67108865 0 67112960 538050944 1 0 512 2147484672 4456448 109314060 34304 1409386504 1208025088 2097152 264452 0 16384
is_linear=0
shrinkage=0.1


Tree=25
num_leaves=31
num_cat=6
split_feature=15 15 4 9 4 14 20 11 15 16 9 21 11 11 14 20 13 0 15 1 21 13 15 11 21 20 13 23 20 21
split_gain=37.0685 12.1105 11.4287 14.2015 10.9475 13.3901 12.5492 9.05644 8.77324 10.2885 8.47778 8.75492 7.61737 7.60992 7.38531 13.3748 11.417 7.888 7.12484 10.2331 9.1873 9.05837 14.9164 14.0307 10.6061 8.75509 15.4962 9.2935 9.12008 8.41323
threshold=0 1 6199.7658691406259 16.500000000000004 2624.3999023437505 32.447362899780281 0.023657698184251789 17.765000343322757 2 146.2121276855469 14.500000000000002 0.057321535423398025 11.875000000000002 8.2349996566772479 39.511503219604499 0.021524413488805298 2424.910034179688 38.500000000000007 3 4 0.036853535100817687 2063.6149902343755 5 18.335000038146976 0.10765680298209192 0.03520594350993634 1797.779968261719 5.5000000000000009 0.033196246251463897 0.052737476304173476
decision_type=9 9 10 2 10 2 10 8 9 8 2 10 10 10 2 8 8 8 9 1 8 8 9 10 8 10 10 2 10 8
left_child=2 4 -1 -4 7 -6 -7 13 9 10 11 -3 -11 -2 18 17 -17 -16 19 20 -10 22 -20 24 -23 27 -27 28 -24 -22
right_child=1 8 3 -5 5 6 -8 -9 14 12 -12 -13 -14 -15 15 16 -18 -19 21 -21 29 23 25 -25 -26 26 -28 -29 -30 -31
leaf_value=0.072246551730418537 -0.04824823986665263 0.030585678946218827 -0.1056743409582523 0.068927970229433602 0.10785425821216731 -0.046453667789937703 0.075929552570437819 -0.091465406920674619 -0.12519930261212031 -0.0030928403171752508 0.061576884749036179 -0.10194768366511875 -0.14088309935709276 0.054284336971445725 0.12023377083121736 -0.085499232221366406 0.065336166443257904 -0.0012623328557208751 0.037731960496293265 0.03145044688578285 0.083450299026012711 0.041304060354550448 -0.042369752541875166 -0.038432960081801332 -0.081367923709384934 -0.057172692944689754 -0.24094182311207979 0.090779776680252916 0.076915157475798107 -0.043049934700529952
leaf_weight=118.91838280111551 10.764222450554369 15.947182253003122 8.5883589684963244 9.9088745936751348 30.563035733997822 16.274445973336697 16.976470582187176 9.4210293442010862 8.8478088043630105 17.232022076845173 55.834137890487909 7.1065140813589087 5.1956687271594992 21.291280828416348 15.965651903301479 13.249058939516546 7.8853127360343924 7.7616477832198134 21.738452076911926 65.749729260802269 7.2072535455226925 67.317668698728085 159.30049978941679 53.746089696884155 7.7303658574819556 25.804685525596145 5.5918745398521414 5.7041617929935446 6.5315186083316794 18.53254035115242
leaf_count=344 44 63 43 30 86 68 47 35 47 70 159 33 29 67 49 74 19 34 74 208 19 179 913 172 26 138 24 14 24 68
internal_value=0.0112075 0.00148888 0.0567426 -0.0117354 0.0311922 0.0601292 0.0157704 -0.00562368 -0.00413746 0.0213678 0.0405173 -0.0101009 -0.0359413 0.0195 -0.00966043 0.0287379 -0.0287084 0.0802319 -0.0136967 0.00962457 -0.0293727 -0.0200511 -0.0327352 0.000450123 0.0284436 -0.040225 -0.0908814 -0.0331911 -0.0375678 -0.00705645
internal_weight=842.686 705.27 137.416 18.4972 105.29 63.814 33.2509 41.4765 599.98 101.316 78.8878 23.0537 22.4277 32.0555 498.664 44.8617 21.1344 23.7273 453.803 100.337 34.5876 353.465 224.671 128.794 75.048 202.933 31.3966 171.536 165.832 25.7398
internal_count=3200 2783 417 73 347 201 115 146 2436 354 255 96 99 111 2082 176 93 83 1906 342 134 1564 1187 377 205 1113 162 951 937 87
cat_boundaries=0 12 24 36 49 50 62
cat_threshold=32768 12070944 35193892 140001288 2130176 0 262144 134217728 0 0 1073741824 167936032 2149842944 0 2164269056 1350568064 524288 536871936 268435456 536871040 2097152 264320 546308096 1049160 0 256 8405002 16973920 75497473 134219786 67141640 1073774592 2 33554432 2449473536 4194306 67239936 151027716 138674176 295168 542113796 67108864 2048 9437184 0 67108864 134221824 16868352 2 2 0 2147483650 32768 0 8 17039361 65536 0 4194304 0 0 4096
is_linear=0
shrinkage=0.1


Tree=26
num_leaves=31
num_cat=3
split_feature=15 15 21 2 4 0 4 19 10 17 14 20 21 12 10 10 16 4 18 14 7 0 9 0 10 4 0 14 10 9
split_gain=29.7896 11.0379 9.83923 9.2572 14.4157 11.9696 9.80359 9.33574 9.73346 9.25878 10.4594 10.9117 10.2811 8.62511 8.55077 11.6031 8.07907 7.49047 11.351 7.06746 6.97299 7.63823 7.28226 8.75272 11.4013 7.00366 8.41841 7.14521 6.76636 9.64751
threshold=0 1 0.010241150856018068 2 4816.1762695312509 26.500000000000004 10154.896484375002 0.027594149112701419 3.5000000000000004 32.038579940795906 38.614742279052741 0.0080908127129077929 0.028639793395996097 8.5000000000000018 9.5000000000000018 5.5000000000000009 175.19944763183597 1604.2551879882815 429.64300537109381 35.822217941284187 30.500000000000004 21.500000000000004 12.500000000000002 38.500000000000007 4.5000000000000009 1192.4812622070315 18.500000000000004 33.266777038574226 6.5000000000000009 6.5000000000000009
decision_type=9 9 10 1 10 8 10 8 8 10 2 10 10 2 10 10 8 10 10 2 10 10 2 10 10 10 10 2 8 2
left_child=14 2 -2 4 -3 -6 9 8 -7 17 13 -12 -13 20 15 -1 -10 -5 -19 -20 21 25 28 24 -24 -11 -27 -28 -23 -30
right_child=1 3 -4 6 5 7 -8 -9 16 10 11 12 -14 -15 -16 -17 -18 18 19 -21 -22 22 23 -25 -26 26 27 -29 29 -31
leaf_value=0.053618518149883436 -0.056166383131729058 -0.042352802333061365 0.042595407444288157 0.013729913982271389 0.087703973321545586 0.088461658846134883 -0.084422183164796633 0.081677096549139683 -0.024869058415499076 0.13154686220499365 -0.032935731715109898 0.14110447891855024 0.035772508556044462 0.026025451123699236 0.074167011853011083 -0.11082406669160261 -0.14616658736353264 -0.098933972056972214 -0.065279343435138623 0.083458651547061127 -0.10423780387213302 -0.095530608098591957 0.098864105589324944 0.04037375716779984 -0.043947851813127159 -0.0803695650518719 0 0.15197476666400445 0.032308534740703922 -0.063799721187432754
leaf_weight=13.386496953666212 11.04473280161619 121.06096333637834 100.3168762922287 24.613999240100384 17.262674685567617 5.1676089204847804 11.781261786818503 8.4418128281831724 19.882283352315429 6.9441670998930958 10.461630478501318 16.467151656746864 22.017614748328924 134.43256286159158 91.113071300089359 6.191384606063365 7.6711839735507956 23.27475294470787 5.5540743842720968 7.1661890558898449 7.0658634155988684 15.891903076320885 6.3807386830449095 39.532454360276461 39.515847958624363 6.1936485022306469 8.0140104629099351 5.0465401485562316 19.521218724548817 22.06646741181612
leaf_count=41 50 504 321 96 62 18 71 22 99 17 49 43 75 408 269 32 56 133 36 28 25 95 16 151 189 32 36 18 87 121
internal_value=0.0102849 0.00241837 0.0299793 -0.00299092 -0.0214567 0.0180024 0.00497456 -0.0111281 -0.0355517 0.00764289 0.0137575 0.0567024 0.0813508 0.00694183 0.0562202 0.000807463 -0.0594077 -0.0284291 -0.0574934 0.0177322 -0.00757011 -0.00341269 -0.0125741 0.00584354 -0.0237043 0.0460392 0.0141632 0.0600229 -0.0400836 -0.0184774
internal_weight=833.481 722.79 111.362 611.429 179.487 58.4256 431.942 41.1629 32.7211 420.161 359.552 48.9464 38.4848 310.605 110.691 19.5779 27.5535 60.609 35.995 12.7203 176.173 169.107 142.909 85.429 45.8966 26.1984 19.2542 13.0606 57.4796 41.5877
internal_count=3200 2858 371 2487 761 257 1726 195 173 1655 1362 167 118 1195 342 73 155 293 197 64 787 762 659 356 205 103 86 54 303 208
cat_boundaries=0 12 24 25
cat_threshold=0 3682304 34145316 138952712 2130176 0 262144 134217728 0 0 0 167936544 2149613568 8388640 2165317632 1343227936 524288 536871936 268435456 536871040 0 264320 1619001344 1048648 18
is_linear=0
shrinkage=0.1


Tree=27
num_leaves=31
num_cat=3
split_feature=15 6 15 10 4 3 6 14 2 4 11 0 11 4 0 9 0 17 12 11 6 14 4 18 20 4 14 20 9 12
split_gain=25.793 11.5812 9.37189 8.24856 8.11057 8.59256 7.50288 9.44245 6.92274 11.6583 11.5674 10.6071 9.74238 9.52527 9.89167 16.5813 11.1265 9.86701 9.51466 10.2688 9.24595 7.71125 7.77908 6.70714 6.64451 6.45701 6.40278 9.57092 6.39619 6.39164
threshold=0 2.5000000000000004 1 11.500000000000002 2647.3537597656255 57959.839843750007 6.5000000000000009 32.447362899780281 2 4816.1762695312509 1.185000002384186 29.500000000000004 1.935000002384186 10154.896484375002 17.500000000000004 30.500000000000004 21.500000000000004 97.42468643188478 11.500000000000002 17.015000343322757 5.5000000000000009 25.412596702575687 6633.0017089843759 453.59147644042974 0.023657698184251789 9016.1362304687518 39.511503219604499 0.0080908127129077929 10.500000000000002 15.500000000000002
decision_type=9 8 9 10 8 10 10 2 1 10 10 8 8 10 8 2 10 8 2 10 8 2 10 10 10 8 2 10 2 2
left_child=3 -2 6 4 -1 -6 7 25 9 10 -4 -11 23 14 15 17 -16 -14 20 -20 -12 -13 28 -10 -9 -3 29 -28 -23 -18
right_child=1 2 8 -5 5 -7 -8 24 12 11 18 21 13 -15 16 -17 26 -19 19 -21 -22 22 -24 -25 -26 -27 27 -29 -30 -31
leaf_value=-0.069672603503511954 -0.10367226386777195 0.026445993648606628 0.067163628019024132 0.071426091120722277 0.11810295575600659 -0.010560094616602671 0.064957545277377376 -0.066245217667437475 -0.089964183073693138 0.070359724426979228 -0.073454667052160097 0.092625562075472942 0.087145805088245598 -0.087443899243574499 0.058288592395521269 -0.16949863522308151 0.00081520803853310931 -0.074652256842421341 -0.055875757714239561 -0.20071254168489025 -0.0049051902818605074 0.11387364502681906 -0.10080447663859049 0.012869241473339744 0.023403302553076297 0.13803324342997045 -0.050221713305491827 0.085767954745660693 -0.032971502263071779 0.08089945999060312
leaf_weight=8.8225996270775813 10.149114256724713 31.590625874698162 9.5836999639868719 85.285783976316452 8.8772733956575411 11.974301122128962 41.306491285562515 18.972840391099453 17.295312382280834 22.974916998296976 31.747376184910536 5.0466395542025593 7.7828509137034425 9.8095154240727407 52.659564420580864 7.7739611119031897 267.95522808283567 7.0968018099665651 15.317444384098055 7.3993602246046057 52.436684340238571 4.0204799920320538 11.805039338767527 9.7014658153057081 14.310139901936052 6.227899692952632 6.6071038022637394 21.768634267151356 10.397337738424538 10.263835549354551
leaf_count=39 108 105 32 251 22 48 119 83 88 81 176 15 23 62 177 32 1070 33 52 32 187 13 77 41 47 14 32 64 50 27
internal_value=0.00932577 0.00180463 0.00338438 0.0511742 0.00977612 0.0440414 0.0285285 0.0111699 -0.00185025 -0.0182496 -0.0371689 0.0188294 0.00508553 0.00923788 0.0117696 -0.0520764 0.0158368 0.00932598 -0.0466699 -0.104163 -0.0309316 -0.0188167 -0.0409143 -0.0527302 -0.0274463 0.0454013 0.00849618 0.0536873 0.0077905 0.00383355
internal_weight=826.96 712 701.851 114.96 29.6742 20.8516 112.408 71.1015 589.443 170.729 116.485 54.2444 418.714 391.717 381.908 22.6536 359.254 14.8797 106.901 22.7168 84.1841 31.2695 26.2229 26.9968 33.283 37.8185 306.595 28.3757 14.4178 278.219
internal_count=3200 2840 2732 360 109 70 368 249 2364 715 479 236 1649 1520 1458 88 1370 56 447 84 363 155 140 129 130 119 1193 96 63 1097
cat_boundaries=0 12 24 25
cat_threshold=0 3682336 34145316 138952712 2130176 0 262144 134217728 0 0 536870912 167936544 2147516416 8388864 2165334016 1343225856 67633152 536871944 268435464 536871040 2097152 264320 1115684864 1048640 18
is_linear=0
shrinkage=0.1


Tree=28
num_leaves=31
num_cat=3
split_feature=15 4 6 17 13 11 15 7 14 7 15 18 20 13 21 20 18 21 13 3 13 18 21 21 14 18 6 14 3 7
split_gain=21.4676 10.3144 9.6721 9.0303 8.6093 7.49265 11.9836 8.75393 8.87373 7.93046 9.74057 9.15446 7.85623 13.1585 9.66826 9.31695 10.7133 13.5737 11.6933 9.09821 7.57365 7.5005 7.40778 7.12383 7.06172 6.72215 6.66831 10.1659 9.70698 8.30942
threshold=0 1740.5070800781252 2.5000000000000004 115.93008041381837 581.74002075195324 21.530000686645511 1 26.500000000000004 28.01989841461182 20.500000000000004 2 298.08821105957037 0.054244397208094604 3379.0949707031255 0.058170489966869361 0.034681387245655067 516.00903320312511 0.047794289886951453 1025.8550415039065 74202.796875000015 796.93997192382824 301.72613525390631 0.011095311027020218 0.096196435391902937 24.995360374450687 499.79734802246099 6.5000000000000009 32.447362899780281 36114.685546875007 16.500000000000004
decision_type=9 10 8 10 10 10 9 8 2 8 9 10 8 8 10 10 10 8 8 8 8 10 10 8 2 10 10 2 8 10
left_child=1 -1 -2 4 -3 6 26 8 -7 10 11 23 15 14 -14 16 19 18 -18 -12 -17 -10 -11 -8 -24 -26 27 28 -4 -29
right_child=2 3 5 -5 -6 7 9 -9 21 22 12 -13 13 -15 -16 20 17 -19 -20 -21 -22 -23 24 -25 25 -27 -28 29 -30 -31
leaf_value=0.086505001477212087 -0.10001296208810324 0.067005886763767661 -0.0055054855440935689 0.056606810304451805 -0.054872763019331562 0.015496703684070544 0.016361157204891126 0.0099829793223904038 -0.13740613198869797 -0.053679945005883911 -0.025842511573458456 0.045294792741540649 -0.047360609184186421 0.069575261121171503 -0.16176566865654751 -0.065159684424384634 -0.03999544054581345 0.11772589490608576 0.055944487694748191 -0.11976183721484589 0.050700442365229172 -0.016003244430716112 0.086986050075474081 -0.14335156941125621 0.010787088518999854 0.10467138320500875 0.06875181500467431 -0.055392859488316931 0.099606340269234983 0.048576967458090731
leaf_weight=47.688945256173611 9.1354440245777351 8.1135998144745844 14.860947921872137 38.00740858912468 19.33038917183876 9.487829923629759 6.1137354969978306 28.611331850290298 15.820420339703562 12.950259529054163 134.8655461370945 53.866402462124825 30.390611562877893 7.1711097359657279 9.9291373938322049 6.511886201798915 34.551180616021156 10.735529113560913 19.932187031954527 11.170650027692316 36.538292832672596 7.8131177499890319 16.194265231490135 4.8711407408118257 120.64183185249567 8.0877256989479047 42.374906562268734 22.849121041595936 20.764097727835178 11.381497964262961
leaf_count=135 106 25 54 121 81 27 21 82 62 47 674 186 177 17 55 46 192 40 80 82 112 26 41 27 357 21 118 99 57 32
internal_value=0.00845935 0.0469431 0.00160043 0.0250384 -0.0183648 0.00298078 0.00622016 -0.0302266 -0.0651875 -0.000432557 -0.00852784 0.0244618 -0.015938 -0.0538031 -0.0761119 -0.00943561 -0.018108 0.0154691 -0.00467539 -0.0331721 0.032833 -0.0979289 0.0182708 -0.0542141 0.0248018 0.0168399 0.0343542 0.0181879 0.0555865 -0.0204914
internal_weight=820.761 113.14 707.62 65.4514 27.444 698.485 636.752 61.7327 33.1214 524.521 366.647 64.8513 301.796 47.4909 40.3197 254.305 211.255 65.2189 54.4834 146.036 43.0502 23.6335 157.874 10.9849 144.924 128.73 112.231 69.8557 35.625 34.2306
internal_count=3200 362 2838 227 106 2732 2535 197 115 2175 1709 234 1475 249 232 1226 1068 312 272 756 158 88 466 48 419 378 360 242 111 131
cat_boundaries=0 12 24 36
cat_threshold=0 3682336 34145284 140001288 2130176 536870912 262144 134217728 0 0 536870912 167936512 2149711872 134348800 2165317666 1342177408 67633152 1032 268435464 536871040 0 264320 1350565888 262240 0 0 0 536870912 8388620 134223874 67209216 1073776640 2097154 100663300 0 17408
is_linear=0
shrinkage=0.1


Tree=29
num_leaves=31
num_cat=3
split_feature=15 10 6 11 15 21 3 18 14 14 5 11 15 14 19 20 0 19 7 7 20 4 20 7 11 21 21 11 10 7
split_gain=17.5462 11.3873 8.48404 7.1633 10.8635 8.99826 11.2748 8.83986 9.21108 10.6643 8.09608 7.9859 6.76778 12.3431 7.98279 7.33683 7.03643 8.39662 7.55938 6.70066 6.92131 6.67891 6.56173 6.28459 8.918 6.2564 7.60635 7.14787 6.22619 6.06991
threshold=0 11.500000000000002 2.5000000000000004 21.530000686645511 1 0.011586423963308336 134334.97656250003 534.82534790039074 40.281267166137702 39.511503219604499 3.5000000000000004 11.234999656677248 2 40.488201141357429 0.27375283837318426 0.046169409528374679 16.500000000000004 0.12318779155611993 20.500000000000004 19.500000000000004 0.030703870579600338 5261.3798828125009 0.055247815325856216 15.500000000000002 11.34500026702881 0.08837400004267694 0.12741866707801822 18.465000152587894 15.500000000000002 26.500000000000004
decision_type=9 10 8 10 9 10 8 10 2 2 10 8 9 2 8 8 8 10 10 10 10 10 10 8 10 10 10 10 8 8
left_child=1 -1 -2 4 23 7 12 -6 9 10 -9 -12 22 14 16 -16 17 -14 19 25 -21 -3 -7 24 28 27 -27 -18 -4 -5
right_child=2 21 3 29 5 6 -8 8 -10 -11 11 -13 13 -15 15 -17 18 -19 -20 20 -22 -23 -24 -25 -26 26 -28 -29 -30 -31
leaf_value=-0.0018710715576461543 -0.097086245249086184 0.079807488919354228 0.051993626307128074 -0.058839597546167459 -0.061093173718339736 0.043559039516168858 -0.12704343282470426 0.063810950233668812 -0.10610992753252835 0.1672439973517027 -0.13700696990904157 0.055039238982183464 -0.1496065668262348 0.091370503500233818 -0.021290508076643982 0.073640304730329675 -0.0084139107668490653 0.017566892421455527 0.021427508614605413 -0.16663358095990505 0 -0.0069203656254222135 -0.05932250668570839 0.059002620063853532 -0.076275336241360625 -0.081877169587941889 0.036449196152894055 0.079827886854547614 -0.050799510645854112 0.0044069271425512457
leaf_weight=32.776883956044912 8.5055241435766202 66.196857906877995 29.852526634931564 33.052783563733101 43.894670985639095 74.782334759831429 6.2654511556029311 10.083140425384054 5.4626881554722777 4.8575773835182181 5.7159509025514055 3.2890128754079395 7.3022226840257627 14.327543415129183 12.05330768227577 23.902405560016632 177.72347784042358 4.8596199452877045 79.450476944446564 5.6147250831127149 4.3672975897789001 9.9935653135180456 6.5939488410949698 58.029568061232567 9.4968720227479917 22.413785304874185 6.963552698493003 9.5686182305216771 7.1571167483925811 27.450445398688316
leaf_count=123 106 195 97 115 255 240 40 40 34 11 42 15 38 45 36 57 854 14 232 31 15 39 26 163 45 125 26 31 31 79
internal_value=0.00769514 0.0431657 0.00154196 0.0028002 0.0059521 -0.000170653 0.0050348 -0.0326881 0.00943351 0.0365398 0.0020585 -0.0659308 0.00692411 0.00066371 -0.00298301 0.0415688 -0.00805913 -0.0823935 -0.00504712 -0.014377 -0.094201 0.0683065 0.031207 0.0338155 0.00936946 -0.0106116 -0.0534616 -0.00381214 0.0317622 -0.0300196
internal_weight=812.004 108.967 703.037 694.531 634.028 529.492 456.189 73.303 29.4084 23.9457 19.0881 9.00496 449.923 368.547 354.219 35.9557 318.264 12.1618 306.102 226.651 9.98202 76.1904 81.3763 104.536 46.5065 216.669 29.3773 187.292 37.0096 60.5032
internal_count=3200 357 2843 2737 2543 2207 1810 397 142 108 97 57 1770 1504 1459 93 1366 52 1314 1082 46 234 266 336 173 1036 151 885 128 194
cat_boundaries=0 12 24 36
cat_threshold=32768 1585184 34144260 140001288 2130176 536870912 262144 671088640 0 0 536870912 167936512 2149711872 136445954 150996002 1073741824 67633152 1032 268435464 128 0 264320 1351618560 96 0 4 2156945408 268929248 8388612 2048 0 1074790400 0 0 0 1311744
is_linear=0
shrinkage=0.1


Tree=30
num_leaves=31
num_cat=3
split_feature=15 15 9 15 16 14 6 18 7 10 10 21 21 0 12 13 11 19 18 14 13 21 0 20 21 5 7 19 0 6
split_gain=29.7482 14.8143 11.0395 11.6381 8.95172 8.41748 7.86954 14.1176 10.4924 15.0421 9.71855 8.85145 9.79613 7.94942 10.0938 7.72489 7.34747 6.79598 6.40854 6.81727 6.39825 6.08375 8.61872 6.90355 5.97044 12.7787 9.31281 11.4011 9.37748 6.46525
threshold=0 1 52.500000000000007 2 38.997373580932624 35.183889389038093 6.5000000000000009 590.71917724609386 11.500000000000002 14.500000000000002 24.500000000000004 0.011095311027020218 0.013094366993755104 23.500000000000004 1.5000000000000002 486.20500183105474 24.555000305175785 0.081604804843664183 240.90204620361331 35.183889389038093 2625.6899414062505 0.035401668399572379 41.500000000000007 0.060211956501007087 0.026707533746957782 6.5000000000000009 11.500000000000002 0.021664979867637161 35.500000000000007 2.5000000000000004
decision_type=9 9 2 9 10 2 8 8 10 8 10 8 8 10 2 8 10 10 10 2 10 8 10 8 8 8 8 8 8 10
left_child=4 20 3 21 5 -1 11 8 13 15 -11 -5 -13 -8 -15 -10 24 -17 19 -4 -2 -3 23 -23 25 -14 29 -28 -29 -26
right_child=1 2 18 6 -6 -7 7 -9 9 10 -12 12 16 14 -16 17 -18 -19 -20 -21 -22 22 -24 -25 26 -27 27 28 -30 -31
leaf_value=0.054048939549233593 -0.028089763957879429 0.070273545592778319 -0.065366888369312037 -0.13655507699831482 0.082857601281383975 -0.051866783924156314 0.037925607759837304 0.086520235296452835 0.1838342651365662 -0.01828936089823904 0.07110626025379195 0.094304523508579485 -0.079537245300377521 0.023877406197628449 -0.12795675717973104 0.0017245691326091116 -0.14000230025401733 0.10562750398209242 0.073049200733099146 0.071999360704811263 -0.11500954211430847 0.052038586260967981 -0.051259587292874498 -0.043000447506100568 -0.10529636780843775 0.02928887116579201 -0.092383182879941628 0.017236030707272861 -0.056266625195068601 0.018788197392944586
leaf_weight=23.626793526113033 73.399929374456406 34.841326043009758 8.0952733606100065 5.6059893257915965 72.730672843754292 10.803596660494803 7.0368506163358715 23.100411035120487 5.4099064543843296 80.026348099112511 14.221043631434439 8.5130494534969312 32.37585973367095 6.0156041830778149 14.802676688879727 13.428103633224966 4.4596663862466803 12.098186567425726 39.015333831310272 6.3461887538433066 9.6264735609292966 46.523387588560581 13.85127382725477 8.9472723528742772 4.2404335625469676 15.929956551641224 21.142793960869312 47.90854749828577 27.006387077271938 114.38027439638972
leaf_count=77 313 111 27 47 208 43 28 72 13 263 39 37 216 22 91 48 18 29 103 15 37 153 61 34 62 67 147 162 116 533
internal_value=0.0109991 0.00296353 0.00847866 0.00446109 0.0575762 0.0204711 -0.00267317 0.0138145 0.00272535 0.0151461 -0.00463334 -0.0131191 -0.0105268 -0.0525916 -0.0837006 0.0755474 -0.0139351 0.0515796 0.0520152 -0.00423465 -0.0342892 0.032972 0.0187555 0.0364793 -0.0117068 -0.0434564 -0.00449924 -0.0276648 -0.00916762 0.0141833
internal_weight=805.51 698.349 615.322 561.865 107.161 34.4304 457.702 176.139 153.039 125.184 94.2474 281.563 275.957 27.8551 20.8183 30.9362 267.444 25.5263 53.4568 14.4415 83.0264 104.163 69.3219 55.4707 262.984 48.3058 214.678 96.0577 74.9149 118.621
internal_count=3192 2864 2514 2369 328 120 2010 605 533 392 302 1405 1358 141 113 90 1321 77 145 42 350 359 248 187 1303 283 1020 425 278 595
cat_boundaries=0 12 25 37
cat_threshold=33685504 134218368 34095240 268452096 32768 35328 1073741828 134250496 0 0 17956864 302022698 1342177280 538578945 0 1749025792 524288 1024 268435456 2097152 69206017 0 2147483648 537133312 2 67141632 256 1208288256 68518016 1310720 201326592 65536 1610612736 4194304 65536 272633856 1073741888
is_linear=0
shrinkage=0.1


Tree=31
num_leaves=31
num_cat=4
split_feature=15 15 4 6 10 15 4 13 3 18 13 5 14 13 0 13 17 2 4 3 14 10 18 12 10 20 13 0 6 13
split_gain=25.6021 11.9614 11.873 9.61425 8.42529 7.5884 9.20438 8.68365 12.4613 8.2327 7.90637 8.11171 7.17422 7.00698 7.15486 6.60228 6.87064 6.35946 7.28636 6.33401 9.3646 6.54394 6.3298 6.07611 8.13491 11.4499 11.3994 8.01694 6.87299 6.88026
threshold=0 1 850.47061157226574 2.5000000000000004 12.500000000000002 2 507.86604309082037 749.08499145507824 33246.589843750007 298.08821105957037 587.08999633789074 1.5000000000000002 35.183889389038093 1269.2949829101565 39.500000000000007 1473.5050048828127 113.6277313232422 3 8756.3129882812518 44069.240234375007 32.735130310058601 15.500000000000002 330.89671325683599 5.5000000000000009 11.500000000000002 0.0063863657414913186 796.93997192382824 50.500000000000007 6.5000000000000009 581.74002075195324
decision_type=9 9 10 8 8 9 8 8 10 8 8 10 2 10 10 10 8 1 8 8 2 8 10 2 8 10 8 8 10 10
left_child=2 17 -1 -3 -4 7 -7 8 -5 10 -8 -12 -6 -9 -15 16 -11 19 -19 21 -21 -2 -14 24 -18 26 -26 28 29 -25
right_child=1 3 4 5 12 6 9 13 -10 15 11 -13 22 14 -16 -17 23 18 -20 20 -22 -23 -24 27 25 -27 -28 -29 -30 -31
leaf_value=-0.069837957315606145 0.10023485236091155 -0.10824221661356842 0.026326987923474439 0.060114950762349642 0.10504546983667912 0.099365538727250777 -0.07848912270750126 0.089014226953996634 -0.09744468277658945 -0.018904323431252087 0.088415155602821066 -0.013367838198083666 -0.03181389997486752 0.042972899451638978 -0.056101578313088478 0.038388122131357921 0.023174970634605663 -0.079733152838349933 0.049781835210810609 0.011401214125097696 -0.17337833867666441 -0.011506254952445904 0.091088929875219105 0.056680462272671539 0.1077878839867667 -0.090919144327778478 -0.083979956938339956 0.12458048364560959 0.081707288930119734 -0.037353745128294563
leaf_weight=6.7597884759306899 9.4950439035892504 6.9998114518821231 36.511656403541565 9.2102143615484255 51.069576159119606 9.6545791551470739 17.763577662408352 28.782894000411034 10.711464282125233 86.433541614562273 8.1086922511458379 162.5777982622385 8.3843834847211856 48.117635861039162 8.4192385450005514 70.135450445115566 54.918047577142715 41.175048816949129 4.6888402476906768 7.8085905686020833 4.0463437512516975 11.205168493092058 8.0557857826352102 12.606959965080021 7.7214565202593812 18.468026336282492 4.9949113279581079 9.7262130677700025 14.489154689013956 19.960486356168985
leaf_count=25 26 101 126 33 138 23 125 85 61 474 27 571 30 146 33 206 235 187 21 32 24 39 26 51 33 113 33 28 42 98
internal_value=0.0099785 0.00233548 0.0523896 0.00722785 0.0655195 0.0087229 0.00310795 0.0318295 -0.0241656 0.00122645 -0.0151205 -0.00842501 0.0864981 0.0487603 0.0279696 0.0115488 0.00328342 -0.0320794 -0.0543671 0.0045237 -0.0517542 0.0395033 0.0279913 0.0167789 0 -0.0406913 0.0316149 0.042141 0.0246613 -0.000584617
internal_weight=799 688.219 110.781 609.8 104.021 602.8 497.559 105.241 19.9217 487.904 188.45 170.686 67.5097 85.3198 56.5369 299.454 229.319 78.419 45.8639 32.5551 11.8549 20.7002 16.4402 142.885 86.1024 31.1844 12.7164 56.7828 47.0566 32.5674
internal_count=3192 2847 345 2518 320 2417 2059 358 94 2036 723 598 194 264 179 1313 1107 329 208 121 56 65 56 633 414 179 66 219 191 149
cat_boundaries=0 12 25 37 38
cat_threshold=33947648 640 1646600 268452100 32768 35328 1073741828 1207992320 0 0 1179648 302022698 1342177280 538578945 0 1614808064 524292 1024 268435456 2097152 69206017 0 0 537133312 2 67633152 151027968 1241792640 1409096 3145728 0 65536 536870912 4194304 65536 20971520 1073742336 33
is_linear=0
shrinkage=0.1


Tree=32
num_leaves=31
num_cat=1
split_feature=9 18 14 6 9 9 0 9 7 2 14 9 17 9 11 11 19 7 9 8 0 16 9 19 11 21 6 11 7 21
split_gain=8.57744 7.50816 9.38442 5.66171 5.7233 5.37732 8.53863 4.70418 4.75493 4.65734 13.6123 11.4039 11.7171 9.53059 9.33142 8.39088 9.87866 8.09805 7.44305 7.11051 11.0647 6.55047 6.34582 9.04707 9.34912 7.31413 6.14095 8.74068 6.78481 7.32036
threshold=52.500000000000007 240.90204620361331 34.170907974243171 2.5000000000000004 14.500000000000002 48.500000000000007 31.500000000000004 1.0000000180025095e-35 3.5000000000000004 0 27.097194671630863 43.500000000000007 60.102155685424812 42.500000000000007 2.8449999094009404 11.875000000000002 0.011408600956201555 28.500000000000004 39.500000000000007 1.0000000180025095e-35 19.500000000000004 132.15212249755862 9.5000000000000018 0.094545401632785811 19.57499980926514 0.017466103658080104 5.5000000000000009 2.6750000715255742 19.500000000000004 0.034322394058108337
decision_type=2 10 2 8 2 2 8 2 8 1 2 2 8 2 10 10 8 8 2 10 8 8 2 8 10 8 8 8 10 10
left_child=3 2 -2 4 -1 7 -7 8 -5 13 15 12 14 18 -12 16 -11 -18 19 20 -9 -21 -14 24 25 -24 27 -27 29 -29
right_child=1 -3 -4 5 -6 6 -8 9 -10 10 11 -13 22 -15 -16 -17 17 -19 -20 21 -22 -23 23 -25 -26 26 -28 28 -30 -31
leaf_value=-0.10955508331184199 -0.09077841463630941 0.061891845211430631 0.056283237479602344 0.031994668358824987 0.089047257632542121 -0.10565870671636457 0.014693672154932265 0.085187250484058952 -0.11117848930362406 0.017217532427540479 0.074510933451281763 -0.11656465078336387 0.061196903185506205 0.078992810664914537 -0.062642256109383107 -0.00059848586124768661 -0.15464421329782974 0.0058489834273708699 -0.0761361811841718 0.029333043703446429 -0.034002331745881458 -0.00048068742740527809 0.083339477060445311 0.061112857806655346 -0.13408730082160789 0.068431639693026999 0.023358108528345637 -0.020024157439988893 0.041666248102008724 -0.12907901779602582
leaf_weight=7.4815240744501335 8.2411774992942828 51.544580116868019 8.8910013586282712 3.4305238947272274 1.6588797643780706 10.691719070076944 12.677653729915617 8.9864689335226995 6.3257075399160394 6.4979291446507004 5.8515360578894606 6.8291788548231116 37.751675616949797 22.603586748242378 28.530254390090704 19.24164217337966 15.830394912511112 3.7600981742143622 9.16425012052059 235.90307758748531 53.398179825395346 106.19996982067823 10.628819435834883 30.545783556997776 4.9386985450983039 6.7174359485507047 37.959668338298798 11.878091085702183 5.5924797505140296 13.359166819602249
leaf_count=106 29 147 23 14 13 40 38 31 41 33 19 26 147 62 139 72 86 13 35 883 263 454 34 86 23 24 147 71 17 76
internal_value=0.00905013 0.0428229 -0.0139945 0.00582918 -0.0718552 0.00684575 -0.0401582 0.00845331 -0.060007 0.00945572 -0.00173161 0.00934622 0.0138936 0.015469 -0.0388614 -0.0512643 -0.0881063 -0.123459 0.0123292 0.0143766 -0.0165643 0.0200512 0.0253545 0.0141055 -0.00160049 0.00602653 -0.0048201 -0.0335599 -0.0562553 -0.0784279
internal_weight=793.111 68.6768 17.1322 724.434 9.1404 715.294 23.3694 691.925 9.75623 682.168 245.913 200.583 193.754 436.256 34.3818 45.3301 26.0884 19.5905 413.652 404.488 62.3846 342.103 159.372 121.62 91.0744 86.1357 75.5068 37.5472 30.8297 25.2373
internal_count=3192 199 52 2993 119 2874 78 2796 55 2741 1013 809 783 1728 158 204 132 99 1666 1631 294 1337 625 478 392 369 335 188 164 147
cat_boundaries=0 1
cat_threshold=41
is_linear=0
shrinkage=0.1


Tree=33
num_leaves=31
num_cat=4
split_feature=15 15 2 9 15 14 17 17 4 4 10 4 18 13 9 11 20 17 6 17 14 8 13 7 11 6 11 14 5 9
split_gain=20.2178 10.981 8.42362 7.69313 8.73677 8.7311 6.82839 6.69908 11.4364 11.5925 6.32805 6.90485 8.80083 6.76053 5.83452 7.82109 5.82785 6.05422 5.79329 5.54465 5.48082 5.32055 6.46548 7.53942 11.9238 6.91534 8.03156 7.96983 7.66955 12.772
threshold=0 1 2 52.500000000000007 3 24.110430717468265 118.37132263183595 49.863599777221687 1437.970397949219 3014.2341308593755 24.500000000000004 507.86604309082037 257.01168823242193 2786.5749511718755 22.500000000000004 14.88000011444092 0.021687794476747516 94.866466522216811 8.5000000000000018 374.97431945800787 32.107032775878913 7.5000000000000009 695.39001464843761 11.500000000000002 11.694999694824221 4.5000000000000009 21.530000686645511 32.047437667846687 1.5000000000000002 12.500000000000002
decision_type=9 9 1 2 9 2 8 8 10 10 10 8 10 8 2 10 10 10 8 10 2 8 8 8 10 10 10 2 8 2
left_child=-1 2 14 4 -3 16 10 -4 -9 -10 11 -7 13 -13 -2 -16 -6 -18 -5 21 -11 22 23 24 -8 28 27 -27 -24 -30
right_child=1 3 7 18 5 6 19 8 9 20 -12 12 -14 -15 15 -17 17 -19 -20 -21 -22 -23 25 -25 -26 26 -28 -29 29 -31
leaf_value=0.047541175618994763 -0.026662675572054984 0.028575580887188808 -0.14085287395444354 0.020023319329614351 -0.13960449053122298 0.081151863117272585 -0.013540604792804379 0.033911920424157797 -0.15445472931900942 0.0091903917737064106 0.057903545633535829 -0.035857877381038225 -0.016655872804018694 -0.18023394632704515 0.085519135220674017 -0.038223918187588503 -0.10148342343856476 0.046166163396962188 0.093247095220942156 -0.056476832028436889 -0.08174314977114451 -0.030201454446572903 0.078559934991515312 -0.067243687530062698 0.11410106868911628 0.019210204106415649 -0.072978234432535302 0.077036046215199216 -0.10994900450202941 0.021287094663511245
leaf_weight=101.9667886942625 23.367424692958593 101.91649501770735 8.3560835644602758 32.325380936264992 7.2533374615013626 6.3606573417782775 34.116433011367917 13.678477849811314 11.747592121362684 13.556658621877434 11.031890645623205 7.5849839486181709 143.24063226394355 5.9583096802234659 15.190142527222635 7.4684902504086486 5.1155512332916242 5.7550205439329147 16.572105213999748 11.356545438989995 12.521696392446755 23.392836775630713 8.7458169441670162 15.619573660194872 9.1848106607794744 43.278306167572737 5.308009833097457 54.751799318939447 11.580534655600788 20.009178780019283
leaf_count=324 102 355 46 96 54 17 196 43 64 53 30 32 679 24 43 28 25 20 43 66 63 95 40 100 35 161 20 170 83 85
internal_value=0.00819252 0.00161002 -0.026532 0.00712656 0.00373313 -0.00274291 0.000168523 -0.0494558 -0.0437732 -0.0721444 -0.0148389 -0.0198515 -0.024062 -0.100964 0.00663859 0.0443042 -0.0705418 -0.022696 0.0451837 0.0112256 -0.0342354 0.0146955 0.0199413 -0.0078099 0.0135041 0.0313892 0.0450917 0.0516546 -0.00349372 -0.0267026
internal_weight=788.312 686.345 105.887 580.458 531.561 429.644 411.52 59.8605 51.5044 37.8259 174.176 163.145 156.784 13.5433 46.0261 22.6586 18.1239 10.8706 48.8975 237.344 26.0784 225.987 202.594 58.9208 43.3012 143.674 103.338 98.0301 40.3355 31.5897
internal_count=3192 2868 442 2426 2287 1932 1833 269 223 180 782 752 735 56 173 71 99 45 139 1051 116 985 890 331 231 559 351 331 208 168
cat_boundaries=0 12 25 26 38
cat_threshold=33947648 640 1581184 269500676 32768 35328 4 1207992320 0 0 1179648 302022666 3489660928 538579969 0 1765805056 4718593 1024 268435456 2097152 69206016 0 2147483648 553910544 2 33 67141632 134217984 168103936 67469440 68419584 201326592 1073807360 536870912 4194304 65536 272633856 1073742848
is_linear=0
shrinkage=0.1


Tree=34
num_leaves=31
num_cat=0
split_feature=9 13 3 13 10 18 14 10 3 3 4 6 9 20 20 16 9 13 8 20 14 7 7 7 13 20 19 16 10 9
split_gain=6.08367 7.17502 10.1415 7.22272 8.21275 6.31092 7.51989 6.07601 7.15002 5.71144 5.68094 4.94433 4.94456 4.59145 6.26771 4.99837 5.77649 12.3454 6.56828 7.65559 8.07884 7.40432 13.0869 10.0556 13.1517 7.7306 10.9652 6.93893 6.91336 12.1154
threshold=52.500000000000007 2889.724975585938 17902.174804687504 3510.420043945313 20.500000000000004 240.90204620361331 34.170907974243171 24.500000000000004 57178.181640625007 37151.154296875007 973.73937988281261 2.5000000000000004 14.500000000000002 0.088607694953680052 0.12357377633452417 271.48091125488287 47.500000000000007 1960.350036621094 3.5000000000000004 0.034275788813829429 39.511503219604499 20.500000000000004 11.500000000000002 13.500000000000002 132.94499969482425 0.013173453975468876 0.045192750170826919 25.450783729553226 22.500000000000004 34.500000000000007
decision_type=2 10 8 10 10 10 2 10 8 8 10 8 2 10 8 10 2 8 10 8 2 8 10 10 10 10 8 10 8 2
left_child=1 7 10 9 -5 6 -2 11 -9 -4 -3 12 -1 15 -15 16 18 -18 19 20 21 22 -13 -24 -25 26 27 -26 -20 -30
right_child=5 2 3 4 -6 -7 -8 8 -10 -11 -12 13 -14 14 -16 -17 17 -19 28 -21 -22 -23 23 24 25 -27 -28 -29 29 -31
leaf_value=-0.10811014920141093 -0.083447375102460933 -0.039881833544354373 -0.058744503936772247 -0.10210511298480514 0.043829873015603815 0.054833232851777228 0.049168810450137074 0.10200840730205657 -0.026616349975935739 -0.20066323393388488 0.067230604728156951 0.0090382260881477459 0.076395590016651901 -0.10042207448508796 0.031571510409851559 0.052755561447342385 0.040621625471090779 -0.12791345160947171 0.02559657739643122 -0.046453766556600398 0.048891867730209287 0.042238049129076145 -0.10920758830759354 0.10830511261493299 -0.096381188783952146 -0.072012857289912816 0.099334879001075155 0.015279823678740458 -0.11121588877545935 0.052852971617293854
leaf_weight=6.7785840267315489 8.2907946258783358 8.5016384869813937 6.0970697700977334 7.2595618814229947 7.9085584729909897 48.889913141727448 8.5498798340558988 13.694458097219469 6.0842733085155478 5.8964237421751031 11.386969104409216 159.14405170828104 1.6986122913658617 8.9355187714099849 5.7622390873730192 24.104831729084253 7.8618221431970623 9.3431055322289449 221.96357664838433 33.095490146428347 35.514571290463209 33.559338480234146 16.638672899454832 6.7988015115261069 10.362372204661375 31.033791579306126 7.9198006615042678 11.569788407534359 10.058239087462427 7.9067704379558554
leaf_count=106 29 28 22 28 22 147 23 37 20 26 30 734 13 41 24 88 23 36 808 190 124 107 114 25 66 153 20 46 40 22
internal_value=0.00751337 0.00482496 -0.0328421 -0.0725467 -0.0255719 0.0366302 -0.0156361 0.00749021 0.0620033 -0.130426 0.0209733 0.0058069 -0.0695144 0.0068284 -0.0481347 0.00814049 0.00633129 -0.0505335 0.00802749 -0.000769573 0.00404933 -0.00167893 -0.00778833 -0.0396368 -0.022251 -0.0371472 -0.000447972 -0.0372212 0.0207371 -0.0385594
internal_weight=782.61 716.879 47.0502 27.1616 15.1681 65.7306 16.8407 669.829 19.7787 11.9935 19.8886 650.05 8.4772 641.573 14.6978 626.875 602.77 17.2049 585.565 345.637 312.541 277.027 243.467 84.3232 67.6846 60.8858 29.852 21.9322 239.929 17.965
internal_count=3192 2993 156 98 50 199 52 2837 57 48 58 2780 119 2661 65 2596 2508 59 2449 1579 1389 1265 1158 424 310 285 132 112 870 62
is_linear=0
shrinkage=0.1


end of trees

feature_importances:
Interest_Rate=76
Changed_Credit_Limit=74
Outstanding_Debt=73
Credit_History_Age=70
Delay_from_due_date=67
monthly_debt_service_ratio=63
investment_rate=63
Num_of_Delayed_Payment=59
Amount_invested_monthly=59
Monthly_Inhand_Salary=53
Credit_Utilization_Ratio=51
Age=50
Total_EMI_per_month=48
Num_Credit_Card=47
debt_to_income_ratio=45
Monthly_Balance=43
Num_Credit_Inquiries=27
Annual_Income=23
Num_Bank_Accounts=22
Num_of_Loan=16
occupation_category=11
financial_risk_score=8
age_group=2

parameters:
[boosting: gbdt]
[objective: binary]
[metric: auc]
[tree_learner: serial]
[device_type: cpu]
[data_sample_strategy: bagging]
[data: ]
[valid: ]
[num_iterations: 1000]
[learning_rate: 0.1]
[num_leaves: 31]
[num_threads: -1]
[seed: 42]
[deterministic: 0]
[force_col_wise: 1]
[force_row_wise: 0]
[histogram_pool_size: -1]
[max_depth: -1]
[min_data_in_leaf: 20]
[min_sum_hessian_in_leaf: 0.001]
[bagging_fraction: 0.8]
[pos_bagging_fraction: 1]
[neg_bagging_fraction: 1]
[bagging_freq: 5]
[bagging_seed: 400]
[bagging_by_query: 0]
[feature_fraction: 0.8]
[feature_fraction_bynode: 1]
[feature_fraction_seed: 30056]
[extra_trees: 0]
[extra_seed: 12879]
[early_stopping_round: 0]
[early_stopping_min_delta: 0]
[first_metric_only: 0]
[max_delta_step: 0]
[lambda_l1: 0.1]
[lambda_l2: 0.1]
[linear_lambda: 0]
[min_gain_to_split: 0]
[drop_rate: 0.1]
[max_drop: 50]
[skip_drop: 0.5]
[xgboost_dart_mode: 0]
[uniform_drop: 0]
[drop_seed: 17869]
[top_rate: 0.2]
[other_rate: 0.1]
[min_data_per_group: 100]
[max_cat_threshold: 32]
[cat_l2: 10]
[cat_smooth: 10]
[max_cat_to_onehot: 4]
[top_k: 20]
[monotone_constraints: ]
[monotone_constraints_method: basic]
[monotone_penalty: 0]
[feature_contri: ]
[forcedsplits_filename: ]
[refit_decay_rate: 0.9]
[cegb_tradeoff: 1]
[cegb_penalty_split: 0]
[cegb_penalty_feature_lazy: ]
[cegb_penalty_feature_coupled: ]
[path_smooth: 0]
[interaction_constraints: ]
[verbosity: -1]
[saved_feature_importance_type: 0]
[use_quantized_grad: 0]
[num_grad_quant_bins: 4]
[quant_train_renew_leaf: 0]
[stochastic_rounding: 1]
[linear_tree: 0]
[max_bin: 255]
[max_bin_by_feature: ]
[min_data_in_bin: 3]
[bin_construct_sample_cnt: 200000]
[data_random_seed: 175]
[is_enable_sparse: 1]
[enable_bundle: 1]
[use_missing: 1]
[zero_as_missing: 0]
[feature_pre_filter: 1]
[pre_partition: 0]
[two_round: 0]
[header: 0]
[label_column: ]
[weight_column: ]
[group_column: ]
[ignore_column: ]
[categorical_feature: 1,2,15,22]
[forcedbins_filename: ]
[precise_float_parser: 0]
[parser_config_file: ]
[objective_seed: 16083]
[num_class: 1]
[is_unbalance: 0]
[scale_pos_weight: 2.58386]
[sigmoid: 1]
[boost_from_average: 1]
[reg_sqrt: 0]
[alpha: 0.9]
[fair_c: 1]
[poisson_max_delta_step: 0.7]
[tweedie_variance_power: 1.5]
[lambdarank_truncation_level: 30]
[lambdarank_norm: 1]
[label_gain: ]
[lambdarank_position_bias_regularization: 0]
[eval_at: ]
[multi_error_top_k: 1]
[auc_mu_weights: ]
[num_machines: 1]
[local_listen_port: 12400]
[time_out: 120]
[machine_list_filename: ]
[machines: ]
[gpu_platform_id: -1]
[gpu_device_id: -1]
[gpu_use_dp: 0]
[num_gpu: 1]

end of parameters

pandas_categorical:[["Adult", "Middle", "Senior", "Unknown", "Young"], ["Education_Media", "Management", "Other", "Professional", "Skilled_Trade", "Technical"], ["0 Years and 10 Months", "0 Years and 11 Months", "0 Years and 8 Months", "0 Years and 9 Months", "1 Years and 0 Months", "1 Years and 10 Months", "1 Years and 11 Months", "1 Years and 2 Months", "1 Years and 3 Months", "1 Years and 4 Months", "1 Years and 5 Months", "1 Years and 6 Months", "1 Years and 7 Months", "1 Years and 8 Months", "1 Years and 9 Months", "10 Years and 0 Months", "10 Years and 1 Months", "10 Years and 10 Months", "10 Years and 11 Months", "10 Years and 2 Months", "10 Years and 3 Months", "10 Years and 4 Months", "10 Years and 5 Months", "10 Years and 6 Months", "10 Years and 8 Months", "10 Years and 9 Months", "11 Years and 0 Months", "11 Years and 1 Months", "11 Years and 10 Months", "11 Years and 11 Months", "11 Years and 2 Months", "11 Years and 3 Months", "11 Years and 4 Months", "11 Years and 5 Months", "11 Years and 6 Months", "11 Years and 7 Months", "11 Years and 8 Months", "11 Years and 9 Months", "12 Years and 0 Months", "12 Years and 10 Months", "12 Years and 11 Months", "12 Years and 2 Months", "12 Years and 3 Months", "12 Years and 4 Months", "12 Years and 5 Months", "12 Years and 6 Months", "12 Years and 7 Months", "12 Years and 8 Months", "12 Years and 9 Months", "13 Years and 0 Months", "13 Years and 1 Months", "13 Years and 10 Months", "13 Years and 11 Months", "13 Years and 2 Months", "13 Years and 3 Months", "13 Years and 4 Months", "13 Years and 5 Months", "13 Years and 6 Months", "13 Years and 7 Months", "13 Years and 8 Months", "13 Years and 9 Months", "14 Years and 0 Months", "14 Years and 1 Months", "14 Years and 10 Months", "14 Years and 11 Months", "14 Years and 2 Months", "14 Years and 3 Months", "14 Years and 4 Months", "14 Years and 5 Months", "14 Years and 6 Months", "14 Years and 8 Months", "14 Years and 9 Months", "15 Years and 0 Months", "15 Years and 1 Months", "15 Years and 10 Months", "15 Years and 11 Months", "15 Years and 2 Months", "15 Years and 3 Months", "15 Years and 4 Months", "15 Years and 5 Months", "15 Years and 6 Months", "15 Years and 7 Months", "15 Years and 8 Months", "15 Years and 9 Months", "16 Years and 0 Months", "16 Years and 1 Months", "16 Years and 10 Months", "16 Years and 11 Months", "16 Years and 2 Months", "16 Years and 3 Months", "16 Years and 4 Months", "16 Years and 5 Months", "16 Years and 6 Months", "16 Years and 7 Months", "16 Years and 8 Months", "16 Years and 9 Months", "17 Years and 0 Months", "17 Years and 1 Months", "17 Years and 10 Months", "17 Years and 11 Months", "17 Years and 2 Months", "17 Years and 3 Months", "17 Years and 4 Months", "17 Years and 5 Months", "17 Years and 6 Months", "17 Years and 7 Months", "17 Years and 8 Months", "17 Years and 9 Months", "18 Years and 0 Months", "18 Years and 1 Months", "18 Years and 10 Months", "18 Years and 11 Months", "18 Years and 2 Months", "18 Years and 3 Months", "18 Years and 4 Months", "18 Years and 5 Months", "18 Years and 6 Months", "18 Years and 7 Months", "18 Years and 8 Months", "18 Years and 9 Months", "19 Years and 0 Months", "19 Years and 1 Months", "19 Years and 10 Months", "19 Years and 11 Months", "19 Years and 2 Months", "19 Years and 3 Months", "19 Years and 4 Months", "19 Years and 5 Months", "19 Years and 6 Months", "19 Years and 7 Months", "19 Years and 8 Months", "19 Years and 9 Months", "2 Years and 0 Months", "2 Years and 10 Months", "2 Years and 11 Months", "2 Years and 2 Months", "2 Years and 3 Months", "2 Years and 4 Months", "2 Years and 5 Months", "2 Years and 6 Months", "2 Years and 7 Months", "2 Years and 8 Months", "2 Years and 9 Months", "20 Years and 0 Months", "20 Years and 1 Months", "20 Years and 10 Months", "20 Years and 11 Months", "20 Years and 2 Months", "20 Years and 3 Months", "20 Years and 4 Months", "20 Years and 5 Months", "20 Years and 6 Months", "20 Years and 7 Months", "20 Years and 8 Months", "20 Years and 9 Months", "21 Years and 0 Months", "21 Years and 1 Months", "21 Years and 10 Months", "21 Years and 11 Months", "21 Years and 2 Months", "21 Years and 3 Months", "21 Years and 4 Months", "21 Years and 5 Months", "21 Years and 6 Months", "21 Years and 7 Months", "21 Years and 8 Months", "21 Years and 9 Months", "22 Years and 0 Months", "22 Years and 1 Months", "22 Years and 10 Months", "22 Years and 11 Months", "22 Years and 2 Months", "22 Years and 3 Months", "22 Years and 4 Months", "22 Years and 5 Months", "22 Years and 6 Months", "22 Years and 7 Months", "22 Years and 8 Months", "22 Years and 9 Months", "23 Years and 0 Months", "23 Years and 1 Months", "23 Years and 10 Months", "23 Years and 11 Months", "23 Years and 2 Months", "23 Years and 3 Months", "23 Years and 4 Months", "23 Years and 5 Months", "23 Years and 6 Months", "23 Years and 7 Months", "23 Years and 8 Months", "23 Years and 9 Months", "24 Years and 0 Months", "24 Years and 1 Months", "24 Years and 10 Months", "24 Years and 11 Months", "24 Years and 2 Months", "24 Years and 3 Months", "24 Years and 4 Months", "24 Years and 5 Months", "24 Years and 6 Months", "24 Years and 7 Months", "24 Years and 8 Months", "24 Years and 9 Months", "25 Years and 0 Months", "25 Years and 1 Months", "25 Years and 10 Months", "25 Years and 11 Months", "25 Years and 2 Months", "25 Years and 3 Months", "25 Years and 4 Months", "25 Years and 5 Months", "25 Years and 6 Months", "25 Years and 7 Months", "25 Years and 8 Months", "25 Years and 9 Months", "26 Years and 0 Months", "26 Years and 1 Months", "26 Years and 10 Months", "26 Years and 11 Months", "26 Years and 2 Months", "26 Years and 3 Months", "26 Years and 4 Months", "26 Years and 5 Months", "26 Years and 6 Months", "26 Years and 7 Months", "26 Years and 8 Months", "26 Years and 9 Months", "27 Years and 0 Months", "27 Years and 1 Months", "27 Years and 10 Months", "27 Years and 11 Months", "27 Years and 2 Months", "27 Years and 3 Months", "27 Years and 4 Months", "27 Years and 5 Months", "27 Years and 6 Months", "27 Years and 8 Months", "27 Years and 9 Months", "28 Years and 0 Months", "28 Years and 10 Months", "28 Years and 11 Months", "28 Years and 2 Months", "28 Years and 3 Months", "28 Years and 4 Months", "28 Years and 5 Months", "28 Years and 6 Months", "28 Years and 7 Months", "28 Years and 8 Months", "28 Years and 9 Months", "29 Years and 0 Months", "29 Years and 1 Months", "29 Years and 10 Months", "29 Years and 11 Months", "29 Years and 2 Months", "29 Years and 3 Months", "29 Years and 4 Months", "29 Years and 5 Months", "29 Years and 6 Months", "29 Years and 7 Months", "29 Years and 8 Months", "29 Years and 9 Months", "3 Years and 0 Months", "3 Years and 10 Months", "3 Years and 11 Months", "3 Years and 2 Months", "3 Years and 3 Months", "3 Years and 4 Months", "3 Years and 5 Months", "3 Years and 6 Months", "3 Years and 7 Months", "3 Years and 8 Months", "3 Years and 9 Months", "30 Years and 0 Months", "30 Years and 1 Months", "30 Years and 10 Months", "30 Years and 11 Months", "30 Years and 2 Months", "30 Years and 3 Months", "30 Years and 4 Months", "30 Years and 5 Months", "30 Years and 6 Months", "30 Years and 7 Months", "30 Years and 8 Months", "30 Years and 9 Months", "31 Years and 0 Months", "31 Years and 1 Months", "31 Years and 10 Months", "31 Years and 11 Months", "31 Years and 2 Months", "31 Years and 3 Months", "31 Years and 4 Months", "31 Years and 5 Months", "31 Years and 6 Months", "31 Years and 7 Months", "31 Years and 8 Months", "31 Years and 9 Months", "32 Years and 0 Months", "32 Years and 1 Months", "32 Years and 10 Months", "32 Years and 11 Months", "32 Years and 2 Months", "32 Years and 3 Months", "32 Years and 4 Months", "32 Years and 5 Months", "32 Years and 6 Months", "32 Years and 7 Months", "32 Years and 8 Months", "32 Years and 9 Months", "33 Years and 0 Months", "33 Years and 1 Months", "33 Years and 2 Months", "33 Years and 3 Months", "33 Years and 4 Months", "33 Years and 5 Months", "33 Years and 6 Months", "33 Years and 7 Months", "33 Years and 8 Months", "4 Years and 0 Months", "4 Years and 1 Months", "4 Years and 10 Months", "4 Years and 11 Months", "4 Years and 2 Months", "4 Years and 3 Months", "4 Years and 4 Months", "4 Years and 5 Months", "4 Years and 6 Months", "4 Years and 7 Months", "4 Years and 8 Months", "4 Years and 9 Months", "5 Years and 0 Months", "5 Years and 1 Months", "5 Years and 10 Months", "5 Years and 11 Months", "5 Years and 2 Months", "5 Years and 3 Months", "5 Years and 4 Months", "5 Years and 5 Months", "5 Years and 6 Months", "5 Years and 8 Months", "5 Years and 9 Months", "6 Years and 0 Months", "6 Years and 1 Months", "6 Years and 10 Months", "6 Years and 11 Months", "6 Years and 2 Months", "6 Years and 3 Months", "6 Years and 4 Months", "6 Years and 5 Months", "6 Years and 6 Months", "6 Years and 8 Months", "6 Years and 9 Months", "7 Years and 0 Months", "7 Years and 1 Months", "7 Years and 10 Months", "7 Years and 11 Months", "7 Years and 2 Months", "7 Years and 3 Months", "7 Years and 4 Months", "7 Years and 5 Months", "7 Years and 6 Months", "7 Years and 8 Months", "7 Years and 9 Months", "8 Years and 0 Months", "8 Years and 1 Months", "8 Years and 10 Months", "8 Years and 11 Months", "8 Years and 2 Months", "8 Years and 3 Months", "8 Years and 4 Months", "8 Years and 5 Months", "8 Years and 6 Months", "8 Years and 7 Months", "8 Years and 8 Months", "8 Years and 9 Months", "9 Years and 0 Months", "9 Years and 1 Months", "9 Years and 10 Months", "9 Years and 11 Months", "9 Years and 2 Months", "9 Years and 3 Months", "9 Years and 4 Months", "9 Years and 5 Months", "9 Years and 6 Months", "9 Years and 7 Months", "9 Years and 8 Months", "9 Years and 9 Months"], ["Very_High"]]
